id,item_id,name,topic,statute,statute_ids,summary,requirements,category,jurisdiction,is_applicable,origination_date,effective_date,last_updated,last_verified,next_review_date,filing_deadlines,reporting_frequency,agency_url,agency_name,agency_contact,agency_department,regulation_url,requirements_url,submission_guide_url,forms_url,submission_guidelines,regulation_text,applicable_forms,related_regulations,compliance_notes,verification_method,notification_schedule,sources,version_number,previous_version_id,version_date,change_summary,is_current,version_metadata,state_code,state_agency,actions,dro,notification_override,sections
4461,REG1982,Higher Education Act: Institutional and Financial Assistance Information for Students,Academic Programs,20 U.S.C. 1092,1605,"Among other things, requires the following annual disclosures to enrolled and prospective students:
f) diversity statistics;
g) retention rates;
h) employment placement data; and
i) fire safety report.
c) transfer of credit policies;

Additional Information:
Among other things, requires the following annual disclosures to enrolled and prospective students:
f) diversity statistics;
g) retention rates;
h) employment placement data; and
i) fire safety report.
c) transfer of credit policies;","No deadline is mandated, but October 1 annually is suggested.

Additional Requirements:
No deadline is mandated, but October 1 annually is suggested.",Academic Programs,federal,t,,,2025-03-06 14:29:46.035,,,,"No deadline is mandated, but October 1 annually is suggested.",https://www.ed.gov,Department of Education,"","","","","","","No deadline is mandated, but October 1 annually is suggested.","",,,"","",,,1,,2025-03-07 15:21:09.709673,,t,,,,"[{""type"": ""attestation"", ""status"": ""pending"", ""enabled"": true, ""required"": false}, {""type"": ""website_publish"", ""status"": ""pending"", ""enabled"": true, ""required"": false}, {""type"": ""community_communication"", ""status"": ""pending"", ""enabled"": true, ""required"": false}, {""type"": ""agency_submission"", ""status"": ""pending"", ""enabled"": true, ""required"": false}]","",,
4755,REG-1741205494332,Regulation ID OSHA-2024-001,Workplace Safety Standards,Referenced under the Occupational Safety and Health Act of 1970,"","This regulation, OSHA-2024-001, is a proposal to enhance workplace safety standards across various industries. It aims to update existing safety protocols and introduce new measures to ensure that workplaces are safe and conducive for all employees, focusing on reducing workplace hazards and preventing work-related injuries and illnesses.","Key requirements include mandatory risk assessments for job roles, implementation of more rigorous safety training programs, updated safety gear compliance standards, and regular safety audits conducted by certified inspectors. Employers must submit safety compliance reports semi-annually.",Workplace Safety,federal,t,,,2025-03-05 20:11:34.332,2025-03-05 20:11:34.332,2026-03-05 20:11:34.332,,"",https://www.osha.gov,Occupational Safety and Health Administration,"",U.S. Department of Labor,"","","","",,"",,,"","",,,1,,2025-03-07 15:21:09.709673,,t,,,,"[{""type"": ""attestation"", ""status"": ""pending"", ""enabled"": true, ""required"": false}, {""type"": ""website_publish"", ""status"": ""pending"", ""enabled"": true, ""required"": false}, {""type"": ""community_communication"", ""status"": ""pending"", ""enabled"": true, ""required"": false}, {""type"": ""agency_submission"", ""status"": ""pending"", ""enabled"": true, ""required"": false}]","",,
4852,PA-paDeptEd-1741813212673,Untitled Regulation,Higher Education,"",,"RESOURCES ON COVID-19 (CORONAVIRUS) IN PENNSYLVANIA FOR SACC Announcement from Thursday, August 26, 2020
Non-Licensed Part-Day School Age Child Care Program or Learning Pod Notification of Operation (PDF)
Notification of Operation as Non-Licensed School Age Provider form (PDF)
Information and Resources for Families Searching for School-Age Child Care Programs During COVID-19
Families Who Need School-Aged Child Care During COVID-19 (PDF)
Resources for Child Care and Education of School-Age Childr","RESOURCES ON COVID-19 (CORONAVIRUS) IN PENNSYLVANIA FOR SACC Announcement from Thursday, August 26, 2020
Non-Licensed Part-Day School Age Child Care Program or Learning Pod Notification of Operation (PDF)
Notification of Operation as Non-Licensed School Age Provider form (PDF)
Information and Resources for Families Searching for School-Age Child Care Programs During COVID-19
Families Who Need School-Aged Child Care During COVID-19 (PDF)
Resources for Child Care and Education of School-Age Children due to COVID-19 (PDF)
More Family Resources on PA’s Promise for Children
Information and Resources for School-Age Child Care Programs for the 2020-21 School Year
Licensed school-age child care (SACC) programs should be prepared to support students when local schools move to remote or blended learning throughout the 2020-21 school year due to the pandemic. Below are considerations for school-age programs regarding what schools and families may be expecting from SACC programs this school year.
Guidance for non-licensed community-based entities planning to care for or supervise school-age children during the 2020-2021 school year is available in this August 26 announcement (link coming soon).
Have Wi-Fi available for students so they can complete online school work within the facility. Ensure there is enough bandwidth and internet speed to allow for all children to engage in online learning.
Have staff in school-age classrooms who are comfortable with technology to facilitate and support online learning.
Establish policies for children to bring and use technology in your facility (ex. laptops, iPads).
Partner with families and share how you can support their child’s remote learning in your facility.
Program staff should understand which academic activities are required, which are optional, and which have specific timing (such as for live-stream content) or equipment needs, and then build daily and weekly schedules to coordinate the students’ engagement with online learning or printed educational materials.
Decide how you will group children and what spaces will be used for children who will be at your facility only 2-3 days per week due to their public, private or religious school implementing blended instruction.
To minimize the spread of the disease, classes should include the same group of children and staff each day.
Provide developmentally appropriate recreation and physical activities while maintaining distance between students and staff, as well as a balance of quiet and active periods and remote learning. Background noise should be kept to a minimum when students are online or engaged in other forms of remote learning.
As public conversations around COVID-19 increase, children may worry about themselves, their family, and friends getting ill. Staff play an important role in helping children make sense of what they hear in a way that is honest, accurate, and minimizes anxiety or fear. The CDC has created guidance to help adults talk to children about COVID-19 and ways they can avoid getting and spreading the disease.
Children may have additional special needs that are not typically or easily addressed in a school-age setting, and providers may need to build partnerships with other community organizations to meet the needs of every child. There will need to be flexibility and significant communication on all sides to promote what is best for each student.
Public schools post their Health and Safety plans, which includes the types of instructional models they will be using, to their websites. However, due to the evolving pandemic, plans may change weekly. If you would like more information regarding changing policies, schedules, or opportunities to coordinate support for school-age children, contact schools directly and ask to speak with the Pandemic Coordinator. Links to the Health and Safety Plans submitted by public schools to the Pennsylvania Department of Education (PDE) are accessible through the PDE Health and Safety Plan Map.
Resources for School-Age Child Care Programs
Distance Learning Resources from The Early Childhood Learning and Knowledge Center: This resource provides students and staff information about distance learning from both student and staff perspectives.
Virtual Learning Guidance for Pre-K to Grade 3: This resource provides guidance for online learning for children Pre-K to Grade 3. It also provides online resources that support children’s learning.
Summary of National Response to COVID-19 and Continuity of Education for Early Years: This resource is a compilation of national resources that can support children’s learning within the different learning domains. This resource is focused on Pre-K to Grade 3.
Pennsylvania Key School Age Resources: The Pennsylvania Key provides resources to help support school age care programs.
Promoting Positive Learning Climates Online and at Home: The Pennsylvania Department of Education has compiled resources educators and parents can use to maintain a positive learning climate while students are physically separated from their teachers and classmates due to the COVID-19 school closures. The resource list is organized by the three elements of a positive learning climate: safety, support, and social and emotional learning.
Pennsylvania’s Learning Standards for Early Childhood: The standards are research-based according to age and development, and form the foundation for curriculum, assessment, instruction, and intervention within early care and education programs. The supportive practices within each learning standard may be relevant for staff providing care and education to students.
Additional School-Age Resources
The Pennsylvania Key
Environments, Relationships, Experiences
Building Resiliency
Guidance for Interaction with School-Age Children
Linkage between Building Resiliency and Student Outcomes
Resiliency Assessment for School-Age Children
Supervision Before and After School
Afterschool Alliance
COVID-19
Partnering with Schools to Re-Open
Stating The 5 Needs to Support Schools
“Tools to Build On: Creating constructive climates in out-of-school time” is a webinar series that covers how to bring out and build up supportive climates in afterschool and summer learning programs.
Center for Disease Control (CDC)
Adolescent Connectedness
Helping Children Cope
Planning for Virtual or In-Home Learning Checklist
Center on Positive Behavioral Intervention Services (PBIS) – Creating a Behavior Teaching Matrix for Remote Instruction
Center for Youth Wellness – Taking Care of You and Your Family: A Caregiver’s Toolkit
Collaborative for Academic, Social and Emotional Learning (CASEL) – Social Emotional Learning (SEL) Road Map for Re-opening School
Edutopia – What makes a successful tutor?
Institute of Education Sciences
Developmentally Appropriate Ways to Use Technology and Media with Young Children
Promoting a Safe and Secure Digital Learning Environment
Transitioning to Remote Learning
National AfterSchool Association
A Facilitators Guide to remote and socially distanced SEL Instruction in out of School Time
Code of Ethics for After School Professionals
Let’s Get Physical, But How?
Preventing and Preparing for COVID-19
Standards for Healthy Eating and Physical Activity in Out- Of-School Time
National Center for Quality Afterschool (SEDL)
Afterschool Training Toolkit
Building and Managing Afterschool Programs
Pennsylvania Department of Education (PDE): Standards Aligned System (SAS) – Online Resources for Instruction including COVID-19 and teaching remotely
Pennsylvania Statewide Afterschool Youth Development Network – Video: The Importance of Social Emotional Learning with the Reopening of Afterschool Programs
Search Institute – Checklist Building Developmental Relationships During the COVID-19 Crisis
U.S. Department of Agriculture: Food and Nutrition Services – Find Meals When School Is Closed
U.S. Department of Education
Helping Your Child Series
Using Educational Technology – 21st Century Supports for English Learners",Academic Programs,state,t,,,2025-03-13 22:32:48.369,2025-03-12 21:16:57.011,,,,https://www.education.pa.gov/Teachers%20-%20Administrators/School%20Services/Pages/default.aspx,paDeptEd,,paDeptEd,https://www.pakeys.org/sacc-coronavirus-resources/,,,,,,,,,,,"[{""url"": ""https://www.pakeys.org/sacc-coronavirus-resources/"", ""type"": ""web-scrape"", ""lastChecked"": ""2025-03-12T21:16:57.011Z""}]",2,4852,2025-03-12 21:00:12.561558,,t,,PA,paDeptEd,"[{""type"": ""attestation"", ""status"": ""completed"", ""enabled"": true, ""required"": true}, {""type"": ""website_publish"", ""status"": ""in_progress"", ""enabled"": true, ""required"": true}, {""type"": ""community_communication"", ""status"": ""in_progress"", ""enabled"": true, ""required"": false}, {""type"": ""agency_submission"", ""status"": ""pending"", ""enabled"": true, ""required"": false}]","",,
4850,PA-paDeptEd-1741813075521,default,Higher Education,"",,"School Guidance and Resources
Office of Elementary and Secondary Education (OESE) Annual Calendar
Office of Elementary and Secondary Education (OESE) Contacts
School Services Office
The School Services Office serves as a central point of inquiry for advice and assistance to school administrators regarding school law, regulations, and related programs, services, and policies. The office also responds to parent inquiries and handles student enrollment complaints.
Topics we frequently address in ad","School Guidance and Resources
Office of Elementary and Secondary Education (OESE) Annual Calendar
Office of Elementary and Secondary Education (OESE) Contacts
School Services Office
The School Services Office serves as a central point of inquiry for advice and assistance to school administrators regarding school law, regulations, and related programs, services, and policies. The office also responds to parent inquiries and handles student enrollment complaints.
Topics we frequently address in addition to those that appear below include: non-weather related emergency school closings, grievance procedures, teacher work stoppages, ward of state determination, Commissions (for superintendents, assistants, and IU executive directors), compulsory attendance, and truancy elimination.
Allegations of Curriculum Deficiencies
Clearances/Background Checks
Child Labor Law
Flexible Instructional Days (FID)
Home Education and Private Tutoring
Homebound Instruction
Interscholastic Athletic Opportunity Disclosure
Opportunity Scholarship Tax Credit Program (OSTCP)
School Reconfigurations
Basic Education Circulars (BECs)
Enrollment of Students
Instructional Time
Military Access to Secondary Students
All BECs Listing
Contact Us
Background Checks: 717-783-3750 or ra-PDE-SchoolService@pa.gov
All other questions: 717-787-4860
COVID-19 Resources for School Communities
Coronavirus (COVID-19) mitigation ​efforts have required school communities to work within changing, complex circumstances and unprecedented situations. The Pennsylvania Department of Education is committed to offering guidance and resources to support and help protect school communities during this pandemic.
COVID-19 Inquiry Contact
Resources for Pre-K to 12 Schools
Roadmap for Education Leaders
Accelerated Learning
School Age Child Care Programs
Health and Safety Plans
State Mandated Training Timeline
Resources for Postsecondary and Adult Education
Access a list of county an​d municipal health department websites in Pennsylvania, compiled and housed on the Pennsylvania Department of Health's website.
COVID-19 Vaccine Challenge
Governor's Emergency Education Relief Funds (GEER)
Information on the distribution of Governor's Emergency Education Relief (GEER) Funds to schools in Pennsylvania during COVID-19.
Learn more about GEER Funds
Elementary and Secondary School Emergency Relief (ESSER) Funds
Information on the distribution of Elementary and Secondary School Emergency Relief (ESSER) Funds to schools in Pennsylvania during COVID-19.
More information about ESSER Funding",Student Life,state,t,,,2025-03-24 21:55:31.9,2025-03-12 21:16:50.304,,,,https://www.education.pa.gov/Teachers%20-%20Administrators/School%20Services/Pages/default.aspx,paDeptEd,,paDeptEd,https://www.education.pa.gov/Teachers%20-%20Administrators/School%20Services/Pages/default.aspx,,,,,,,,,,,"[{""url"": ""https://www.education.pa.gov/Teachers%20-%20Administrators/School%20Services/Pages/default.aspx"", ""type"": ""web-scrape"", ""lastChecked"": ""2025-03-12T21:16:50.304Z""}]",3,4850,2025-03-12 20:57:55.409354,,t,,PA,paDeptEd,"[{""type"": ""attestation"", ""status"": ""completed"", ""enabled"": true, ""required"": true, ""completedAt"": ""2025-03-21T14:11:26.816Z"", ""completedBy"": {""userId"": 6, ""fullName"": ""David Brandes"", ""username"": ""dvdbrnds""}, ""completedDate"": ""2025-03-21T14:11:26.816Z""}, {""type"": ""website_publish"", ""status"": ""completed"", ""enabled"": true, ""required"": true}, {""type"": ""community_communication"", ""status"": ""in_progress"", ""enabled"": true, ""required"": true}, {""type"": ""agency_submission"", ""status"": ""in_progress"", ""enabled"": true, ""required"": false}]","",,
4479,REG3216,Tax Cuts and Jobs Act of 2017 (endowment excise tax),Accounting,"","","Imposes a 1.4 percent excise tax on the net investment income of private institutions that:

 	Have at least 500 students

 	Have more than 50% of students located in the U.S.

 	Have assets valued at the close of the preceding tax year of at least $500,000 per full-time student.","",Finance,federal,t,,,2018-10-17 00:00:00,,,,"","",,"","","","","","","","",,,"","",,,1,,2025-03-07 15:21:09.709673,,t,,,,"[{""type"": ""attestation"", ""status"": ""pending"", ""enabled"": true, ""required"": false}, {""type"": ""website_publish"", ""status"": ""pending"", ""enabled"": true, ""required"": false}, {""type"": ""community_communication"", ""status"": ""pending"", ""enabled"": true, ""required"": false}, {""type"": ""agency_submission"", ""status"": ""pending"", ""enabled"": true, ""required"": false}]","",,
4487,REG1800,Higher Education Act: Readmission Requirements for Servicemembers,Admissions,20 U.S.C. § 1091c,3962,"Requires that the University readmit students who left in order to join the military. The student must be readmitted in the same academic status. Generally, the length of absence cannot be greater than five (5) years. Exceptions to this law include those veterans receiving a dishonorable discharge or bad conduct charge, those who were court marshaled, and those who the University is reasonably unable to prepare to resume or complete their program.","",Academic Programs,federal,t,,,2014-01-24 00:00:00,,,,"",https://www.ed.gov,Department of Education,"","","","","","","","",,,"","",,,1,,2025-03-07 15:21:09.709673,,t,,,,"[{""type"": ""attestation"", ""status"": ""pending"", ""enabled"": true, ""required"": false}, {""type"": ""website_publish"", ""status"": ""pending"", ""enabled"": true, ""required"": false}, {""type"": ""community_communication"", ""status"": ""pending"", ""enabled"": true, ""required"": false}, {""type"": ""agency_submission"", ""status"": ""pending"", ""enabled"": true, ""required"": false}]","",,
4756,REG-1741205499383,EDU-2024-001 Regulation,Higher Education Financial Assistance,20 U.S.C. § 1070 et seq.,"","This regulation aims to update and improve the administration of federal financial aid programs for higher education institutions. It establishes clearer guidelines for eligibility, application processes, and the distribution of financial aid to enhance accessibility and transparency for students and families.","Key requirements include the need for institutions to report financial aid distribution data, ensure compliance with Title IV eligibility criteria, and maintain comprehensive records of student aid applications and disbursements. Institutions must also provide annual training for staff handling financial aid to ensure compliance with the updated regulations.",Financial Aid Administration,federal,t,,,2025-03-05 20:11:39.383,2025-03-05 20:11:39.383,2026-03-05 20:11:39.383,,"",https://www.ed.gov,U.S. Department of Education,"",Office of Federal Student Aid,"","","","",,"",,,"","",,,1,,2025-03-07 15:21:09.709673,,t,,,,"[{""type"": ""attestation"", ""status"": ""pending"", ""enabled"": true, ""required"": false}, {""type"": ""website_publish"", ""status"": ""pending"", ""enabled"": true, ""required"": false}, {""type"": ""community_communication"", ""status"": ""pending"", ""enabled"": true, ""required"": false}, {""type"": ""agency_submission"", ""status"": ""pending"", ""enabled"": true, ""required"": false}]","",,
4775,REG-1741273099760,Family Educational Rights and Privacy Act (FERPA) 2024 Update,Education Rights,20 U.S.C. § 1232g,"","The FERPA 2024 Update is a revision of the original FERPA regulations, aiming to further protect the privacy of student education records. It provides guidelines for educational institutions, both schools and colleges, on the disclosure of student information. It also allows students and parents to access their education records and request corrections if necessary.","Educational institutions are required to comply by protecting student education records, limiting disclosure without consent, and providing students and parents access to their own records. Institutions must have a written policy regarding the sharing and protection of student records. They must also provide training to staff on privacy and data protection.",Student Services,federal,t,,,2025-03-06 14:58:19.76,2025-03-06 14:58:19.76,2026-03-06 14:58:19.76,,"",https://www.ed.gov/,U.S. Department of Education,"",Office for Civil Rights (OCR),"","","","",,"",,,"","",,,1,,2025-03-07 15:21:09.709673,,t,,,,"[{""type"": ""attestation"", ""status"": ""pending"", ""enabled"": true, ""required"": false}, {""type"": ""website_publish"", ""status"": ""pending"", ""enabled"": true, ""required"": false}, {""type"": ""community_communication"", ""status"": ""pending"", ""enabled"": true, ""required"": false}, {""type"": ""agency_submission"", ""status"": ""pending"", ""enabled"": true, ""required"": false}]","",,
4510,REG1981,Davis-Bacon Act,Contracts & Procurement,"40 U.S.C. §§ 3141- 3144, 3146, 3147",1688,"All laborers and mechanics employed by contractors or subcontractors to work on construction contracts in excess of $2,000 financed by federal assistance funds must be paid wages not less than those established for the locality of the project (prevailing wage rates) by the Department of Labor. In construction contracts subject to the Davis-Bacon Act, institutions must include a provision requiring that the contractor or subcontractor comply with the requirements of the Act and applicable regulations.

Additional Information:
All laborers and mechanics employed by contractors or subcontractors to work on construction contracts in excess of $2,000 financed by federal assistance funds must be paid wages not less than those established for the locality of the project (prevailing wage rates) by the Department of Labor. In construction contracts subject to the Davis-Bacon Act, institutions must include a provision requiring that the contractor or subcontractor comply with the requirements of the Act and applicable regulations.",No specific requirements provided,Finance,federal,t,,,2025-03-06 14:29:58.71,,,,"",,,"","","","","","","","",,,"","",,,1,,2025-03-07 15:21:09.709673,,t,,,,"[{""type"": ""attestation"", ""status"": ""pending"", ""enabled"": true, ""required"": false}, {""type"": ""website_publish"", ""status"": ""pending"", ""enabled"": true, ""required"": false}, {""type"": ""community_communication"", ""status"": ""pending"", ""enabled"": true, ""required"": false}, {""type"": ""agency_submission"", ""status"": ""pending"", ""enabled"": true, ""required"": false}]","",,
4520,REG1820,Higher Education Act: Institutional and financial assistance information for students,Copyright & Trademark,20 U.S.C. § 1092(a)(1)(P),"3368,1742",Requires the following disclosures to enrolled students: (a) Policies/sanctions for copyright infringement; and (b) annual disclosure detailing federal copyright penalties.,"No deadline is mandated, but September 1 is suggested.",Academic Programs,federal,t,,,2018-12-17 00:00:00,,,,"No deadline is mandated, but September 1 is suggested.",https://www.ed.gov,Department of Education,"","","","","","","No deadline is mandated, but September 1 is suggested.","",,,"","",,,1,,2025-03-07 15:21:09.709673,,t,,,,"[{""type"": ""attestation"", ""status"": ""pending"", ""enabled"": true, ""required"": false}, {""type"": ""website_publish"", ""status"": ""pending"", ""enabled"": true, ""required"": false}, {""type"": ""community_communication"", ""status"": ""pending"", ""enabled"": true, ""required"": false}, {""type"": ""agency_submission"", ""status"": ""pending"", ""enabled"": true, ""required"": false}]","",,
4532,REG1904,Equal Employment Opportunity,Discrimination,Executive Order 11246 (OFCCP),1737,"Federal contractors must not discriminate in employment decisions on the basis of race, religion, color, sex, or national origin.

 	Covered institutions must take affirmative action to ensure applicants are treated without regard to such factors.

Additional Information:
Federal contractors must not discriminate in employment decisions on the basis of race, religion, color, sex, or national origin.

 	Covered institutions must take affirmative action to ensure applicants are treated without regard to such factors.",No specific requirements provided,Human Resources,federal,t,,,2025-03-06 14:30:03.969,,,,"",https://www.dol.gov,Department of Labor,"","","","","","","","",,,"","",,,1,,2025-03-07 15:21:09.709673,,t,,,,"[{""type"": ""attestation"", ""status"": ""pending"", ""enabled"": true, ""required"": false}, {""type"": ""website_publish"", ""status"": ""pending"", ""enabled"": true, ""required"": false}, {""type"": ""community_communication"", ""status"": ""pending"", ""enabled"": true, ""required"": false}, {""type"": ""agency_submission"", ""status"": ""pending"", ""enabled"": true, ""required"": false}]","",,
4548,REG1831,Genetic Information Non-Discrimination Act of 2008,Diversity/Affirmative Action,Public Law No. 110-233,1765,"Prohibits use of genetic information in employment decision-making.

 	Requires that genetic information be maintained as a confidential medical record, and places strict limits on disclosure of genetic information.

Additional Information:
Prohibits use of genetic information in employment decision-making.

 	Requires that genetic information be maintained as a confidential medical record, and places strict limits on disclosure of genetic information.",No specific requirements provided,Human Resources,federal,t,,,2025-03-06 14:30:07.987,,,,"",https://www.dol.gov,Department of Labor,"","","","","","","","",,,"","",,,1,,2025-03-07 15:21:09.709673,,t,,,,"[{""type"": ""attestation"", ""status"": ""pending"", ""enabled"": true, ""required"": false}, {""type"": ""website_publish"", ""status"": ""pending"", ""enabled"": true, ""required"": false}, {""type"": ""community_communication"", ""status"": ""pending"", ""enabled"": true, ""required"": false}, {""type"": ""agency_submission"", ""status"": ""pending"", ""enabled"": true, ""required"": false}]","",,
4488,REG3221,Section 504 of The Rehabilitation Act of 1973,Admissions,29 U.S.C. § 794,3963,"Prohibits discrimination on the basis of disability at any federally-funded institution. This covers admissions, recruitment, educational and/or academic programs and services, housing and non-academic programs and services such as counseling, placement, physical education and athletics, student clubs and organizations. This list is not exhaustive.","",Academic Programs,federal,t,,,2018-10-17 00:00:00,,,,"",https://www.ed.gov,Department of Education,"","","","","","","","",,,"","",,,1,,2025-03-07 15:21:09.709673,,t,,,,"[{""type"": ""attestation"", ""status"": ""pending"", ""enabled"": true, ""required"": false}, {""type"": ""website_publish"", ""status"": ""pending"", ""enabled"": true, ""required"": false}, {""type"": ""community_communication"", ""status"": ""pending"", ""enabled"": true, ""required"": false}, {""type"": ""agency_submission"", ""status"": ""pending"", ""enabled"": true, ""required"": false}]","",,
4489,REG1993,Title IX of the Education Amendment of 1972,Admissions,20 U.S.C. §§ 1681-1688,1633,"Prohibits discrimination on the basis of sex in the admission of education programs or activities receiving federal financial assistance including employment.

 	Under the Title IX common rule, a recipient may not discriminate against any person on the basis of sex in the counseling or guidance of students or applicants for admission. Specifically, in appraising or counseling students, a recipient must not use different testing or other materials on the basis of sex or use materials that permit or require different treatment of students on the basis of sex. Such different materials may be used, however, where they cover the same occupational interest areas and their use is shown to be essential to eliminate sex bias.

 	Any grievance records relating to a Title IX violation or complaint must be retained for the period of time cited in state law for personal injury actions.","",Academic Programs,federal,t,,,2014-01-24 00:00:00,,,,"",https://www.ed.gov,Department of Education,"","","","","","","","",,,"","",,,1,,2025-03-07 15:21:09.709673,,t,,,,"[{""type"": ""attestation"", ""status"": ""pending"", ""enabled"": true, ""required"": false}, {""type"": ""website_publish"", ""status"": ""pending"", ""enabled"": true, ""required"": false}, {""type"": ""community_communication"", ""status"": ""pending"", ""enabled"": true, ""required"": false}, {""type"": ""agency_submission"", ""status"": ""pending"", ""enabled"": true, ""required"": false}]","",,
4764,REG-1741272396558,"Americans with Disabilities Act (ADA) Amendments Act of 2024, Section 001",Disability Rights and Accessibility,42 U.S.C. § 12101 et seq.,"","This regulation outlines the rights of individuals with disabilities to have equal access to public facilities, services, and accommodations. It also provides guidelines for businesses and organizations for implementing accessible features and practices.","Public facilities, services, and organizations must be accessible to individuals with disabilities. Reasonable accommodations must be provided upon request. Penalties for non-compliance can include fines and legal action.",Human Resources,federal,t,,,2025-03-06 14:46:36.558,2025-03-06 14:46:36.558,2026-03-06 14:46:36.558,,"",https://www.ed.gov,U.S. Department of Education,"",Office for Civil Rights,"","","","",,"",,,"","",,,1,,2025-03-07 15:21:09.709673,,t,,,,"[{""type"": ""attestation"", ""status"": ""pending"", ""enabled"": true, ""required"": false}, {""type"": ""website_publish"", ""status"": ""pending"", ""enabled"": true, ""required"": false}, {""type"": ""community_communication"", ""status"": ""pending"", ""enabled"": true, ""required"": false}, {""type"": ""agency_submission"", ""status"": ""pending"", ""enabled"": true, ""required"": false}]","",,
4490,REG1801,Title VI of the Civil Rights Act of 1964,Admissions,42 U.S.C. §§ 2000d-2000d-7,1704,"Prohibits discrimination based on race, color, or national origin in the admission of educational and/or academic programs or activities receiving federal financial assistance.","",Academic Programs,federal,t,,,2014-01-24 00:00:00,,,,"",https://www.ed.gov,Department of Education,"","","","","","","","",,,"","",,,1,,2025-03-07 15:21:09.709673,,t,,,,"[{""type"": ""attestation"", ""status"": ""pending"", ""enabled"": true, ""required"": false}, {""type"": ""website_publish"", ""status"": ""pending"", ""enabled"": true, ""required"": false}, {""type"": ""community_communication"", ""status"": ""pending"", ""enabled"": true, ""required"": false}, {""type"": ""agency_submission"", ""status"": ""pending"", ""enabled"": true, ""required"": false}]","",,
4829,REG-1741278564686,Title IX of the Education Amendments of 1972; a Policy Interpretation; Title IX and Intercollegiate Athletics,Civil Rights,45 CFR Part 86,"","The regulation interprets Title IX of the Education Amendments of 1972, prohibiting sex discrimination in educational programs. It provides guidance on compliance in intercollegiate athletics, including financial assistance, program areas, and meeting the interests and abilities of male and female students.","Compliance in Financial Assistance: Financial aid should be available proportionately to male and female participants. Compliance in Other Program Areas: Male and female athletes should receive equivalent treatment, benefits, and opportunities. Compliance in Meeting the Interests and Abilities: Athletic interests and abilities of male and female students must be equally accommodated.",Civil Rights,federal,t,,,2025-03-06 16:29:24.686,2025-03-06 16:29:24.686,2026-03-06 16:29:24.686,,"",https://www.ed.gov/about/offices/list/ocr/docs/t9interp.html#skipnav2,U.S. Department of Education,"",Office for Civil Rights,"","","","",,"",,,"","",,,1,,2025-03-07 15:21:09.709673,,t,,,,"[{""type"": ""attestation"", ""status"": ""pending"", ""enabled"": true, ""required"": false}, {""type"": ""website_publish"", ""status"": ""pending"", ""enabled"": true, ""required"": false}, {""type"": ""community_communication"", ""status"": ""pending"", ""enabled"": true, ""required"": false}, {""type"": ""agency_submission"", ""status"": ""pending"", ""enabled"": true, ""required"": false}]","",,
4588,REG3656,OSHA’s  Emergency Action Plan Standard,Environmental Health and Safety,"","",The University must have a written emergency action plan kept in the workplace and available for employee review upon request.,Not Applicable,Campus Safety,federal,t,,,2020-03-03 00:00:00,,,,Not Applicable,https://www.dol.gov,Department of Labor,"","","","","","",Not Applicable,"",,,"","",,,1,,2025-03-07 15:21:09.709673,,t,,,,"[{""type"": ""attestation"", ""status"": ""pending"", ""enabled"": true, ""required"": false}, {""type"": ""website_publish"", ""status"": ""pending"", ""enabled"": true, ""required"": false}, {""type"": ""community_communication"", ""status"": ""pending"", ""enabled"": true, ""required"": false}, {""type"": ""agency_submission"", ""status"": ""pending"", ""enabled"": true, ""required"": false}]","",,
4603,REG3639,"Restrictions on Former Officers, Employees, and Elected Officials of the Executive and Legislative",Ethics,18 U.S.C. § 207,3640,May limit the activities of individuals after they leave Federal Government service (or after they leave certain high-level positions).,"",Human Resources,federal,t,,,2020-03-02 00:00:00,,,,"",https://www.dol.gov,Department of Labor,"","","","","","","","",,,"","",,,1,,2025-03-07 15:21:09.709673,,t,,,,"[{""type"": ""attestation"", ""status"": ""pending"", ""enabled"": true, ""required"": false}, {""type"": ""website_publish"", ""status"": ""pending"", ""enabled"": true, ""required"": false}, {""type"": ""community_communication"", ""status"": ""pending"", ""enabled"": true, ""required"": false}, {""type"": ""agency_submission"", ""status"": ""pending"", ""enabled"": true, ""required"": false}]","",,
4604,REG3641,Salary of Government Officials and Employees Payable Only by United States,Ethics,18 U.S.C. § 209,3642,Prohibits employees from being paid by someone other than the United States for doing their official Government duties.,"",Human Resources,federal,t,,,2020-03-02 00:00:00,,,,"",https://www.dol.gov,Department of Labor,"","","","","","","","",,,"","",,,1,,2025-03-07 15:21:09.709673,,t,,,,"[{""type"": ""attestation"", ""status"": ""pending"", ""enabled"": true, ""required"": false}, {""type"": ""website_publish"", ""status"": ""pending"", ""enabled"": true, ""required"": false}, {""type"": ""community_communication"", ""status"": ""pending"", ""enabled"": true, ""required"": false}, {""type"": ""agency_submission"", ""status"": ""pending"", ""enabled"": true, ""required"": false}]","",,
4609,REG1866,International Traffic in Arms Regulations (ITAR),Export Controls,22 U.S.C. § 2778,1638,"The International Traffic in Arms Regulations govern the export of defense articles and defense services, i.e. those items with a military application.  The licensing conditions for materials covered as military products and technology are set forth at  22 U.S.C. § 2778.

 	The Department of State administers this law.","",Research,federal,t,,,2014-01-25 00:00:00,,,,"","",,"","","","","","","","",,,"","",,,1,,2025-03-07 15:21:09.709673,,t,,,,"[{""type"": ""attestation"", ""status"": ""pending"", ""enabled"": true, ""required"": false}, {""type"": ""website_publish"", ""status"": ""pending"", ""enabled"": true, ""required"": false}, {""type"": ""community_communication"", ""status"": ""pending"", ""enabled"": true, ""required"": false}, {""type"": ""agency_submission"", ""status"": ""pending"", ""enabled"": true, ""required"": false}]","",,
4610,REG1867,Trading with the Enemy Act of 1917,Export Controls,22 U.S.C. § 7201-7211,"1639,3952",Grants statutory authority to president to impose sanctions during times of war.,"",Research,federal,t,,,2014-01-25 00:00:00,,,,"","",,"","","","","","","","",,,"","",,,1,,2025-03-07 15:21:09.709673,,t,,,,"[{""type"": ""attestation"", ""status"": ""pending"", ""enabled"": true, ""required"": false}, {""type"": ""website_publish"", ""status"": ""pending"", ""enabled"": true, ""required"": false}, {""type"": ""community_communication"", ""status"": ""pending"", ""enabled"": true, ""required"": false}, {""type"": ""agency_submission"", ""status"": ""pending"", ""enabled"": true, ""required"": false}]","",,
4633,REG1881,Student Loan Default Prevention Initiative Act of 1990,Financial Aid,20 U.S.C. §§ 1001-1019d,1629,Renders institutions with high default rates on student loans ineligible to participate in certain student loan programs.,"",Finance,federal,t,,,2014-01-25 00:00:00,,,,"",https://www.ed.gov,Department of Education,"","","","","","","","",,,"","",,,1,,2025-03-07 15:21:09.709673,,t,,,,"[{""type"": ""attestation"", ""status"": ""pending"", ""enabled"": true, ""required"": false}, {""type"": ""website_publish"", ""status"": ""pending"", ""enabled"": true, ""required"": false}, {""type"": ""community_communication"", ""status"": ""pending"", ""enabled"": true, ""required"": false}, {""type"": ""agency_submission"", ""status"": ""pending"", ""enabled"": true, ""required"": false}]","",,
4636,REG1883,Title IX of the Education Amendment of 1972,Financial Aid,20 U.S.C. §§ 1681-1688,1633,"When a recipient provides financial assistance to any student participating in an educational program or activity, the recipient must ensure that it does not provide different types or amounts of assistance, limit eligibility for such assistance, apply different criteria, or otherwise discriminate in the provision of financial assistance on the basis of sex.

 	Any grievance records relating to a Title IX violation or complaint must be retained for the period of time cited in state law for personal injury actions.","",Academic Programs,federal,t,,,2014-01-25 00:00:00,,,,"",https://www.ed.gov,Department of Education,"","","","","","","","",,,"","",,,1,,2025-03-07 15:21:09.709673,,t,,,,"[{""type"": ""attestation"", ""status"": ""pending"", ""enabled"": true, ""required"": false}, {""type"": ""website_publish"", ""status"": ""pending"", ""enabled"": true, ""required"": false}, {""type"": ""community_communication"", ""status"": ""pending"", ""enabled"": true, ""required"": false}, {""type"": ""agency_submission"", ""status"": ""pending"", ""enabled"": true, ""required"": false}]","",,
4647,REG2008,Department of Education General Administrative Regulations and Other Applicable Grant Regulations,Grants Management,Department of Education General Administrative Regulations and Other Applicable Grant Regulations,,"The Department of Education's General Administrative Regulations (EDGAR) regulate the administration of grants and agreements with certain programs, including direct grant programs, state administered programs, drug and alcohol abuse prevention programs, and research involving human subjects.

 	For awards made prior to 12/26/2014, EDGAR parts 74 and 80 (related to administration of grants and agreements with institutions of higher education and with state and local governments) still apply (to view prior versions of the CFR and for additional explanation, visit here). For awards made on or after 12/26/2014, 2 CFR Part 200, which includes the substance formerly in parts 74 and 80, applies.

Additional Information:
The Department of Education's General Administrative Regulations (EDGAR) regulate the administration of grants and agreements with certain programs, including direct grant programs, state administered programs, drug and alcohol abuse prevention programs, and research involving human subjects.

 	For awards made prior to 12/26/2014, EDGAR parts 74 and 80 (related to administration of grants and agreements with institutions of higher education and with state and local governments) still apply (to view prior versions of the CFR and for additional explanation, visit here). For awards made on or after 12/26/2014, 2 CFR Part 200, which includes the substance formerly in parts 74 and 80, applies.",No specific requirements provided,Research,federal,t,,,2025-03-06 14:30:27.913,,,,"",,,"","","","","","","","",,,"","",,,1,,2025-03-07 15:21:09.709673,,t,,,,"[{""type"": ""attestation"", ""status"": ""pending"", ""enabled"": true, ""required"": false}, {""type"": ""website_publish"", ""status"": ""pending"", ""enabled"": true, ""required"": false}, {""type"": ""community_communication"", ""status"": ""pending"", ""enabled"": true, ""required"": false}, {""type"": ""agency_submission"", ""status"": ""pending"", ""enabled"": true, ""required"": false}]","",,
4672,REG1940,Junk Fax Prevention Act of 2005,Information Technology,Public Law 109–21,3966,"Applicable to non-profits, the Act provides that it is unlawful for the University to use a fax machine to send an unsolicited advertisement to another fax machine unless there is: 1) An established business relationship; 2) the sender obtained the fax number through voluntary communication with the recipient; and 3) the first page of the fax conspicuously states the recipient can request no further unsolicited communications.

 	Penalties include a right of private action for actual damages or $500 per fax, whichever greater, and can be increased if willful or knowing.","",Information Technology,federal,t,,,2014-01-26 00:00:00,,,,"","",,"","","","","","","","",,,"","",,,1,,2025-03-07 15:21:09.709673,,t,,,,"[{""type"": ""attestation"", ""status"": ""pending"", ""enabled"": true, ""required"": false}, {""type"": ""website_publish"", ""status"": ""pending"", ""enabled"": true, ""required"": false}, {""type"": ""community_communication"", ""status"": ""pending"", ""enabled"": true, ""required"": false}, {""type"": ""agency_submission"", ""status"": ""pending"", ""enabled"": true, ""required"": false}]","",,
4673,REG1941,No Electronic Theft Act,Information Technology,No Electronic Theft (NET) Act,1749,"Makes it a criminal offense to willfully infringe a copyright by sharing, as well as selling, pirated software with a retail value of $1,000 or more.

 	Offenders will be subject to up to five years in prison, and a $250,000 fine.","",Information Technology,federal,t,,,2014-01-26 00:00:00,,,,"","",,"","","","","","","","",,,"","",,,1,,2025-03-07 15:21:09.709673,,t,,,,"[{""type"": ""attestation"", ""status"": ""pending"", ""enabled"": true, ""required"": false}, {""type"": ""website_publish"", ""status"": ""pending"", ""enabled"": true, ""required"": false}, {""type"": ""community_communication"", ""status"": ""pending"", ""enabled"": true, ""required"": false}, {""type"": ""agency_submission"", ""status"": ""pending"", ""enabled"": true, ""required"": false}]","",,
4674,REG2021,Telemarketing,Information Technology,47 U.S.C. § 227,1719,"A tax-exempt nonprofit University is exempt from the Do-Not-Call-Registry, but may not call any residential telephone subscriber before 8 a.m. or after 9 p.m. local time at the called party's location.","",Information Technology,federal,t,,,2014-01-26 00:00:00,,,,"","",,"","","","","","","","",,,"","",,,1,,2025-03-07 15:21:09.709673,,t,,,,"[{""type"": ""attestation"", ""status"": ""pending"", ""enabled"": true, ""required"": false}, {""type"": ""website_publish"", ""status"": ""pending"", ""enabled"": true, ""required"": false}, {""type"": ""community_communication"", ""status"": ""pending"", ""enabled"": true, ""required"": false}, {""type"": ""agency_submission"", ""status"": ""pending"", ""enabled"": true, ""required"": false}]","",,
4707,REG1921,Federal Volunteer Protection Act,Recruitment Hiring & Termination,Public Law No. 105-19,"1750,1703",Partially protects individual volunteers for non-profit organizations and governmental entities from liability for acts of negligence in the course of their volunteer work.,"",Human Resources,federal,t,,,2014-01-26 00:00:00,,,,"",https://www.dol.gov,Department of Labor,"","","","","","","","",,,"","",,,1,,2025-03-07 15:21:09.709673,,t,,,,"[{""type"": ""attestation"", ""status"": ""pending"", ""enabled"": true, ""required"": false}, {""type"": ""website_publish"", ""status"": ""pending"", ""enabled"": true, ""required"": false}, {""type"": ""community_communication"", ""status"": ""pending"", ""enabled"": true, ""required"": false}, {""type"": ""agency_submission"", ""status"": ""pending"", ""enabled"": true, ""required"": false}]","",,
4708,REG1922,Immigration and Nationality Act,Recruitment Hiring & Termination,8 U.S.C. §§ 1101-1537,1733,"The INA, as amended, sets forth the laws governing the admission and employment of foreign nationals in the United States, including provisions that address employment eligibility and employment verification.","",Human Resources,federal,t,,,2014-01-26 00:00:00,,,,"",https://www.dol.gov,Department of Labor,"","","","","","","","",,,"","",,,1,,2025-03-07 15:21:09.709673,,t,,,,"[{""type"": ""attestation"", ""status"": ""pending"", ""enabled"": true, ""required"": false}, {""type"": ""website_publish"", ""status"": ""pending"", ""enabled"": true, ""required"": false}, {""type"": ""community_communication"", ""status"": ""pending"", ""enabled"": true, ""required"": false}, {""type"": ""agency_submission"", ""status"": ""pending"", ""enabled"": true, ""required"": false}]","",,
4725,REG1928,Qualified Pensions,Retirement,26 U.S.C. § 401,1647,"A qualified pension plan is a plan established and maintained by an employer primarily to provide systematically for the payment of definitely determinable benefits to his employees over a period of years, usually for life, after retirement. Retirement benefits generally are measured by, and based on, such factors as years of service and compensation received by the employees. The determination of the amount of retirement benefits and the contributions to provide such benefits are not dependent upon profits.",Reporting due by the Administrator by the last day of 7th month after end of plan year. An automatic extension of up to 2 months may be obtained by filing Form 5558 with the IRS before the return/report’s regular due date.,Human Resources,federal,t,,,2014-01-26 00:00:00,,,,Reporting due by the Administrator by the last day of 7th month after end of plan year. An automatic extension of up to 2 months may be obtained by filing Form 5558 with the IRS before the return/report’s regular due date.,https://www.dol.gov,Department of Labor,"","","","","","",Reporting due by the Administrator by the last day of 7th month after end of plan year. An automatic extension of up to 2 months may be obtained by filing Form 5558 with the IRS before the return/report’s regular due date.,"",,,"","",,,1,,2025-03-07 15:21:09.709673,,t,,,,"[{""type"": ""attestation"", ""status"": ""pending"", ""enabled"": true, ""required"": false}, {""type"": ""website_publish"", ""status"": ""pending"", ""enabled"": true, ""required"": false}, {""type"": ""community_communication"", ""status"": ""pending"", ""enabled"": true, ""required"": false}, {""type"": ""agency_submission"", ""status"": ""pending"", ""enabled"": true, ""required"": false}]","",,
4731,REG1959,Cafeteria Plans 26 U.S.C. § 125,Tax,"","","A cafeteria plan is a written plan that allows employees to exclude from gross income certain types of employer provided benefits, such as accident and health insurance, group term and life insurance, and benefits under a dependent care assistance program.
Qualified scholarships or tuition reduction, educational assistance or deferred compensation may not be excluded from income.
For purposes of determining the taxable year of inclusion, any benefit described in paragraph (1) or (2) from the statute shall be treated as received or accrued in the taxable year of the participant or key employee in which the plan year ends.","",Finance,federal,t,,,2014-01-26 00:00:00,,,,"","",,"","","","","","","","",,,"","",,,1,,2025-03-07 15:21:09.709673,,t,,,,"[{""type"": ""attestation"", ""status"": ""pending"", ""enabled"": true, ""required"": false}, {""type"": ""website_publish"", ""status"": ""pending"", ""enabled"": true, ""required"": false}, {""type"": ""community_communication"", ""status"": ""pending"", ""enabled"": true, ""required"": false}, {""type"": ""agency_submission"", ""status"": ""pending"", ""enabled"": true, ""required"": false}]","",,
4746,REG1971,Unrelated Business Income (UBIT),Tax,26 U.S.C. 511(a)(2),1643,"Unrelated business income is income from a trade or business, regularly carried on, that is not substantially related to the charitable, educational, or other purpose that is the basis of the organization's exemption.

 	An exempt organization that has $1,000 or more of gross income from an unrelated business must file Form 990-T. An organization must pay estimated tax if it expects its tax for the year to be $500 or more.  All other organizations must file Form 990-T by the 15th day of the 5th month after the end of their tax year.","",Finance,federal,t,,,2014-01-26 00:00:00,,,,"","",,"","","","","","","","",,,"","",,,1,,2025-03-07 15:21:09.709673,,t,,,,"[{""type"": ""attestation"", ""status"": ""pending"", ""enabled"": true, ""required"": false}, {""type"": ""website_publish"", ""status"": ""pending"", ""enabled"": true, ""required"": false}, {""type"": ""community_communication"", ""status"": ""pending"", ""enabled"": true, ""required"": false}, {""type"": ""agency_submission"", ""status"": ""pending"", ""enabled"": true, ""required"": false}]","",,
4760,REG-1741205613258,Family Educational Rights and Privacy Act of 2024,Student Privacy and Educational Records,20 U.S.C. § 1232g,"",The Family Educational Rights and Privacy Act of 2024 (FERPA-2024) is a federal law that protects the privacy of student education records. This act gives parents certain rights with respect to their children's education records. These rights transfer to the student when they reach the age of 18 or attend a school beyond the high school level. FERPA-2024 outlines the conditions under which educational institutions can release or withhold records and mandates specific procedures and notifications that institutions must follow.,"1. Schools must provide parents and eligible students with access to the student's education records within 45 days of receiving a request. 2. Schools must inform parents and eligible students of their rights under FERPA-2024 annually. 3. Schools need to obtain written consent from the parent or eligible student before disclosing personally identifiable information from the student's education records, unless an exception applies. 4. Institutions must maintain records of requests for and disclosures of student education records.",Academic Programs,federal,t,,,2025-03-05 20:13:33.258,2025-03-05 20:13:33.258,2026-03-05 20:13:33.258,,"",https://www2.ed.gov/policy/gen/guid/fpco/ferpa/index.html,Family Policy Compliance Office,"",U.S. Department of Education,"","","","",,"",,,"","",,,1,,2025-03-07 15:21:09.709673,,t,,,,"[{""type"": ""attestation"", ""status"": ""pending"", ""enabled"": true, ""required"": false}, {""type"": ""website_publish"", ""status"": ""pending"", ""enabled"": true, ""required"": false}, {""type"": ""community_communication"", ""status"": ""pending"", ""enabled"": true, ""required"": false}, {""type"": ""agency_submission"", ""status"": ""pending"", ""enabled"": true, ""required"": false}]","",,
4470,REG1988,Fair Credit Reporting Act (FCRA),Accounting,15 U.S.C. §§ 1681-1681v,1592,"Requires employers to advise applicants if employment was denied based on a credit report.

 	Employers, before obtaining a consumer report (including criminal background checks), must disclose in writing to the applicant or employee that it may obtain a consumer report for employment purposes, and secondly, secure the written consent of the applicant or employee.

 	When using a third-party consumer reporting agency to request motor vehicle record checks for employment purposes, notice must be given to the applicant or employee.

 	Employers must certify to the consumer reporting agency that they will comply with the Act's disclosure requirements and that any information obtained will not be used in violation of any applicable federal or state equal employment opportunity law or regulation.

Additional Information:
The University is required to submit a disclosure report for gifts and contracts of $250,000 or more with a foreign source to the Department of Education. This page serves as a repository for all relevant data, information, guidance, and training related to the required foreign gift and contract reporting.","By January 31st or July 31st of each year, whichever is sooner depending on the time of the gift, a postsecondary institution must file a disclosure report about ownership or control by, or contracts with or gifts from foreign sources.
The institution shall file a disclosure report with the Department of Education for gifts and contracts of $250,000 or more received within a calendar year.",Finance,federal,t,,,2025-03-06 14:29:49.327,,,,"",,,"","","","","","","","",,,"","",,,1,,2025-03-07 15:21:09.709673,,t,,,,"[{""type"": ""attestation"", ""status"": ""pending"", ""enabled"": true, ""required"": false}, {""type"": ""website_publish"", ""status"": ""pending"", ""enabled"": true, ""required"": false}, {""type"": ""community_communication"", ""status"": ""pending"", ""enabled"": true, ""required"": false}, {""type"": ""agency_submission"", ""status"": ""pending"", ""enabled"": true, ""required"": false}]","",,
4486,REG1992,Higher Education Act: Institutional and Financial Assistance Information for Students,Admissions,20 U.S.C. 1092(k),1607,"Requires institutions to provide each student, upon enrollment, with a ""separate, clear, and conspicuous written notice"" that provides information on the federal aid eligibility penalties associated with drug-related offenses.

Additional Information:
Requires institutions to provide each student, upon enrollment, with a ""separate, clear, and conspicuous written notice"" that provides information on the federal aid eligibility penalties associated with drug-related offenses.

Additional Information:
Prohibits discrimination on the basis of disability at any federally-funded institution. This covers admissions, recruitment, educational and/or academic programs and services, housing and non-academic programs and services such as counseling, placement, physical education and athletics, student clubs and organizations. This list is not exhaustive.","No specific requirements provided

Additional Requirements:
No specific requirements provided",Academic Programs,federal,t,,,2025-03-06 14:29:53.163,,,,"",https://www.ed.gov,Department of Education,"","","","","","","","",,,"","",,,1,,2025-03-07 15:21:09.709673,,t,,,,"[{""type"": ""attestation"", ""status"": ""pending"", ""enabled"": true, ""required"": false}, {""type"": ""website_publish"", ""status"": ""pending"", ""enabled"": true, ""required"": false}, {""type"": ""community_communication"", ""status"": ""pending"", ""enabled"": true, ""required"": false}, {""type"": ""agency_submission"", ""status"": ""pending"", ""enabled"": true, ""required"": false}]","",,
4506,REG1814,Anti-Kickback Act of 1986,Contracts & Procurement,41 U.S.C. §§ 8701-8707,1690,"Prohibits any payment or gratuity made for the purpose of inducing award of a subcontract or prime contract with the federal government.

Additional Information:
Prohibits any payment or gratuity made for the purpose of inducing award of a subcontract or prime contract with the federal government.",No specific requirements provided,Finance,federal,t,,,2025-03-06 14:29:57.709,,,,"",,,"","","","","","","","",,,"","",,,1,,2025-03-07 15:21:09.709673,,t,,,,"[{""type"": ""attestation"", ""status"": ""pending"", ""enabled"": true, ""required"": false}, {""type"": ""website_publish"", ""status"": ""pending"", ""enabled"": true, ""required"": false}, {""type"": ""community_communication"", ""status"": ""pending"", ""enabled"": true, ""required"": false}, {""type"": ""agency_submission"", ""status"": ""pending"", ""enabled"": true, ""required"": false}]","",,
4514,REG3242,Small Business Act and Small Business Investment Act of 1958,Contracts & Procurement,15 U.S.C.  631-657s,3243,"Any contractor receiving a contract with a value greater than the simplified acquisition threshold must agree in the contract that small business, veteran-owned small business, service-disabled veteran-owned small business, HUBZone small business, small disadvantaged business, and women-owned small business concerns will have the maximum practicable opportunity to participate in contract performance consistent with its efficient performance.

 	A similar rule applicable to grants exists in the Uniform Guidance.

Additional Information:
Any contractor receiving a contract with a value greater than the simplified acquisition threshold must agree in the contract that small business, veteran-owned small business, service-disabled veteran-owned small business, HUBZone small business, small disadvantaged business, and women-owned small business concerns will have the maximum practicable opportunity to participate in contract performance consistent with its efficient performance.

 	A similar rule applicable to grants exists in the Uniform Guidance.",No specific requirements provided,Finance,federal,t,,,2025-03-06 14:29:59.772,,,,"",,,"","","","","","","","",,,"","",,,1,,2025-03-07 15:21:09.709673,,t,,,,"[{""type"": ""attestation"", ""status"": ""pending"", ""enabled"": true, ""required"": false}, {""type"": ""website_publish"", ""status"": ""pending"", ""enabled"": true, ""required"": false}, {""type"": ""community_communication"", ""status"": ""pending"", ""enabled"": true, ""required"": false}, {""type"": ""agency_submission"", ""status"": ""pending"", ""enabled"": true, ""required"": false}]","",,
4551,REG1832,Section 504 of The Rehabilitation Act of 1973,Diversity/Affirmative Action,29 U.S.C. § 701,1665,"Prohibits discrimination on the basis of disability at any federally-funded institution. This covers admissions, recruitment, programs and services.

 	If an existing facility is not accessible, redesign of equipment, reassignment of classes or other services to accessible buildings is an alternative to new construction.

 	Newly constructed facilities must be readily accessible to persons with disabilities.

 	Each facility or part of a facility which is altered in a manner that affects or could affect the usability of the facility or part of the facility shall, to the maximum extent feasible, be altered in such manner that the altered portion of the facility is readily accessible to and usable by persons with disabilities.

 	Enforced by the Office for Civil Rights of the Department of Education.

Additional Information:
Prohibits discrimination on the basis of disability at any federally-funded institution. This covers admissions, recruitment, programs and services.

 	If an existing facility is not accessible, redesign of equipment, reassignment of classes or other services to accessible buildings is an alternative to new construction.

 	Newly constructed facilities must be readily accessible to persons with disabilities.

 	Each facility or part of a facility which is altered in a manner that affects or could affect the usability of the facility or part of the facility shall, to the maximum extent feasible, be altered in such manner that the altered portion of the facility is readily accessible to and usable by persons with disabilities.

 	Enforced by the Office for Civil Rights of the Department of Education.",No specific requirements provided,Human Resources,federal,t,,,2025-03-06 14:30:08.568,,,,"",https://www.dol.gov,Department of Labor,"","","","","","","","",,,"","",,,1,,2025-03-07 15:21:09.709673,,t,,,,"[{""type"": ""attestation"", ""status"": ""pending"", ""enabled"": true, ""required"": false}, {""type"": ""website_publish"", ""status"": ""pending"", ""enabled"": true, ""required"": false}, {""type"": ""community_communication"", ""status"": ""pending"", ""enabled"": true, ""required"": false}, {""type"": ""agency_submission"", ""status"": ""pending"", ""enabled"": true, ""required"": false}]","",,
4564,REG3646,Atomic Energy Act of 1954,Environmental Health and Safety,42 U.S.C. §§ 2011-2296b-7,3650,"The Atomic Energy Act requires that civilian uses of nuclear materials and facilities be licensed. Under section 274 of the Act (42 U.S.C 2021), the NRC may enter into an agreement with a state for discontinuance of the NRC's regulatory authority over some materials licensees within the state. The state must first show that its regulatory program is compatible with the NRC's and adequate to protect public health and safety. The NRC retains authority over, among other things, nuclear power plants within the state and exports from the state.

Additional Information:
The Atomic Energy Act requires that civilian uses of nuclear materials and facilities be licensed. Under section 274 of the Act (42 U.S.C 2021), the NRC may enter into an agreement with a state for discontinuance of the NRC's regulatory authority over some materials licensees within the state. The state must first show that its regulatory program is compatible with the NRC's and adequate to protect public health and safety. The NRC retains authority over, among other things, nuclear power plants within the state and exports from the state.","Not Applicable

Additional Requirements:
Not Applicable",Campus Safety,federal,t,,,2025-03-06 14:30:11.039,,,,Not Applicable,https://www.ed.gov,Department of Education,"","","","","","",Not Applicable,"",,,"","",,,1,,2025-03-07 15:21:09.709673,,t,,,,"[{""type"": ""attestation"", ""status"": ""pending"", ""enabled"": true, ""required"": false}, {""type"": ""website_publish"", ""status"": ""pending"", ""enabled"": true, ""required"": false}, {""type"": ""community_communication"", ""status"": ""pending"", ""enabled"": true, ""required"": false}, {""type"": ""agency_submission"", ""status"": ""pending"", ""enabled"": true, ""required"": false}]","",,
4599,REG3635,"Compensation to Members of Congress, Officers, Others in Matters Affecting the Government",Ethics,18 U.S.C. § 203,3636,"Prohibits compensation for representational activities involving certain matters in which the United States is a party or has a direct and substantial interest.

Additional Information:
Prohibits compensation for representational activities involving certain matters in which the United States is a party or has a direct and substantial interest.",No specific requirements provided,Human Resources,federal,t,,,2025-03-06 14:30:18.318,,,,"",https://www.dol.gov,Department of Labor,"","","","","","","","",,,"","",,,1,,2025-03-07 15:21:09.709673,,t,,,,"[{""type"": ""attestation"", ""status"": ""pending"", ""enabled"": true, ""required"": false}, {""type"": ""website_publish"", ""status"": ""pending"", ""enabled"": true, ""required"": false}, {""type"": ""community_communication"", ""status"": ""pending"", ""enabled"": true, ""required"": false}, {""type"": ""agency_submission"", ""status"": ""pending"", ""enabled"": true, ""required"": false}]","",,
4611,REG1978,Contracts with Third Party Servicers,Financial Aid,20 U.S.C. § 1094(c),1621,"An institution may enter into a contract with a third-party servicer for the administration of any aspect of the institution's participation in any Title IV program only to the extent that the servicer's eligibility to contract with the institution has not been limited, suspended, or terminated under financial aid regulations.

 	An institution must notify the Department of Education whenever: (1) it enters into a new contract or significantly modifies an existing contract with a third-party servicer to administer any aspect of a Title IV program; (2) it terminates such a contract; or (3) the third-party servicer stops providing services or goes out of business.

 	Upon request, an institution must provide a copy of its contracts with third-party servicers to the Department of Education.

Additional Information:
An institution may enter into a contract with a third-party servicer for the administration of any aspect of the institution's participation in any Title IV program only to the extent that the servicer's eligibility to contract with the institution has not been limited, suspended, or terminated under financial aid regulations.

 	An institution must notify the Department of Education whenever: (1) it enters into a new contract or significantly modifies an existing contract with a third-party servicer to administer any aspect of a Title IV program; (2) it terminates such a contract; or (3) the third-party servicer stops providing services or goes out of business.

 	Upon request, an institution must provide a copy of its contracts with third-party servicers to the Department of Education.","The institution must notify the Department of Education within 10 days of entering into, substantially modifying, or terminating a contract.

Additional Requirements:
The institution must notify the Department of Education within 10 days of entering into, substantially modifying, or terminating a contract.",Finance,federal,t,,,2025-03-06 14:30:20.59,,,,"The institution must notify the Department of Education within 10 days of entering into, substantially modifying, or terminating a contract.",https://www.ed.gov,Department of Education,"","","","","","","The institution must notify the Department of Education within 10 days of entering into, substantially modifying, or terminating a contract.","",,,"","",,,1,,2025-03-07 15:21:09.709673,,t,,,,"[{""type"": ""attestation"", ""status"": ""pending"", ""enabled"": true, ""required"": false}, {""type"": ""website_publish"", ""status"": ""pending"", ""enabled"": true, ""required"": false}, {""type"": ""community_communication"", ""status"": ""pending"", ""enabled"": true, ""required"": false}, {""type"": ""agency_submission"", ""status"": ""pending"", ""enabled"": true, ""required"": false}]","",,
4616,REG1879,Higher Education Act: Code of Conduct,Financial Aid,20 U.S.C. § 1094,1619,"An institution that participates in Title IV programs must have a code of conduct for financial aid practices that prohibits conflicts of interest, is published prominently on the university's website, and is distributed annually to relevant personnel.

Additional Information:
An institution that participates in Title IV programs must have a code of conduct for financial aid practices that prohibits conflicts of interest, is published prominently on the university's website, and is distributed annually to relevant personnel.

Additional Information:
Any institution that receives Title IV funds must post on the institution's website a net price calculator to help current and prospective students estimate their individual net price at that institution as well as other financial aid information.

 	Any institution that appears on the Department of Educationâ€™s list of institutions with the largest percentage increase in tuition and fees or net price over the most recent three academic years must submit a report to the Department that includes the reason for the increase and the steps that will be taken to reduce cost.

Additional Information:
PLUS Loans are available to the parents of eligible students through the FDLP (Direct) or FFEL (private) program, but not both.

 	If applications are made for an FFEL PLUS loan, the University must: 1) Verify the parent's immigration status and social security number in the same manner verified for students; 2) extend PLUS loans only to parents who do not have an adverse credit history; 3) extend such loans on the same terms, conditions and benefits as other FFEL loans; 4) for any academic year, limit the loan amount to the student's estimated cost of attendance minus other financial aid; and 5) be disbursed to the institution electronically or co-payable to the school and parent.

 	Graduate/professional degree students are eligible to borrow under the PLUS Loan Program up to their cost of attendance minus other estimated financial assistance in both the FFEL and Direct Loan Program. The terms and conditions applicable to Parent PLUS Loans apply to Graduate/Professional PLUS loans.

Additional Information:
An institution must provide to each student (at time of enrollment) a written notice that advises the student that a conviction for any drug offense while receiving Title IV aid will result in a loss of eligibility for any Title IV, HEA grant, loan or work-study assistance.

 	For individuals who have lost eligibility, an institution must provide them with a written notice of Title IV eligibility loss that advises the student of the ways in which Title IV eligibility may be regained.","No specific requirements provided

Additional Requirements:
No specific requirements provided

Additional Requirements:
No deadline is set, but September 1 is suggested.

Additional Requirements:
No deadline is mandated, but September 1 is suggested.",Academic Programs,federal,t,,,2025-03-06 14:30:23.737,,,,"",https://www.ed.gov,Department of Education,"","","","","","","","",,,"","",,,1,,2025-03-07 15:21:09.709673,,t,,,,"[{""type"": ""attestation"", ""status"": ""pending"", ""enabled"": true, ""required"": false}, {""type"": ""website_publish"", ""status"": ""pending"", ""enabled"": true, ""required"": false}, {""type"": ""community_communication"", ""status"": ""pending"", ""enabled"": true, ""required"": false}, {""type"": ""agency_submission"", ""status"": ""pending"", ""enabled"": true, ""required"": false}]","",,
4639,REG1974,Higher Education Act: Foreign Gift and Contract Reports,Fundraising & Development,20 U.S.C. § 1011f,1608,"Whenever an institution is owned or controlled by a foreign source, or receives gifts from or enter into contracts with a foreign source totaling more than $250,000 within a calendar year, the institution shall file a disclosure report with the Secretary of Education on January 31 or July 31, whichever is sooner. This page serves as a repository for all relevant data, information, guidance, and training related to the required foreign gift and contract reporting.

Additional Information:
Whenever an institution is owned or controlled by a foreign source, or receives gifts from or enter into contracts with a foreign source totaling more than $250,000 within a calendar year, the institution shall file a disclosure report with the Secretary of Education on January 31 or July 31, whichever is sooner. This page serves as a repository for all relevant data, information, guidance, and training related to the required foreign gift and contract reporting.","January 31 or July 31 (if applicable)

Additional Requirements:
January 31 or July 31 (if applicable)",Academic Programs,federal,t,,,2025-03-06 14:30:26.33,,,,January 31 or July 31 (if applicable),https://www.ed.gov,Department of Education,"","","","","","",January 31 or July 31 (if applicable),"",,,"","",,,1,,2025-03-07 15:21:09.709673,,t,,,,"[{""type"": ""attestation"", ""status"": ""pending"", ""enabled"": true, ""required"": false}, {""type"": ""website_publish"", ""status"": ""pending"", ""enabled"": true, ""required"": false}, {""type"": ""community_communication"", ""status"": ""pending"", ""enabled"": true, ""required"": false}, {""type"": ""agency_submission"", ""status"": ""pending"", ""enabled"": true, ""required"": false}]","",,
4652,REG1895,Controlled Substances Act,Health Care and Insurance,21 U.S.C. §§ 801-889,1637,"Regulates the manufacture and distribution of narcotics, stimulants, depressants, hallucinogens, anabolic steroids, and chemicals used in the illicit production of controlled substances.

 	All substances are placed in one of five schedules, based on medicinal value, harmfulness, and potential for abuse or addiction, with Schedule 1 reserved for the most dangerous drugs that have no recognized medical use.

Additional Information:
Regulates the manufacture and distribution of narcotics, stimulants, depressants, hallucinogens, anabolic steroids, and chemicals used in the illicit production of controlled substances.

 	All substances are placed in one of five schedules, based on medicinal value, harmfulness, and potential for abuse or addiction, with Schedule 1 reserved for the most dangerous drugs that have no recognized medical use.","By January 15, qualifying entities must submit to the Attorney General an annual report of controlled substances in stock and quarterly reports of acquisition and distribution of controlled substances.

Additional Requirements:
By January 15, qualifying entities must submit to the Attorney General an annual report of controlled substances in stock and quarterly reports of acquisition and distribution of controlled substances.",Human Resources,federal,t,,,2025-03-06 14:30:28.895,,,,"By January 15, qualifying entities must submit to the Attorney General an annual report of controlled substances in stock and quarterly reports of acquisition and distribution of controlled substances.",https://www.dol.gov,Department of Labor,"","","","","","","By January 15, qualifying entities must submit to the Attorney General an annual report of controlled substances in stock and quarterly reports of acquisition and distribution of controlled substances.","",,,"","",,,1,,2025-03-07 15:21:09.709673,,t,,,,"[{""type"": ""attestation"", ""status"": ""pending"", ""enabled"": true, ""required"": false}, {""type"": ""website_publish"", ""status"": ""pending"", ""enabled"": true, ""required"": false}, {""type"": ""community_communication"", ""status"": ""pending"", ""enabled"": true, ""required"": false}, {""type"": ""agency_submission"", ""status"": ""pending"", ""enabled"": true, ""required"": false}]","",,
4671,REG1939,Homeland Security Act of 2002,Information Technology,6 U.S.C. §§ 101 – 674,3965,"The Act encourages private sector sharing of information with the Department of Homeland Security.

 	Information that is voluntarily provided relating to infrastructure vulnerabilities or other vulnerabilities to terrorism is not subject to public disclosure under FOIA, and does not lose its protected character if forwarded by DHS to other federal agencies.

Additional Information:
The Act encourages private sector sharing of information with the Department of Homeland Security.

 	Information that is voluntarily provided relating to infrastructure vulnerabilities or other vulnerabilities to terrorism is not subject to public disclosure under FOIA, and does not lose its protected character if forwarded by DHS to other federal agencies.",No specific requirements provided,Information Technology,federal,t,,,2025-03-06 14:30:32.7,,,,"",,,"","","","","","","","",,,"","",,,1,,2025-03-07 15:21:09.709673,,t,,,,"[{""type"": ""attestation"", ""status"": ""pending"", ""enabled"": true, ""required"": false}, {""type"": ""website_publish"", ""status"": ""pending"", ""enabled"": true, ""required"": false}, {""type"": ""community_communication"", ""status"": ""pending"", ""enabled"": true, ""required"": false}, {""type"": ""agency_submission"", ""status"": ""pending"", ""enabled"": true, ""required"": false}]","",,
4699,REG1953,Higher Education Act: Credit Hour Definition,Program Integrity Rules,"20 U.S.C. §§ 1001, 1002",1628,"Provides a federal definition of credit hour.

Additional Information:
Provides a federal definition of credit hour.

Additional Information:
Institutions are prohibited from providing any commission, bonus, or other incentive payment based in any part, directly or indirectly, upon success in securing enrollments or the award of financial aid, to any person or entity who is engaged in any student recruitment or admission activity, or in making decisions regarding the award of Title IV, HEA program funds.

 	There is an exception provided for the recruitment of foreign students residing in foreign countries who are not eligible to receive Federal student assistance.

 	According to 2015 guidance, the Department of Education does not interpret the regulations to proscribe compensation for recruiters that is based upon students’ graduation from, or completion of, educational programs.

Additional Information:
Makes the institution responsible for substantial misrepresentations made by the institution itself, a representative of the institution, or any person or entity with whom the institution has an agreement to provide educational programs, marketing, advertising, and recruiting or admissions services.

 	Broadens the definitions of misrepresentations of the nature of an institution's educational program, financial charges, or employability of its graduates.

 	Expands the sanctions that ED may impose for substantial misrepresentations.","No specific requirements provided

Additional Requirements:
No specific requirements provided

Additional Requirements:
No specific requirements provided",Academic Programs,federal,t,,,2025-03-06 14:30:40.2,,,,"",https://www.ed.gov,Department of Education,"","","","","","","","",,,"","",,,1,,2025-03-07 15:21:09.709673,,t,,,,"[{""type"": ""attestation"", ""status"": ""pending"", ""enabled"": true, ""required"": false}, {""type"": ""website_publish"", ""status"": ""pending"", ""enabled"": true, ""required"": false}, {""type"": ""community_communication"", ""status"": ""pending"", ""enabled"": true, ""required"": false}, {""type"": ""agency_submission"", ""status"": ""pending"", ""enabled"": true, ""required"": false}]","",,
4710,REG2036,America COMPETES Act,Research,Public Law No. 111-358,"1773,1694","Requires that each institution that applies for financial assistance from the National Science Foundation for science and engineering research or education describe in its grant proposal a plan to provide appropriate training and oversight in the responsible and ethical conduct of research to undergraduate students, graduate students, and postdoctoral researchers participating in the proposed research project.

Additional Information:
Requires that each institution that applies for financial assistance from the National Science Foundation for science and engineering research or education describe in its grant proposal a plan to provide appropriate training and oversight in the responsible and ethical conduct of research to undergraduate students, graduate students, and postdoctoral researchers participating in the proposed research project.",No specific requirements provided,Research,federal,t,,,2025-03-06 14:30:42.67,,,,"",,,"","","","","","","","",,,"","",,,1,,2025-03-07 15:21:09.709673,,t,,,,"[{""type"": ""attestation"", ""status"": ""pending"", ""enabled"": true, ""required"": false}, {""type"": ""website_publish"", ""status"": ""pending"", ""enabled"": true, ""required"": false}, {""type"": ""community_communication"", ""status"": ""pending"", ""enabled"": true, ""required"": false}, {""type"": ""agency_submission"", ""status"": ""pending"", ""enabled"": true, ""required"": false}]","",,
4714,REG1955,Food and Drug Administration (FDA) Amendments Act of 2007,Research,Public Law No. 110-85,1769,"For an investigational new drug to be used in a clinical investigation, the University must ensure the sponsor submits an Investigational New Drug Application and complies with all applicable requirements with respect to the regulations pertaining to human subjects and IRB review and approval.

 	The regulation includes medical devices for human use as well as drugs. (Applies to federally-funded projects). Sponsors of certain clinical trials of drugs/devices regulated by the FDA must obtain informed consent from potential research subjects to submit their de-identified data to the ClinicalTrials.gov database.

 	Specific language must be included in consent forms indicating that a description of the trial, but not any identifiable data, will be available through that database. Subjects who do not consent will not be permitted to participate in the trial.

Additional Information:
For an investigational new drug to be used in a clinical investigation, the University must ensure the sponsor submits an Investigational New Drug Application and complies with all applicable requirements with respect to the regulations pertaining to human subjects and IRB review and approval.

 	The regulation includes medical devices for human use as well as drugs. (Applies to federally-funded projects). Sponsors of certain clinical trials of drugs/devices regulated by the FDA must obtain informed consent from potential research subjects to submit their de-identified data to the ClinicalTrials.gov database.

 	Specific language must be included in consent forms indicating that a description of the trial, but not any identifiable data, will be available through that database. Subjects who do not consent will not be permitted to participate in the trial.",No specific requirements provided,Research,federal,t,,,2025-03-06 14:30:43.662,,,,"",,,"","","","","","","","",,,"","",,,1,,2025-03-07 15:21:09.709673,,t,,,,"[{""type"": ""attestation"", ""status"": ""pending"", ""enabled"": true, ""required"": false}, {""type"": ""website_publish"", ""status"": ""pending"", ""enabled"": true, ""required"": false}, {""type"": ""community_communication"", ""status"": ""pending"", ""enabled"": true, ""required"": false}, {""type"": ""agency_submission"", ""status"": ""pending"", ""enabled"": true, ""required"": false}]","",,
4680,REG1944,Visual Artists Rights Act,Intellectual Property and Technology Transfer,17 U.S.C. § 106A,1596,"Protects moral rights for fine art works, but does not protect audiovisual works and probably does not apply to most multimedia creations.

Additional Information:
Protects moral rights for fine art works, but does not protect audiovisual works and probably does not apply to most multimedia creations.

Additional Information:
For contributions of patents and certain other intellectual property made to a 501(c)(3) after June 3, 2004 the taxpayer's initial contribution deduction is limited to the lesser of the donor's basis in the contributed property or the fair market value of the property.

Additional Information:
For contributions of patents and certain other intellectual property made to a 501(c)(3) after June 3, 2004 the taxpayer's initial contribution deduction is limited to the lesser of the donor's basis in the contributed property or the fair market value of the property.","No specific requirements provided

Additional Requirements:
The institution is expected to file

Additional Requirements:
The institution is expected to file",Research,federal,t,,,2025-03-07 15:52:18.591,1970-01-01 00:00:00,,[],"",,,"","","","","","","","",,,"","",,,1,,2025-03-07 15:21:09.709673,,t,,,,"[{""type"": ""attestation"", ""status"": ""pending"", ""enabled"": true, ""required"": false}, {""type"": ""website_publish"", ""status"": ""pending"", ""enabled"": true, ""required"": false}, {""type"": ""community_communication"", ""status"": ""pending"", ""enabled"": true, ""required"": false}, {""type"": ""agency_submission"", ""status"": ""pending"", ""enabled"": true, ""required"": false}]","",,
4529,REG1824,The Family and Medical Leave Act of 1993,Disabilities,Public Law 103-3,1743,"Entitles eligible employees of covered employers to take unpaid, job-protected leave for specified family and medical reasons with continuation of group health insurance coverage under the same terms and conditions as if the employee had not taken leave.

 	Provides covered employees with certain rights to reinstatement of employment after taking FMLA leave.

Additional Information:
Entitles eligible employees of covered employers to take unpaid, job-protected leave for specified family and medical reasons with continuation of group health insurance coverage under the same terms and conditions as if the employee had not taken leave.

 	Provides covered employees with certain rights to reinstatement of employment after taking FMLA leave.

Additional Information:
Provides broad nondiscrimination protection for individuals with disabilities in employment, public services, and public accommodations, including colleges and universities.

 	The university must make reasonable accommodations for employees and students with disabilities.

 	Enforced by multiple federal agencies, including the Department of Justice, Department of Labor, and the EEOC.

Additional Information:
Provides broad nondiscrimination protection for individuals with disabilities in employment, public services, and public accommodations, including colleges and universities.

 	The university must make reasonable accommodations for employees and students with disabilities.

 	Enforced by multiple federal agencies, including the Department of Justice, Department of Labor, and the EEOC.","No specific requirements provided

Additional Requirements:
No specific requirements provided",Human Resources,federal,t,,,2025-03-07 15:52:26.075,1970-01-01 00:00:00,,[],"",https://www.dol.gov,Department of Labor,"","","","","","","","",,,"","",,,1,,2025-03-07 15:21:09.709673,,t,,,,"[{""type"": ""attestation"", ""status"": ""pending"", ""enabled"": true, ""required"": false}, {""type"": ""website_publish"", ""status"": ""pending"", ""enabled"": true, ""required"": false}, {""type"": ""community_communication"", ""status"": ""pending"", ""enabled"": true, ""required"": false}, {""type"": ""agency_submission"", ""status"": ""pending"", ""enabled"": true, ""required"": false}]","",,
4761,REG-1741205630366,Regulation ID Example,Example Regulation Topic,Example Statute Reference,"","This is a detailed summary of the hypothetical regulation, outlining its purpose, scope, and the context in which it was created. It provides an overview of what the regulation aims to achieve, who it applies to, and any historical or situational factors that led to its inception.

Additional Information:
This is a detailed summary of Regulation ID EDU-2024-001, explaining the purpose of the regulation, its intended impact, and any relevant background information.","Key requirements of this regulation include compliance measures that individuals or organizations must adhere to, reporting obligations, deadlines for submission of any related documents, and any specific standards or procedures that are mandated.

Additional Requirements:
List and detail the key requirements set forth by this regulation, such as compliance obligations, reporting standards, or specific actions that entities must undertake.",Example Category,federal,t,,,2025-03-07 15:52:28.43,2025-03-05 20:13:50.366,2026-03-05 20:13:50.366,[],"",https://www.example-agency.gov,Example Agency,"",Example Department,"","","","",,"",,,"","",,,1,,2025-03-07 15:21:09.709673,,t,,,,"[{""type"": ""attestation"", ""status"": ""pending"", ""enabled"": true, ""required"": false}, {""type"": ""website_publish"", ""status"": ""pending"", ""enabled"": true, ""required"": false}, {""type"": ""community_communication"", ""status"": ""pending"", ""enabled"": true, ""required"": false}, {""type"": ""agency_submission"", ""status"": ""pending"", ""enabled"": true, ""required"": false}]","",,
4751,REG2012,Federal Insurance Contributions Act (FICA),Wages,42 U.S.C. §§ 401-434,1709,"Provides that service performed in the employ of a school, college or university by a student who is enrolled and regularly attending classes at such school, college, or university is exempt from the FICA tax.

 	An employee who is in employment for wages which are subject to taxes under the Federal Insurance Contributions Act (FICA) or which are subject to the withholding of income tax from wages must apply for a social security number by filing SSA Form SS-5.

 	An employer must pay social security taxes on employees, but an exemption exists for most students who are also working for the university and for clergy whose services are performed in the exercise of their ministry.

Additional Information:
Provides for payments of unemployment compensation to workers who have lost their jobs.

 	If your FUTA tax is more than $500 for the calendar year, you must deposit at least one quarterly payment.  If not, alternate rules apply.","",Finance,federal,t,,,2025-03-07 15:52:29.928,1970-01-01 00:00:00,,[],"",https://www.dol.gov,Department of Labor,"","","","","","","","",,,"","",,,1,,2025-03-07 15:21:09.709673,,t,,,,"[{""type"": ""attestation"", ""status"": ""pending"", ""enabled"": true, ""required"": false}, {""type"": ""website_publish"", ""status"": ""pending"", ""enabled"": true, ""required"": false}, {""type"": ""community_communication"", ""status"": ""pending"", ""enabled"": true, ""required"": false}, {""type"": ""agency_submission"", ""status"": ""pending"", ""enabled"": true, ""required"": false}]","",,
4790,REG-1741275560004,Americans with Disabilities Act of 1990,Disability Rights,42 U.S. Code § 12101,"","The Americans with Disabilities Act (ADA) prohibits discrimination against individuals with disabilities in all areas of public life, including jobs, schools, transportation, and all public and private places that are open to the general public.

Additional Information:
This regulation outlines the rights of individuals with disabilities to have equal access to public facilities, services, and accommodations. It also provides guidelines for businesses and organizations for implementing accessible features and practices.","Entities covered by the ADA are required to provide reasonable accommodations to individuals with disabilities, ensure accessibility in buildings and facilities, and refrain from discriminatory practices.

Additional Requirements:
Public facilities, services, and organizations must be accessible to individuals with disabilities. Reasonable accommodations must be provided upon request. Penalties for non-compliance can include fines and legal action.",Civil Rights,federal,t,,,2025-03-07 15:52:13.844,2025-03-06 15:39:20.004,2026-03-06 15:39:20.004,[],"",https://www.ada.gov/,U.S. Department of Justice,"",Civil Rights Division,"","","","",,"",,,"","",,,1,,2025-03-07 15:21:09.709673,,t,,,,"[{""type"": ""attestation"", ""status"": ""pending"", ""enabled"": true, ""required"": false}, {""type"": ""website_publish"", ""status"": ""pending"", ""enabled"": true, ""required"": false}, {""type"": ""community_communication"", ""status"": ""pending"", ""enabled"": true, ""required"": false}, {""type"": ""agency_submission"", ""status"": ""pending"", ""enabled"": true, ""required"": false}]","",,
4715,REG1957,National Science Foundation Research Misconduct Policies,Research,42 U.S.C. § 1870(a),1695,"A finding of research misconduct requires that: (1) there be a significant departure from accepted practices of the relevant research community; (2) the research misconduct be committed intentionally, or knowingly, or recklessly; and (3) the allegation be proven by a preponderance of evidence.

Additional Information:
A finding of research misconduct requires that: (1) there be a significant departure from accepted practices of the relevant research community; (2) the research misconduct be committed intentionally, or knowingly, or recklessly; and (3) the allegation be proven by a preponderance of evidence.

Additional Information:
Institutions are permitted to use small unmanned aircraft systems (UAS) in the National Airspace System for purposes that include research and development and educational/academic uses, provided that the institution follows operation and certification requirements.
An uncertified person, such as a student, may manipulate the controls of a small UAS, provided that: (1) They are under the direct supervision of a certified remote pilot in command; and (2) the remote pilot in command is capable of taking over controls at any time during the flight.

Additional Information:
Institutions must provide a written assurance application that they will comply with the Common Rule requirements. These requirements include written procedures for reporting to the institutional review board (IRB), institutional officials, and the department or agency head of unanticipated problems involving risks to subjects or serious or continuing non-compliance, and any suspension or termination of research.

 	Human subjects research must undergo review and be approved by the designated IRB.

 	With certain exceptions, investigators must obtain informed consent from any subject used for human subjects research. (Certain requirements regarding information that must be given to prospective subjects as part of the informed consent process take effect January 19, 2018.)

 	Effective January 19, 2020, U.S.-based institutions engaged in cooperative research must use a single IRB for that portion of the research that takes place within the U.S., with certain exceptions.","No specific requirements provided

Additional Requirements:
No specific requirements provided",Research,federal,t,,,2025-03-07 15:52:15.937,1970-01-01 00:00:00,,[],"",,,"","","","","","","","",,,"","",,,1,,2025-03-07 15:21:09.709673,,t,,,,"[{""type"": ""attestation"", ""status"": ""pending"", ""enabled"": true, ""required"": false}, {""type"": ""website_publish"", ""status"": ""pending"", ""enabled"": true, ""required"": false}, {""type"": ""community_communication"", ""status"": ""pending"", ""enabled"": true, ""required"": false}, {""type"": ""agency_submission"", ""status"": ""pending"", ""enabled"": true, ""required"": false}]","",,
4780,REG-1741273241099,Family Educational Rights and Privacy Act (FERPA) 2024 Update,Education Rights,20 U.S.C. § 1232g,"","The Family Educational Rights and Privacy Act (FERPA) is a federal law that protects the privacy of student education records. The law applies to all schools that receive funds under an applicable program of the U.S. Department of Education. The 2024 update further clarifies and extends these rights, particularly in areas related to digital records and third-party data sharing.

Additional Information:
The 2024 Update to the Family Education Rights and Privacy Act (FERPA) governs the access and privacy of student education records, further defining and protecting student rights. This update includes additional guidelines on digital and cloud storage data, as well as the sharing of data with third-party vendors in the context of online learning.","Educational institutions must ensure that students have the ability to access their education records, have the right to request amendment of the records that they believe are inaccurate, and have some control over the disclosure of personally identifiable information from education records. In addition, institutions must provide annual notification to students of these rights.

Additional Requirements:
Educational institutions must ensure that education records are kept private and cannot be disclosed without student consent, except under specific circumstances outlined in the regulation. Institutions must adopt reasonable methods to verify the identity of parents, students, and school officials who request access to education records. They also need to provide annual notifications to students about their rights under FERPA. The 2024 update requires institutions to implement additional cyber security measures for digital and cloud-stored student records, as well as stricter data sharing agreements with third-party vendors.",Civil Rights,federal,t,,,2025-03-07 15:52:13.999,2025-03-06 15:00:41.099,2026-03-06 15:00:41.099,[],"",www.ed.gov,U.S. Department of Education,"",Office for Civil Rights (OCR),"","","","",,"",,,"","",,,1,,2025-03-07 15:21:09.709673,,t,,,,"[{""type"": ""attestation"", ""status"": ""pending"", ""enabled"": true, ""required"": false}, {""type"": ""website_publish"", ""status"": ""pending"", ""enabled"": true, ""required"": false}, {""type"": ""community_communication"", ""status"": ""pending"", ""enabled"": true, ""required"": false}, {""type"": ""agency_submission"", ""status"": ""pending"", ""enabled"": true, ""required"": false}]","",,
4814,REG-1741277193108,Occupational Safety and Health Act of 1970,Safety,29 U.S.C. 651 et seq.,1584,"The Occupational Safety and Health Act of 1970 is a federal law that ensures safe and healthful working conditions for employees.

Additional Information:
Regulates the use and disposal of certain chemicals, including PCBs used in electrical transformers. Must comply with regulations concerning use, service, storage, and disposal of transformers containing PCBs.

 	The Act requires the identification, inventory, marking and quarterly inspection of PCB transformers.","Employers must provide a workplace free from recognized hazards that are causing or are likely to cause death or serious physical harm to employees. They must also comply with occupational safety and health standards set by the Occupational Safety and Health Administration (OSHA).

Additional Requirements:
15 U.S.C. § 2607; 40 C.F.R. § 761.180: A written annual document log of the disposition of PCBs and PCB items must be prepared for each facility by July 1st, covering the previous calendar year (January through December). The written annual report, which summarizes the records and annual document log shall be submitted to the EPA Regional Administrator by July 15th of each year.",Campus Safety,federal,t,,,2025-03-07 15:52:12.259,2025-03-06 16:06:33.108,2026-03-06 16:06:33.108,[],"",https://www.osha.gov/,Occupational Safety and Health Administration,"",Department of Labor,"","","","",,"",,,"","",,,1,,2025-03-07 15:21:09.709673,,t,,,,"[{""type"": ""attestation"", ""status"": ""pending"", ""enabled"": true, ""required"": false}, {""type"": ""website_publish"", ""status"": ""pending"", ""enabled"": true, ""required"": false}, {""type"": ""community_communication"", ""status"": ""pending"", ""enabled"": true, ""required"": false}, {""type"": ""agency_submission"", ""status"": ""pending"", ""enabled"": true, ""required"": false}]","",,
4812,REG-1741277187572,Family Educational Rights and Privacy Act (FERPA) 2024 Update,Privacy,20 U.S. Code § 1232g,1625,"The Family Educational Rights and Privacy Act (FERPA) protects the privacy of student education records.

Additional Information:
The University must provide students the right to inspect their education records and obtain written consent to release the records to anyone other than school officials, authorized government personnel, in connection with financial aid, in an emergency, or for other specifically-allowed purposes.","Educational institutions must have written permission from eligible students to disclose any information from their education records. Institutions must also provide eligible students with the right to review their education records and request corrections if necessary.

Additional Requirements:
20 U.S.C. § 1232g(e); 34 C.F.R. § 99.7 and 20 U.S.C. § 1092(a):
Each educational agency or institution shall annually notify students currently in attendance, of their rights under FERPA. Notification of these rights concurrent with fall registration is suggested, as the student needs to be told what information the student has identified as directory information and notified of his/her opportunity to place a hold on release of directory information.",Civil Rights,federal,t,,,2025-03-07 15:52:13.695,2025-03-06 16:06:27.572,2026-03-06 16:06:27.572,[],"",https://www2.ed.gov/policy/gen/guid/fpco/ferpa/index.html,U.S. Department of Education,"",Family Policy Compliance Office,"","","","",,"",,,"","",,,1,,2025-03-07 15:21:09.709673,,t,,,,"[{""type"": ""attestation"", ""status"": ""pending"", ""enabled"": true, ""required"": false}, {""type"": ""website_publish"", ""status"": ""pending"", ""enabled"": true, ""required"": false}, {""type"": ""community_communication"", ""status"": ""pending"", ""enabled"": true, ""required"": false}, {""type"": ""agency_submission"", ""status"": ""pending"", ""enabled"": true, ""required"": false}]","",,
4651,REG1894,Fraud Enforcement and Recovery Act of 2009 (FERA),Grants Management,Public Law No. 111-21,1772,"The Act clarifies that the False Claims Act was intended to cover to any false or fraudulent claim for government money or property, regardless of whether the claim is presented to a government official or employee, whether the government has physical custody of the money, or whether the defendant specifically intended to defraud the government.

 	FERA also expands the False Claims Act provisions to sub-recipients of federal funds.

Additional Information:
The Act clarifies that the False Claims Act was intended to cover to any false or fraudulent claim for government money or property, regardless of whether the claim is presented to a government official or employee, whether the government has physical custody of the money, or whether the defendant specifically intended to defraud the government.

 	FERA also expands the False Claims Act provisions to sub-recipients of federal funds.

Additional Information:
An individual subjected to compensation discrimination under Title VII of the Civil Rights Act of 1964, the Age Discrimination in Employment Act of 1967, or the Americans with Disabilities Act of 1990 may file a charge within 180 (or 300) days of any of the following: 1) when a discriminatory compensation decision or other discriminatory practice affecting compensation is adopted; 2) when the individual becomes subject to a discriminatory compensation decision or other discriminatory practice affecting compensation; or 3) when the individual's compensation is affected by the application of a discriminatory compensation decision or other discriminatory practice, including each time the individual receives compensation that is based in whole or part on such compensation decision or other practice.

 	The Act has a retroactive effective date of May 28, 2007, and applies to all claims of discriminatory compensation pending on or after that date.

Additional Information:
An individual subjected to compensation discrimination under Title VII of the Civil Rights Act of 1964, the Age Discrimination in Employment Act of 1967, or the Americans with Disabilities Act of 1990 may file a charge within 180 (or 300) days of any of the following: 1) when a discriminatory compensation decision or other discriminatory practice affecting compensation is adopted; 2) when the individual becomes subject to a discriminatory compensation decision or other discriminatory practice affecting compensation; or 3) when the individual's compensation is affected by the application of a discriminatory compensation decision or other discriminatory practice, including each time the individual receives compensation that is based in whole or part on such compensation decision or other practice.

 	The Act has a retroactive effective date of May 28, 2007, and applies to all claims of discriminatory compensation pending on or after that date.","No specific requirements provided

Additional Requirements:
No specific requirements provided",Research,federal,t,,,2025-03-07 15:52:22.144,1970-01-01 00:00:00,,[],"",,,"","","","","","","","",,,"","",,,1,,2025-03-07 15:21:09.709673,,t,,,,"[{""type"": ""attestation"", ""status"": ""pending"", ""enabled"": true, ""required"": false}, {""type"": ""website_publish"", ""status"": ""pending"", ""enabled"": true, ""required"": false}, {""type"": ""community_communication"", ""status"": ""pending"", ""enabled"": true, ""required"": false}, {""type"": ""agency_submission"", ""status"": ""pending"", ""enabled"": true, ""required"": false}]","",,
4831,REG-1741359600823,Title VI of the Civil Rights Act of 1964,Civil Rights,Title VI of the Civil Rights Act of 1964,,"Prohibits discrimination based on race, color, or national origin in educational and/or academic programs or activities receiving federal financial assistance.

Additional Information:
Prohibits discrimination based on race, color, or national origin in educational and/or academic programs or activities receiving federal financial assistance.",No specific requirements provided,Civil Rights,federal,t,,,2025-03-07 15:52:09.413,2025-03-07 15:00:00.823,2026-03-07 15:00:00.823,"[{""date"": ""Typically due at the end of each fiscal year"", ""type"": ""submission"", ""frequency"": ""Annual"", ""description"": ""Regulatory submission deadline""}]",Annual,https://www.dol.gov/agencies/oasam/regulatory/statutes,U.S. Department of Labor,"",Office of the Assistant Secretary for Administration and Management,"","",https://www.dol.gov/agencies/oasam/regulatory/submissionportal,"","Educational institutions must submit reports on their compliance with the regulations under Title VI of the Civil Rights Act of 1964 and related acts. The submission should include detailed information on non-discrimination policies, actions taken to prevent discrimination, and outcomes of any discrimination complaints.

Required forms: Compliance Report Form - Form CR-1

Required supporting documents: Non-discrimination policy documentation, Records of discrimination complaints and resolutions

Ensure all documents are properly signed by the institution's authorized representative.","Title VI of the Civil Rights Act of 1964, along with other related acts, prohibits discrimination based on race, color, national origin, disability, age, and other factors in various federally conducted programs.

Educational institutions must comply with the provisions outlined in Title VI of the Civil Rights Act of 1964, Section 504 and 508 of the Rehabilitation Act of 1973, Title IX of the Education Amendments of 1972, and other related acts to ensure non-discrimination in their programs.","[""Compliance Report Form - Form CR-1""]",,"","",,"[{""url"": ""https://www.dol.gov/agencies/oasam/regulatory/statutes"", ""type"": ""agency-api""}]",1,,2025-03-07 15:21:09.709673,,t,,,,"[{""type"": ""attestation"", ""status"": ""pending"", ""enabled"": true, ""required"": false}, {""type"": ""website_publish"", ""status"": ""pending"", ""enabled"": true, ""required"": false}, {""type"": ""community_communication"", ""status"": ""pending"", ""enabled"": true, ""required"": false}, {""type"": ""agency_submission"", ""status"": ""pending"", ""enabled"": true, ""required"": false}]","",,
4700,REG2033,Higher Education Act: Incentive Compensation Prohibition,Program Integrity Rules,20 U.S.C. § 1094,1619,"Institutions are prohibited from providing any commission, bonus, or other incentive payment based in any part, directly or indirectly, upon success in securing enrollments or the award of financial aid, to any person or entity who is engaged in any student recruitment or admission activity, or in making decisions regarding the award of Title IV, HEA program funds.

 	There is an exception provided for the recruitment of foreign students residing in foreign countries who are not eligible to receive Federal student assistance.

 	According to 2015 guidance, the Department of Education does not interpret the regulations to proscribe compensation for recruiters that is based upon students’ graduation from, or completion of, educational programs.

Additional Information:
In order for its students to be eligible for Title IV student financial assistance, an institution must be able to demonstrate to ED that it meets the legal authorization standards of every state in which it operates.

 	An institution offering distance education or correspondence courses must be authorized by each state in which the institution enrolls students, if such authorization is required by the state, in order for these programs to be Title IV eligible. Alternatively, an institution may be authorized through state authorization reciprocity agreements. Institutions must also (1) document the state process for resolving complaints from students enrolled in distance education or correspondence courses and (2) provide public and individualized disclosures to enrolled and prospective students regarding its programs offered solely through distance education or correspondence courses. (effective July 1, 2018)

 	An institution must make available, upon request, to any enrolled or prospective student a copy of the documents describing the institution's accreditation and its state, federal or tribal approval or licensing. In addition, the institution must provide students and prospective students with contact information for filing complaints with the institution's accreditor and with its state approval agency and any other relevant state official or agency.

Additional Information:
An institution must enter into a written program participation agreement with the Department of Education in order to participate in any Title IV, HEA program (other than the LEAP and NEISP programs).

 	The written program participation agreement requires that the university, among other things: (1) Maintain administrative and fiscal procedures for proper and efficient administration of program funds; (2) demonstrate financial responsibility and administrative capability; (3) make voter registration forms widely available to enrolled students at the institution (either by email or regular email); (4) in the case of an institution that advertises job placement rates to attract students, make available to prospective students the most recent available employment statistics and state licensing requirements, (5) in the case of an institution participating in the FFEL or Direct Loan programs, inform all eligible borrowers enrolled in the institution about the availability and eligibility of such borrowers for state grant assistance from the state in which the institution is located, and will inform such borrowers from another state of the source for further information concerning such assistance from that state, and (6) certify that it has a drug abuse prevention program available to everyone, a campus security policy, and that it is in compliance with athletic program participation rate and financial support data disclosures.

 	Under the written program participation agreement the university is prohibited from engaging in the following activities: (1) Charging students fees for processing program eligibility applications, forms or data; (2) knowingly employing or contracting with individuals or entities in any capacity involving administration of HEA programs if they have been found to have committed fraud or other violations involving federal/state/local funds; (3) penalizing or denying students access because of inability to meet financial obligations resulting from delays in disbursement due to program compliance requirements or institutional delays; and (4) providing a commission/bonus to any person or entity engaged in any student recruiting, admission activities, or award decision-making based on success in securing enrollments or financial aid.

 	Use of a third party servicer does not relieve the university of the compliance requirements under this part.","No specific requirements provided

Additional Requirements:
The institution must publish and make readily available to current and prospective students information on the entire federal, state, local, private, and institutional financial assistance programs available to students who enroll at the institution. Institutional information must also be made available as well. Although no deadline is specifically enumerated, September 1st is suggested.

The institution should request the voter registration forms from the state at least 120 days before the deadline to register to vote.

Employment statistics and state licensing requirements, if required, must be provided to prospective students at or before the time they apply.",Academic Programs,federal,t,,,2025-03-07 15:52:17.911,1970-01-01 00:00:00,,[],"",https://www.ed.gov,Department of Education,"","","","","","","","",,,"","",,,1,,2025-03-07 15:21:09.709673,,t,,,,"[{""type"": ""attestation"", ""status"": ""pending"", ""enabled"": true, ""required"": false}, {""type"": ""website_publish"", ""status"": ""pending"", ""enabled"": true, ""required"": false}, {""type"": ""community_communication"", ""status"": ""pending"", ""enabled"": true, ""required"": false}, {""type"": ""agency_submission"", ""status"": ""pending"", ""enabled"": true, ""required"": false}]","",,
4686,REG1948,Political Activities,Lobbying and Political Activities,IRC § 501 (c )(3),1740,"All section 501(c)(3) organizations are absolutely prohibited from directly or indirectly participating in, or intervening in, any political campaign on behalf of (or in opposition to) any candidate for elective public office.

 	Contributions to political campaign funds or public statements of position (verbal or written) made on behalf of the organization in favor of or in opposition to any candidate for public office clearly violate the prohibition against political campaign activity.

 	Violating this prohibition may result in denial or revocation of tax-exempt status and the imposition of certain excise taxes.

Additional Information:
All section 501(c)(3) organizations are absolutely prohibited from directly or indirectly participating in, or intervening in, any political campaign on behalf of (or in opposition to) any candidate for elective public office.

 	Contributions to political campaign funds or public statements of position (verbal or written) made on behalf of the organization in favor of or in opposition to any candidate for public office clearly violate the prohibition against political campaign activity.

 	Violating this prohibition may result in denial or revocation of tax-exempt status and the imposition of certain excise taxes.

Additional Information:
Made a number of changes to the Lobbying Disclosure Act, including a ban on most gifts from an independent college or university that employs or engages a lobbyist.

Additional Information:
Made a number of changes to the Lobbying Disclosure Act, including a ban on most gifts from an independent college or university that employs or engages a lobbyist.","No specific requirements provided

Additional Requirements:
Requires active lobbying registrants and individual lobbyists to file a semi-annual report of certain contributions along with certification that the filer understands the gift and travel rules of both the House and the Senate by the following deadlines:
July 30 Mid-Year (January 1 – June 30)
January 30 Year End (July 1 – December 31)

Additional Requirements:
Requires active lobbying registrants and individual lobbyists to file a semi-annual report of certain contributions along with certification that the filer understands the gift and travel rules of both the House and the Senate by the following deadlines:
July 30 Mid-Year (January 1 – June 30)
January 30 Year End (July 1 – December 31)",Other,federal,t,,,2025-03-07 15:52:18.139,1970-01-01 00:00:00,,[],"",,,"","","","","","","","",,,"","",,,1,,2025-03-07 15:21:09.709673,,t,,,,"[{""type"": ""attestation"", ""status"": ""pending"", ""enabled"": true, ""required"": false}, {""type"": ""website_publish"", ""status"": ""pending"", ""enabled"": true, ""required"": false}, {""type"": ""community_communication"", ""status"": ""pending"", ""enabled"": true, ""required"": false}, {""type"": ""agency_submission"", ""status"": ""pending"", ""enabled"": true, ""required"": false}]","",,
4657,REG1900,Title IX of the Education Amendment of 1972,Housing,20 U.S.C. §§ 1681-1688,1633,"Under the Title IX common rule, a recipient may not apply different rules or regulations, impose different fees or requirements, or offer different services or benefits related to housing based on sex. However, a recipient may provide separate housing on the basis of sex if such housing is both proportionate in quantity to the number of students of each sex applying for the housing and comparable in quality and cost to the student.

 	Any grievance records relating to a Title IX violation or complaint must be retained for the period of time cited in state law for personal injury actions.

Additional Information:
Under the Title IX common rule, a recipient may not apply different rules or regulations, impose different fees or requirements, or offer different services or benefits related to housing based on sex. However, a recipient may provide separate housing on the basis of sex if such housing is both proportionate in quantity to the number of students of each sex applying for the housing and comparable in quality and cost to the student.

 	Any grievance records relating to a Title IX violation or complaint must be retained for the period of time cited in state law for personal injury actions.

Additional Information:
Prohibits discrimination on the basis of sex in the admission of education programs or activities receiving federal financial assistance including employment.

 	Under the Title IX common rule, a recipient may not discriminate against any person on the basis of sex in the counseling or guidance of students or applicants for admission. Specifically, in appraising or counseling students, a recipient must not use different testing or other materials on the basis of sex or use materials that permit or require different treatment of students on the basis of sex. Such different materials may be used, however, where they cover the same occupational interest areas and their use is shown to be essential to eliminate sex bias.

 	Any grievance records relating to a Title IX violation or complaint must be retained for the period of time cited in state law for personal injury actions.",No specific requirements provided,Academic Programs,federal,t,,,2025-03-07 15:52:20.414,1970-01-01 00:00:00,,[],"",https://www.ed.gov,Department of Education,"","","","","","","","",,,"","",,,1,,2025-03-07 15:21:09.709673,,t,,,,"[{""type"": ""attestation"", ""status"": ""pending"", ""enabled"": true, ""required"": false}, {""type"": ""website_publish"", ""status"": ""pending"", ""enabled"": true, ""required"": false}, {""type"": ""community_communication"", ""status"": ""pending"", ""enabled"": true, ""required"": false}, {""type"": ""agency_submission"", ""status"": ""pending"", ""enabled"": true, ""required"": false}]","",,
4664,REG1936,Digital Millennium Copyright Act (DMCA),Information Technology,Public Law 105-304,1597,"Imposes rules prohibiting the circumvention of technological protection measures.

 	Sets limitations on copyright infringement liability for online service providers (OSPs).

 	Expands an existing exemption for making copies of computer programs.

 	Provides a significant updating of the rules and procedures regarding archival preservation.

Additional Information:
Imposes rules prohibiting the circumvention of technological protection measures.

 	Sets limitations on copyright infringement liability for online service providers (OSPs).

 	Expands an existing exemption for making copies of computer programs.

 	Provides a significant updating of the rules and procedures regarding archival preservation.

Additional Information:
Makes it a criminal offense to willfully infringe a copyright by sharing, as well as selling, pirated software with a retail value of $1,000 or more.

 	Offenders will be subject to up to five years in prison, and a $250,000 fine.

Additional Information:
A tax-exempt nonprofit University is exempt from the Do-Not-Call-Registry, but may not call any residential telephone subscriber before 8 a.m. or after 9 p.m. local time at the called party's location.

Additional Information:
Makes it a criminal offense to willfully infringe a copyright by sharing, as well as selling, pirated software with a retail value of $1,000 or more.

 	Offenders will be subject to up to five years in prison, and a $250,000 fine.","No specific requirements provided

Additional Requirements:
No specific requirements provided

Additional Requirements:
No specific requirements provided",Information Technology,federal,t,,,2025-03-07 15:52:19.51,1970-01-01 00:00:00,,[],"",,,"","","","","","","","",,,"","",,,1,,2025-03-07 15:21:09.709673,,t,,,,"[{""type"": ""attestation"", ""status"": ""pending"", ""enabled"": true, ""required"": false}, {""type"": ""website_publish"", ""status"": ""pending"", ""enabled"": true, ""required"": false}, {""type"": ""community_communication"", ""status"": ""pending"", ""enabled"": true, ""required"": false}, {""type"": ""agency_submission"", ""status"": ""pending"", ""enabled"": true, ""required"": false}]","",,
4617,REG2052,Higher Education Act: Cohort Default Rate,Financial Aid,20 U.S.C. § 1015a,"1611,1614","Cohort default rates are used to determine institutional eligibility to participate in various Title IV programs.

Additional Information:
Cohort default rates are used to determine institutional eligibility to participate in various Title IV programs.

Additional Information:
Perkins Loans are not currently supported or funded by the federal government, and are self-sustaining only.  Authorization of additional appropriations for the Federal Perkins Loan program beyond FY2015 is prohibited.

 	The university must: 1) Make loans first to students with exceptional need; 2) provide assurances that thorough and adequate loan information is provided to student borrowers; and 3) enter into cooperative agreements with credit bureaus to exchange information concerning student borrowers.

 	At or prior to making a Perkins Loan the university must disclose thorough and adequate loan information including: 1) Name of institution of higher education and payment address; 2) principal loan amount and interest rate; 3) charges collected at or prior to disbursal and whether deducted from the loan or paid separately by borrower; 4) yearly and cumulative maximum amounts that may be borrowed; 5) when repayment is required and when accrued interest must be paid; 6) minimum and maximum repayment term, minimum monthly payment; 7) definition of default and consequences, and default penalty; 8) total cumulative balance and projected monthly payment; 9) options for consolidation or refinancing; 10) right to prepay without penalty and deferral options; 11) effect of loan on eligibility for other aid; 12) cost to borrower in making loan; and 13) a notice and explanation regarding the end to future availability of the loan made under this part.

 	An institution was able to make loans to an eligible undergraduate borrower under the Perkins program through September 30, 2016, provided that the institution had already awarded all Federal Direct Loans for which the student was eligible. Through March 31, 2018, an institution may continue to disburse Perkins Loans to an eligible graduate student to enable the student to continue or complete an academic program, provided that the student received a Perkins loan for an academic year ending prior to October 1, 2016, and provided that the institution has awarded all Federal Direct Loans for which the student is eligible.

Additional Information:
The university may maintain a preferred vendor list so long as it is not used to deny or impede a borrower's choice of lenders, offers three or more lenders not affiliated with one another, and doesn't include lenders who have offered financial or other benefits to be included on the list.

 	The university must disclose to borrowers the method and criteria used to select preferred lenders, and offer comparative information to borrowers about each lender's benefits.

 	The university must include in its preferred lender materials a prominent statement that borrowers are not required to use any lender on the list, and may not delay award certification because a preferred lender is not used.

 	The preferred lender list and associated information must be updated annually.

Additional Information:
An institution must enter into a written program participation agreement with the Department of Education in order to participate in any Title IV, HEA program (other than the LEAP and NEISP programs).

 	The written program participation agreement requires that the university, among other things: (1) Maintain administrative and fiscal procedures for proper and efficient administration of program funds; (2) demonstrate financial responsibility and administrative capability; (3) make voter registration forms widely available to enrolled students at the institution (either by email or regular email); (4) in the case of an institution that advertises job placement rates to attract students, make available to prospective students the most recent available employment statistics and state licensing requirements, (5) in the case of an institution participating in the FFEL or Direct Loan programs, inform all eligible borrowers enrolled in the institution about the availability and eligibility of such borrowers for state grant assistance from the state in which the institution is located, and will inform such borrowers from another state of the source for further information concerning such assistance from that state, and (6) certify that it has a drug abuse prevention program available to everyone, a campus security policy, and that it is in compliance with athletic program participation rate and financial support data disclosures.

 	Under the written program participation agreement the university is prohibited from engaging in the following activities: (1) Charging students fees for processing program eligibility applications, forms or data; (2) knowingly employing or contracting with individuals or entities in any capacity involving administration of HEA programs if they have been found to have committed fraud or other violations involving federal/state/local funds; (3) penalizing or denying students access because of inability to meet financial obligations resulting from delays in disbursement due to program compliance requirements or institutional delays; and (4) providing a commission/bonus to any person or entity engaged in any student recruiting, admission activities, or award decision-making based on success in securing enrollments or financial aid.

 	Use of a third party servicer does not relieve the university of the compliance requirements under this part.

Additional Information:
The university must maintain any application for Title IV, HEA program funds and program records that document: 1) Its eligibility to participate and eligibility of its programs to receive funds; 2) its administration of the HEA programs per applicable requirements; 3) its financial responsibility; 4) information included in any application for program funds; and 5) its disbursement and delivery of program funds.
The university must maintain the following financial information: 1) The Student Aid Report (SAR) or Institutional Student Information Record (ISIR); 2) application data submitted on behalf of the student or parent; 3) documentation of each student's or parent borrower's eligibility for and receipt of program funds and loan detail; 4) documentation of and information collected at initial or exit loan counseling; 5) reports and forms used by the University in participating in an HEA program, and any records needed to verify data in those reports and forms; and 6) documentation supporting calculations of the University's completion or graduation rates.
The university must keep records relating to administration of the Federal Perkins Loan, FWS, FSEOG, or Federal Pell Grant Program for three years after the end of the award year for which the aid was awarded and disbursed.
The university must keep records relating to a student or parent borrower's eligibility and participation in the FFEL or Direct Loan Program for three years after the end of the award year in which the student last attended the institution. All other records relating to the University's participation in the FFEL or Direct Loan Program must be kept for three years after the end of the award year in which the records are submitted. Records pertaining to any loan, claim, or expenditure questioned by a program audit, review, or investigation must be kept until resolution or the end of the applicable retention period, whichever is later.

Additional Information:
The university acts as a fiduciary in administering Title IV, HEA programs. Failure to administer the program or account for the funds received under that program in accordance with the highest standard of care and diligence constitutes grounds for: 1) An emergency action; 2) a fine (up to $27,500 per violation); or 3) limitation, suspension, or termination of the institution's participation in that program.

Additional Information:
 Institutions must report (1) qualified tuition and related expenses and (2) student loan interest to the IRS.

 	Institutions must also provide payors with a statement that includes the tax information furnished to the IRS.

Additional Information:
The university must maintain any application for Title IV, HEA program funds and program records that document: 1) Its eligibility to participate and eligibility of its programs to receive funds; 2) its administration of the HEA programs per applicable requirements; 3) its financial responsibility; 4) information included in any application for program funds; and 5) its disbursement and delivery of program funds.
The university must maintain the following financial information: 1) The Student Aid Report (SAR) or Institutional Student Information Record (ISIR); 2) application data submitted on behalf of the student or parent; 3) documentation of each student's or parent borrower's eligibility for and receipt of program funds and loan detail; 4) documentation of and information collected at initial or exit loan counseling; 5) reports and forms used by the University in participating in an HEA program, and any records needed to verify data in those reports and forms; and 6) documentation supporting calculations of the University's completion or graduation rates.
The university must keep records relating to administration of the Federal Perkins Loan, FWS, FSEOG, or Federal Pell Grant Program for three years after the end of the award year for which the aid was awarded and disbursed.
The university must keep records relating to a student or parent borrower's eligibility and participation in the FFEL or Direct Loan Program for three years after the end of the award year in which the student last attended the institution. All other records relating to the University's participation in the FFEL or Direct Loan Program must be kept for three years after the end of the award year in which the records are submitted. Records pertaining to any loan, claim, or expenditure questioned by a program audit, review, or investigation must be kept until resolution or the end of the applicable retention period, whichever is later.","No specific requirements provided

Additional Requirements:
20 U.S.C. § 1087bb and 34 C.F.R. § 674.19: Fiscal Operations Report and Application to Participate (FISAP) reports cover the institution’s fiscal operations and request for future funding for Title IV Federal campus-based funds (SEOG, Perkins Loans, Work Study, and Federal Pell Grants. Due by September 30 each year.

Additional Requirements:
No specific requirements provided

Additional Requirements:
The institution must publish and make readily available to current and prospective students information on the entire federal, state, local, private, and institutional financial assistance programs available to students who enroll at the institution. Institutional information must also be made available as well. Although no deadline is specifically enumerated, September 1st is suggested.

The institution should request the voter registration forms from the state at least 120 days before the deadline to register to vote.

Employment statistics and state licensing requirements, if required, must be provided to prospective students at or before the time they apply.

Additional Requirements:
No specific requirements provided

Additional Requirements:
No specific requirements provided

Additional Requirements:
Institutions must complete Form 1098-T (qualified tuition payments) and Form 1098-E (student loan interest payments), both of which must be filed with the IRS on or before February 28th, or March 31st if filed electronically.

The required statement to all persons who made qualified tuition or student loan interest payments must be sent to the payor on or before January 31st of the year following the calendar year in which payments were received or amounts were billed for qualified tuition and related expenses, or in which the student loan interest payments were received. The statement may simply be a copy of Form 1098-T or Form 1098-E, respectively.

Institutions must certify that they have met the regulatory requirements for soliciting student taxpayer identification numbers (TINs) at least once during the year.",Academic Programs,federal,t,,,2025-03-07 15:52:23.494,1970-01-01 00:00:00,,[],"",https://www.ed.gov,Department of Education,"","","","","","","","",,,"","",,,1,,2025-03-07 15:21:09.709673,,t,,,,"[{""type"": ""attestation"", ""status"": ""pending"", ""enabled"": true, ""required"": false}, {""type"": ""website_publish"", ""status"": ""pending"", ""enabled"": true, ""required"": false}, {""type"": ""community_communication"", ""status"": ""pending"", ""enabled"": true, ""required"": false}, {""type"": ""agency_submission"", ""status"": ""pending"", ""enabled"": true, ""required"": false}]","",,
4607,REG3953,Foreign Assets Control Regulations,Export Controls,22 U.S.C. § 7201-7211,1639,"Foreign Assets Control Regulations of the U.S. Department of Treasury require persons subject to U.S. jurisdiction to have a license to engage in certain transactions related to travel to, from and within regulated countries.

Additional Information:
The International Traffic in Arms Regulations govern the export of defense articles and defense services, i.e. those items with a military application.  The licensing conditions for materials covered as military products and technology are set forth at  22 U.S.C. § 2778.

 	The Department of State administers this law.

Additional Information:
Grants statutory authority to president to impose sanctions during times of war.

Additional Information:
The International Traffic in Arms Regulations govern the export of defense articles and defense services, i.e. those items with a military application.  The licensing conditions for materials covered as military products and technology are set forth at  22 U.S.C. § 2778.

 	The Department of State administers this law.","Not Applicable

Additional Requirements:
No specific requirements provided

Additional Requirements:
No specific requirements provided",Research,federal,t,,,2025-03-07 15:52:23.941,1970-01-01 00:00:00,,[],Not Applicable,,,"","","","","","",Not Applicable,"",,,"","",,,1,,2025-03-07 15:21:09.709673,,t,,,,"[{""type"": ""attestation"", ""status"": ""pending"", ""enabled"": true, ""required"": false}, {""type"": ""website_publish"", ""status"": ""pending"", ""enabled"": true, ""required"": false}, {""type"": ""community_communication"", ""status"": ""pending"", ""enabled"": true, ""required"": false}, {""type"": ""agency_submission"", ""status"": ""pending"", ""enabled"": true, ""required"": false}]","",,
4560,REG3387,Patient Protection and Affordable Care Act,Employee Benefits,Public Law No. 111-148,"1770,1691","Beginning in 2015, under IRC 4980H applicable large employers (generally those with 50 or more employees) must pay a tax penalty if


(1) they do not offer health insurance coverage to substantially all of their full-time employees or
(2) the coverage they do offer is not affordable or does not provide a certain minimum level of benefits.

 	A full-time employee under the employer mandate is defined as a common law employee who is employed an average of at least 30 hours per week.

 	The final regulations offer some specific guidance to higher education institutions with respect to counting the hours worked by certain adjunct faculty and student workers.

Additional Information:
Beginning in 2015, under IRC 4980H applicable large employers (generally those with 50 or more employees) must pay a tax penalty if


(1) they do not offer health insurance coverage to substantially all of their full-time employees or
(2) the coverage they do offer is not affordable or does not provide a certain minimum level of benefits.

 	A full-time employee under the employer mandate is defined as a common law employee who is employed an average of at least 30 hours per week.

 	The final regulations offer some specific guidance to higher education institutions with respect to counting the hours worked by certain adjunct faculty and student workers.

Additional Information:
Under the Title IX common rule, a recipient must not discriminate on the basis of sex in providing health and insurance benefits or services. Specifically, the provision of such benefits and services to students must meet the same requirements as outlined in the employee provisions of the common rule.

 	Any grievance records relating to a Title IX violation or complaint must be retained for the period of time cited in state law for personal injury actions.

Additional Information:
Seeks to ensure that members of the uniformed services are entitled to return to their civilian employment upon completion of their service.

 	Qualified employees must be reinstated with the seniority, status, and rate of pay they would have obtained had they remained continuously employed by their civilian employer.

 	The law also protects individuals from discrimination in hiring, promotion, and retention on the basis of present and future membership in the armed services.

Additional Information:
Provides the rights, benefits, and obligations of persons absent from employment for military service.","By July 31 of each year between 2013 and 2019 (for plan years ending on or after 10/1/12 and before 10/1/19), the University must file IRS Form 720 and pay applicable PCOR (Patient Centered Outcome Research Institute) fees for any covered self-insured plans, at the applicable rate ($1.00 per covered life for 2012, $2.00 for 2013, adjusted for health inflation thereafter).

Section 6055 requires an applicable large employer to report to the IRS with respect to the minimum essential coverage it provides to an individual during a calendar year.

Section 6056 requires an applicable large employer to file a return with the IRS that reports, for each employee who was a full-time employee for one or more months during the calendar year, certain information about the health care coverage the employer offered to that employee.

Sections 6055 and 6056 also require applicable large employers to furnish, by January 31 of the calendar year following the calendar year for which the return must be filed, related statements to responsible individuals (Section 6055) and to full-time employees (Section 6056).

(Note: The reporting rules take effect January 1, 2015, with the first returns filed under Section 6055 and 6056 due in early 2016.)

Additional Requirements:
By July 31 of each year between 2013 and 2019 (for plan years ending on or after 10/1/12 and before 10/1/19), the University must file IRS Form 720 and pay applicable PCOR (Patient Centered Outcome Research Institute) fees for any covered self-insured plans, at the applicable rate ($1.00 per covered life for 2012, $2.00 for 2013, adjusted for health inflation thereafter).

Section 6055 requires an applicable large employer to report to the IRS with respect to the minimum essential coverage it provides to an individual during a calendar year.

Section 6056 requires an applicable large employer to file a return with the IRS that reports, for each employee who was a full-time employee for one or more months during the calendar year, certain information about the health care coverage the employer offered to that employee.

Sections 6055 and 6056 also require applicable large employers to furnish, by January 31 of the calendar year following the calendar year for which the return must be filed, related statements to responsible individuals (Section 6055) and to full-time employees (Section 6056).

(Note: The reporting rules take effect January 1, 2015, with the first returns filed under Section 6055 and 6056 due in early 2016.)

Additional Requirements:
No specific requirements provided

Additional Requirements:
No specific requirements provided

Additional Requirements:
By September 30th of each year the University must file Federal Contractor Veterans Employment Report (VETS-100) reporting the number of disabled veterans, Vietnam veterans and protected veterans employed and hired.",Human Resources,federal,t,,,2025-03-07 15:52:24.944,1970-01-01 00:00:00,,[],"By July 31 of each year between 2013 and 2019 (for plan years ending on or after 10/1/12 and before 10/1/19), the University must file IRS Form 720 and pay applicable PCOR (Patient Centered Outcome Research Institute) fees for any covered self-insured plans, at the applicable rate ($1.00 per covered life for 2012, $2.00 for 2013, adjusted for health inflation thereafter).

Section 6055 requires an applicable large employer to report to the IRS with respect to the minimum essential coverage it provides to an individual during a calendar year.

Section 6056 requires an applicable large employer to file a return with the IRS that reports, for each employee who was a full-time employee for one or more months during the calendar year, certain information about the health care coverage the employer offered to that employee.

Sections 6055 and 6056 also require applicable large employers to furnish, by January 31 of the calendar year following the calendar year for which the return must be filed, related statements to responsible individuals (Section 6055) and to full-time employees (Section 6056).

(Note: The reporting rules take effect January 1, 2015, with the first returns filed under Section 6055 and 6056 due in early 2016.)",https://www.dol.gov,Department of Labor,"","","","","","","By July 31 of each year between 2013 and 2019 (for plan years ending on or after 10/1/12 and before 10/1/19), the University must file IRS Form 720 and pay applicable PCOR (Patient Centered Outcome Research Institute) fees for any covered self-insured plans, at the applicable rate ($1.00 per covered life for 2012, $2.00 for 2013, adjusted for health inflation thereafter).

Section 6055 requires an applicable large employer to report to the IRS with respect to the minimum essential coverage it provides to an individual during a calendar year.

Section 6056 requires an applicable large employer to file a return with the IRS that reports, for each employee who was a full-time employee for one or more months during the calendar year, certain information about the health care coverage the employer offered to that employee.

Sections 6055 and 6056 also require applicable large employers to furnish, by January 31 of the calendar year following the calendar year for which the return must be filed, related statements to responsible individuals (Section 6055) and to full-time employees (Section 6056).

(Note: The reporting rules take effect January 1, 2015, with the first returns filed under Section 6055 and 6056 due in early 2016.)","",,,"","",,,1,,2025-03-07 15:21:09.709673,,t,,,,"[{""type"": ""attestation"", ""status"": ""pending"", ""enabled"": true, ""required"": false}, {""type"": ""website_publish"", ""status"": ""pending"", ""enabled"": true, ""required"": false}, {""type"": ""community_communication"", ""status"": ""pending"", ""enabled"": true, ""required"": false}, {""type"": ""agency_submission"", ""status"": ""pending"", ""enabled"": true, ""required"": false}]","",,
4547,REG1830,Equal Pay Act of 1963,Diversity/Affirmative Action,29 U.S.C. § 206(d),1662,"Prohibits sex-based wage discrimination between men and women in the same establishment who perform jobs that require substantially equal skill, effort and responsibility under similar working conditions.

Additional Information:
Prohibits sex-based wage discrimination between men and women in the same establishment who perform jobs that require substantially equal skill, effort and responsibility under similar working conditions.

Additional Information:
Seeks to ensure that members of the uniformed services are entitled to return to their civilian employment upon completion of their service.

 	Qualified employees must be reinstated with the seniority, status, and rate of pay they would have obtained had they remained continuously employed by their civilian employer.

 	The law also protects individuals from discrimination in hiring, promotion, and retention on the basis of present and future membership in the armed services.

Additional Information:
No summary provided

Additional Information:
Title VII prohibits discrimination in hiring, firing, training, promotion, discipline, or other workplace decisions on the basis of an employee or applicant's race, color, sex, national origin, or religion.

 	Sexual harassment is also prohibited under this law.

 	Prohibits discrimination based on race, color, or national origin in educational and/or academic programs or activities receiving federal financial assistance.","No specific requirements provided

Additional Requirements:
No specific requirements provided

Additional Requirements:
No specific requirements provided",Human Resources,federal,t,,,2025-03-07 15:52:25.776,1970-01-01 00:00:00,,[],"",https://www.dol.gov,Department of Labor,"","","","","","","","",,,"","",,,1,,2025-03-07 15:21:09.709673,,t,,,,"[{""type"": ""attestation"", ""status"": ""pending"", ""enabled"": true, ""required"": false}, {""type"": ""website_publish"", ""status"": ""pending"", ""enabled"": true, ""required"": false}, {""type"": ""community_communication"", ""status"": ""pending"", ""enabled"": true, ""required"": false}, {""type"": ""agency_submission"", ""status"": ""pending"", ""enabled"": true, ""required"": false}]","",,
4517,REG1997,Copyright Act,Copyright & Trademark,17 U.S.C. §§ 101-1332,1598,"Protects the rights of authors from unauthorized reproduction/adaptation/performance/display/distribution of protected works of authorship, including computer software, books, journals etc. Software licenses required.

 	Includes an exception for ""fair use"" in criticism, comment, teaching, scholarship and research.

Additional Information:
Protects the rights of authors from unauthorized reproduction/adaptation/performance/display/distribution of protected works of authorship, including computer software, books, journals etc. Software licenses required.

 	Includes an exception for ""fair use"" in criticism, comment, teaching, scholarship and research.

Additional Information:
Requires the following disclosures to enrolled students: (a) Policies/sanctions for copyright infringement; and (b) annual disclosure detailing federal copyright penalties.

Additional Information:
Applies to ""Noncommercial Webcasters"" and to ""Small Commercial Webcasters.""

 	Enables Exchange, the recording industry's royalty collection clearinghouse, to enter into royalty rate agreements with small commercial and all noncommercial webcasters.

Additional Information:
Permits an instructor to display virtually all types of works during on-line instruction at accredited nonprofit educational institutions without consent of copyright owner, provided that instruction is mediated by an instructor, transmission is intended only for students enrolled in course, and measures are employed to prevent redistribution of transmission and prevent its retention for longer than the class session.

Additional Information:
Permits an instructor to display virtually all types of works during on-line instruction at accredited nonprofit educational institutions without consent of copyright owner, provided that instruction is mediated by an instructor, transmission is intended only for students enrolled in course, and measures are employed to prevent redistribution of transmission and prevent its retention for longer than the class session.","No specific requirements provided

Additional Requirements:
No deadline is mandated, but September 1 is suggested.

Additional Requirements:
Stations that average under 75 simultaneous users will have the option of submitting reports of use that do not require any audience data (ATH of ATP) or paying a $100 proxy fee in lieu of any reporting.
Stations with an average concurrent audience of over 75 will be required to submit reports of use, but they will not have to submit audience data.
The fee for these stations remains at $500 annually through 2016 unless the station has an ATH above 159, 140 (~208 average concurrent users in any month).

Additional Requirements:
No specific requirements provided",Information Technology,federal,t,,,2025-03-07 15:52:26.53,1970-01-01 00:00:00,,[],"",,,"","","","","","","","",,,"","",,,1,,2025-03-07 15:21:09.709673,,t,,,,"[{""type"": ""attestation"", ""status"": ""pending"", ""enabled"": true, ""required"": false}, {""type"": ""website_publish"", ""status"": ""pending"", ""enabled"": true, ""required"": false}, {""type"": ""community_communication"", ""status"": ""pending"", ""enabled"": true, ""required"": false}, {""type"": ""agency_submission"", ""status"": ""pending"", ""enabled"": true, ""required"": false}]","",,
4485,REG1799,Age Discrimination Act of 1975,Admissions,Age Discrimination Act of 1975,3962,"Prohibits discrimination based on age in the admission of educational and/or academic programs or activities that receive federal financial assistance.

 	Prohibits retaliation for filing a complaint with OCR or for advocating for a right protected by the Act.

Additional Information:
Prohibits discrimination based on age in the admission of educational and/or academic programs or activities that receive federal financial assistance.

 	Prohibits retaliation for filing a complaint with OCR or for advocating for a right protected by the Act.

Additional Information:
Requires that the University readmit students who left in order to join the military. The student must be readmitted in the same academic status. Generally, the length of absence cannot be greater than five (5) years. Exceptions to this law include those veterans receiving a dishonorable discharge or bad conduct charge, those who were court marshaled, and those who the University is reasonably unable to prepare to resume or complete their program.

Additional Information:
Prohibits discrimination on the basis of sex in the admission of education programs or activities receiving federal financial assistance including employment.

 	Under the Title IX common rule, a recipient may not discriminate against any person on the basis of sex in the counseling or guidance of students or applicants for admission. Specifically, in appraising or counseling students, a recipient must not use different testing or other materials on the basis of sex or use materials that permit or require different treatment of students on the basis of sex. Such different materials may be used, however, where they cover the same occupational interest areas and their use is shown to be essential to eliminate sex bias.

 	Any grievance records relating to a Title IX violation or complaint must be retained for the period of time cited in state law for personal injury actions.

Additional Information:
Prohibits discrimination based on race, color, or national origin in the admission of educational and/or academic programs or activities receiving federal financial assistance.

Additional Information:
Prohibits discrimination based on race, color, or national origin in the admission of educational and/or academic programs or activities receiving federal financial assistance.","No specific requirements provided

Additional Requirements:
No specific requirements provided

Additional Requirements:
No specific requirements provided

Additional Requirements:
No specific requirements provided",Academic Programs,federal,t,,,2025-03-07 15:52:26.981,1970-01-01 00:00:00,,[],"",https://www.ed.gov,Department of Education,"","","","","","","","",,,"","",,,1,,2025-03-07 15:21:09.709673,,t,,,,"[{""type"": ""attestation"", ""status"": ""pending"", ""enabled"": true, ""required"": false}, {""type"": ""website_publish"", ""status"": ""pending"", ""enabled"": true, ""required"": false}, {""type"": ""community_communication"", ""status"": ""pending"", ""enabled"": true, ""required"": false}, {""type"": ""agency_submission"", ""status"": ""pending"", ""enabled"": true, ""required"": false}]","",,
4462,REG1983,Higher Education Act: Textbook Information,Academic Programs,20 USC § 1015(b),1636,"Requires disclosure of the course schedule along with the International Standard Book Number (ISBN) of every required and recommended textbook and supplemental material and retail price information to all prospective and enrolled students.

Additional Information:
Requires disclosure of the course schedule along with the International Standard Book Number (ISBN) of every required and recommended textbook and supplemental material and retail price information to all prospective and enrolled students.

Additional Information:
Prohibits discrimination based on age in educational or academic programs or activities that receive federal financial assistance.

 	Prohibits retaliation for filing a complaint with OCR or participating in a mediation or investigation of a violation, or for advocating for a right protected by the Act.

Additional Information:
Prohibits discrimination based on age in educational or academic programs or activities that receive federal financial assistance.

 	Prohibits retaliation for filing a complaint with OCR or participating in a mediation or investigation of a violation, or for advocating for a right protected by the Act.","No deadline is mandated, but October 1 annually is suggested.

Additional Requirements:
No deadline is mandated, but October 1 annually is suggested.

Additional Requirements:
No specific requirements provided",Academic Programs,federal,t,,,2025-03-07 15:52:28.355,1970-01-01 00:00:00,,[],"No deadline is mandated, but October 1 annually is suggested.",https://www.ed.gov,Department of Education,"","","","","","","No deadline is mandated, but October 1 annually is suggested.","",,,"","",,,1,,2025-03-07 15:21:09.709673,,t,,,,"[{""type"": ""attestation"", ""status"": ""pending"", ""enabled"": true, ""required"": false}, {""type"": ""website_publish"", ""status"": ""pending"", ""enabled"": true, ""required"": false}, {""type"": ""community_communication"", ""status"": ""pending"", ""enabled"": true, ""required"": false}, {""type"": ""agency_submission"", ""status"": ""pending"", ""enabled"": true, ""required"": false}]","",,
4747,REG1930,Civil Service Reform Act of 1978,Unions,"","","These regulations establish a Bill of Rights for union members and set standards for union reports, trusteeships imposed on subordinate unions, elections of union officers, financial safe-guards, and other matters.
They also set forth administrative procedures for enforcing the standards of conduct requirements, including hearings before an administrative law judge and determinations by the Assistant Secretary for Employment Standards.

Additional Information:
It is an unfair labor practice for the University to: 1) Interfere with, restrain, or coerce employees in the exercise of their rights; 2) dominate or interfere with the formation or administration of any labor organization; 3) discriminate in any term or condition of employment; 4) encourage or discourage membership in any labor organization; or 5) refuse to bargain collectively with a labor organization's representatives.","",Human Resources,federal,t,,,2025-03-07 15:52:30.003,1970-01-01 00:00:00,,[],"",https://www.dol.gov,Department of Labor,"","","","","","","","",,,"","",,,1,,2025-03-07 15:21:09.709673,,t,,,,"[{""type"": ""attestation"", ""status"": ""pending"", ""enabled"": true, ""required"": false}, {""type"": ""website_publish"", ""status"": ""pending"", ""enabled"": true, ""required"": false}, {""type"": ""community_communication"", ""status"": ""pending"", ""enabled"": true, ""required"": false}, {""type"": ""agency_submission"", ""status"": ""pending"", ""enabled"": true, ""required"": false}]","",,
4736,REG3390,Foreign Bank Accounts and Tax Filings,Tax,31 U.S.C. § 5314(a),1676,"US institutions and citizens that have an ownership interest in foreign bank accounts, or US citizens with signature authority over a foreign bank account have to file form TD F 90.22-1 (FBAR).

 	The latter must report the account on an FBAR even if the foreign financial account is reported on an FBAR filed by the owner of the account (or other person that has a financial interest in the account).

Additional Information:
Requires disclosure of lobbying activities when receiving federal contracts, grants, loans or cooperative agreements.","Form TD F 90.22-1  must be filed and received by April 15th of the year following any year during which the institution possessed signature or other authority over, or had a monetary interest in, foreign financial accounts.

Additional Requirements:
Requires certification and disclosure with each submission for consideration of a federal contract, grant or cooperative agreement exceeding $100,000 or an award of a federal loan or commitment providing for the U.S. to insure or guarantee a loan exceeding $150,000.

Federal contractors, grantees and those receiving federal loans and cooperative agreements must also report lobbying expenditures from non-federal sources which they used to obtain such federal program monies or contracts.",Finance,federal,t,,,2025-03-07 15:52:29.63,1970-01-01 00:00:00,,[],"Form TD F 90.22-1  must be filed and received by April 15th of the year following any year during which the institution possessed signature or other authority over, or had a monetary interest in, foreign financial accounts.","",,"","","","","","","Form TD F 90.22-1  must be filed and received by April 15th of the year following any year during which the institution possessed signature or other authority over, or had a monetary interest in, foreign financial accounts.","",,,"","",,,1,,2025-03-07 15:21:09.709673,,t,,,,"[{""type"": ""attestation"", ""status"": ""pending"", ""enabled"": true, ""required"": false}, {""type"": ""website_publish"", ""status"": ""pending"", ""enabled"": true, ""required"": false}, {""type"": ""community_communication"", ""status"": ""pending"", ""enabled"": true, ""required"": false}, {""type"": ""agency_submission"", ""status"": ""pending"", ""enabled"": true, ""required"": false}]","",,
4501,REG1812,Jeanne Clery Disclosure of Campus Security Policy and Campus Crime Statistics Act,Campus Safety and Security,20 U.S.C. § 1092(f),1618,"The Jeanne Clery Disclosure of Campus Security Policy and Campus Crime Statistics Act (Clery Act) is a federal law that requires colleges and universities to disclose certain timely and annual information about campus crime and security policies. The law, originally enacted by Congress in 1990 as the Campus Security Act, was championed by Howard and Connie Clery after their daughter Jeanne was murdered at Lehigh University in 1986.","Institutions must collect and report crime statistics, maintain a daily crime log, provide timely warnings of crimes that pose a serious threat to students and employees, publish an annual security report, and maintain crime statistics for crimes committed on campus, in unobstructed public areas immediately adjacent to or running through the campus, and at certain non-campus facilities.",Campus Safety,federal,t,,,2025-03-07 18:12:25.601651,2025-03-07 15:03:07.809,,"[{""date"": ""Specific deadline provided by the Department of Education"", ""type"": ""submission"", ""frequency"": ""Annually"", ""description"": ""Regulatory submission deadline""}]","An institution that provides any on-campus student housing facility must include in its Annual Security Report a statement of policy regarding missing student notification procedures for students who reside in on-campus student housing facilities.

By October 1 of each year, an institution must distribute its Annual Security Report to all enrolled students and current employees.",https://clerycenter.org,Clery Center,"",Campus Safety,https://www.law.cornell.edu/uscode/text/20/1092,https://www.ecfr.gov/current/title-34/subtitle-B/chapter-VI/part-668/subpart-D/section-668.46,https://www.clerycenter.org/policy-resources,https://surveys.ope.ed.gov/campussafety,"By October 1st of each year, institutions must publish and distribute their Annual Security Report to current students and employees. The report must include statistics of campus crime for the preceding 3 calendar years, plus details about efforts taken to improve campus safety.","",,,"","",,,1,,2025-03-07 18:12:25.601651,Consolidated all Clery Act regulations into single record,t,"{""changes"": [{""type"": ""merger"", ""field"": ""merged"", ""newValue"": ""REG1812"", ""oldValue"": ""REG-1741359787809""}]}",,,"[{""type"": ""attestation"", ""status"": ""pending"", ""enabled"": true, ""required"": false}, {""type"": ""website_publish"", ""status"": ""pending"", ""enabled"": true, ""required"": false}, {""type"": ""community_communication"", ""status"": ""pending"", ""enabled"": true, ""required"": false}, {""type"": ""agency_submission"", ""status"": ""pending"", ""enabled"": true, ""required"": false}]","",,
4839,PA-paDep-1741801714075,Department of Environmental Protection,Higher Education,"",,"Our mission is to protect Pennsylvania’s air, land, and water resources while ensuring the health and safety of all residents and visitors to the commonwealth.
Created to accelerate permit processing and keep Pennsylvania aligned with business demands, eligible permit applications will use DEP-approved contractors for expedited review.
The Invitation For Bids (IFB) is now open to find qualified professionals to fill these roles.
Climate Change
Pennsylvania Pipeline Portal
PFAS in Pennsylvania
Dr","Our mission is to protect Pennsylvania’s air, land, and water resources while ensuring the health and safety of all residents and visitors to the commonwealth.
Created to accelerate permit processing and keep Pennsylvania aligned with business demands, eligible permit applications will use DEP-approved contractors for expedited review.
The Invitation For Bids (IFB) is now open to find qualified professionals to fill these roles.
Climate Change
Pennsylvania Pipeline Portal
PFAS in Pennsylvania
Driving PA Forward
Methane Reduction Strategy
Stormwater Management
Bay Restoration
Lead in Drinking Water
Mine Subsidence Insurance
The Environmental Regulatory Process in Pennsylvania
Stream Maintenance
DEP to Host Public Hearing on North Centre Township HSCA Investigation in Columbia County
DEP Provides Update on Lancaster County Plane Crash Cleanup
Shapiro Administration Holds Energy Transfer Accountable for Contaminating
Shapiro Administration Launches RISE PA Initiative to Create Energy Jobs, Cut Costs, Grow Pennsylvania’s Energy & Manufacturing Industries, and Lower Toxic Air Pollution
RISE PA will create thousands of good-paying jobs in construction and manufacturing – the $396 million program is for projects to reduce energy costs and air pollution from industrial facilities.
Union labor, environmental advocates, and leaders from across the energy industry have praised the Shapiro Administration’s commonsense efforts to create jobs and tackle industrial pollution while helping build healthier communities and a stronger economy in Pennsylvania.
Accessibility and discrimination
The Pennsylvania Department of Environmental Protection (DEP) works to make sure everyone can access its services. Learn more about how we do this by reading our policy.
Eligible for a refund of your permits, licenses, or certification application fees?​
Department of Environmental Protection social contacts Follow on Facebook
Department of Environmental Protection social contacts Follow on X
Department of Environmental Protection social contacts Follow on LinkedIn
Department of Environmental Protection social contacts Follow on Instagram
Department of Environmental Protection social contacts Follow on YouTube
Department of Environmental Protection social contacts Contact Us
Media Inquiries
Open Data Portal
",Campus Safety,state,t,,,2025-03-12 19:08:51.83,2025-03-12 19:07:35.735,,,,https://www.dep.pa.gov,paDep,,paDep,https://www.dep.pa.gov/agencies/dep/programs-and-services.html,,,,,,,,,,,"[{""url"": ""https://www.dep.pa.gov/agencies/dep/programs-and-services.html"", ""type"": ""web-scrape"", ""lastChecked"": ""2025-03-12T19:07:35.735Z""}]",33,4839,2025-03-12 17:48:40.989146,,t,,PA,paDep,"[{""type"": ""attestation"", ""status"": ""pending"", ""enabled"": true, ""required"": false}, {""type"": ""website_publish"", ""status"": ""pending"", ""enabled"": true, ""required"": false}, {""type"": ""community_communication"", ""status"": ""pending"", ""enabled"": true, ""required"": false}, {""type"": ""agency_submission"", ""status"": ""pending"", ""enabled"": true, ""required"": false}]","",,
4841,PA-paEducation-1741801794954,Pennsylvania Department of Education (PDE),Higher Education,"",,"The Pennsylvania Department of Education (PDE) oversees 500 public school districts, more than 170 public charter schools, public cyber charter schools, Career and Technology Centers/Vocational Technical schools, public Intermediate Units, the education of youth in State Juvenile Correctional Institutions, Head Starts and publicly funded preschools, and community colleges.
PDE also oversees policies related to public, academic, and school libraries, and the State Library of Pennsylvania.
Clearan","The Pennsylvania Department of Education (PDE) oversees 500 public school districts, more than 170 public charter schools, public cyber charter schools, Career and Technology Centers/Vocational Technical schools, public Intermediate Units, the education of youth in State Juvenile Correctional Institutions, Head Starts and publicly funded preschools, and community colleges.
PDE also oversees policies related to public, academic, and school libraries, and the State Library of Pennsylvania.
Clearances & Background Checks
Continuing Education and Professional Development
Child Labor Laws
Special Education
Certification Testing Requirements
Accessibility
Transcripts & Diplomas
2024-25 Education Budget
State Board of Higher Education to Embark on Statewide Stakeholder Engagement Tour to Help Develop Strategic Plan
Shapiro Administration Highlights Commonsense Investments to Fight Food Insecurity at Millersville University
Shapiro Administration Invites Nominations for National RISE Award to Honor Exceptional School Employees Across Pennsylvania
Shapiro Administration Announces $300,000 to Educate Students Recovering at Home from Serious Medical Conditions
Contact Us Form
Contact by Phone
PDE Executive Staff
PDE Press Office
State Library of Pennsylvania
Collecting, preserving, and providing access to materials for, by, and about Pennsylvania.
Professional Standards and Practices Commission
The Professional Standards and Practices Commission sets preparation, certification, practice, and conduct standards for teachers.
State Board of Education
The State Board of Education reviews, develops, and adopts regulations that govern basic and higher education in the Commonwealth.
State Board of Higher Education
Provide direction, coordination, and support to ensure that institutions of higher education fully meet the workforce and economic development needs of this Commonwealth.
",Campus Safety,state,t,,,2025-03-12 19:08:57.81,2025-03-12 19:07:52.789,,,,https://www.education.pa.gov,paEducation,,paEducation,https://www.education.pa.gov/agencies/education.html,,,,,,,,,,,"[{""url"": ""https://www.education.pa.gov/agencies/education.html"", ""type"": ""web-scrape"", ""lastChecked"": ""2025-03-12T19:07:52.789Z""}]",14,4841,2025-03-12 17:49:54.988515,,t,,PA,paEducation,"[{""type"": ""attestation"", ""status"": ""pending"", ""enabled"": true, ""required"": false}, {""type"": ""website_publish"", ""status"": ""pending"", ""enabled"": true, ""required"": false}, {""type"": ""community_communication"", ""status"": ""pending"", ""enabled"": true, ""required"": false}, {""type"": ""agency_submission"", ""status"": ""pending"", ""enabled"": true, ""required"": false}]","",,
4843,PA-paEducation-1741802621689,Certification Testing Requirements,Higher Education,"",,"Pennsylvania Department of Education (PDE)
Overview
The Pennsylvania Department of Education (PDE) oversees 500 public school districts, more than 170 public charter schools, public cyber charter schools, Career and Technology Centers/Vocational Technical schools, public Intermediate Units, the education of youth in State Juvenile Correctional Institutions, Head Starts and publicly funded preschools, and community colleges.
PDE also oversees policies related to public, academic, and school libra","Pennsylvania Department of Education (PDE)
Overview
The Pennsylvania Department of Education (PDE) oversees 500 public school districts, more than 170 public charter schools, public cyber charter schools, Career and Technology Centers/Vocational Technical schools, public Intermediate Units, the education of youth in State Juvenile Correctional Institutions, Head Starts and publicly funded preschools, and community colleges.
PDE also oversees policies related to public, academic, and school libraries, and the State Library of Pennsylvania.
Certification
Login to TIMS
•
Clearances & Background Checks
•
Continuing Education and Professional Development
•
Child Labor Laws
•
Special Education
•
Certification Testing Requirements
•
Accessibility
•
Transcripts & Diplomas
•
2024-25 Education Budget
Teach in PA
EmpowerU
Food & Nutrition
Career and Technical Education
New Releases
•
State Board of Higher Education to Embark on Statewide Stakeholder Engagement Tour to Help Develop Strategic Plan
•
Shapiro Administration Highlights Commonsense Investments to Fight Food Insecurity at Millersville University
•
Shapiro Administration Invites Nominations for National RISE Award to Honor Exceptional School Employees Across Pennsylvania
•
Shapiro Administration Announces $300,000 to Educate Students Recovering at Home from Serious Medical Conditions
Contact Information & Affiliates
•
Contact Us Form
•
Contact by Phone
•
PDE Executive Staff
•
PDE Press Office
•
State Library of Pennsylvania
Collecting, preserving, and providing access to materials for, by, and about Pennsylvania.
•
Professional Standards and Practices Commission
The Professional Standards and Practices Commission sets preparation, certification, practice, and conduct standards for teachers.
•
State Board of Education
The State Board of Education reviews, develops, and adopts regulations that govern basic and higher education in the Commonwealth.
•
State Board of Higher Education
Provide direction, coordination, and support to ensure that institutions of higher education fully meet the workforce and economic development needs of this Commonwealth.",Academic Programs,state,t,,,2025-03-12 18:41:11.723,2025-03-12 18:40:35.779,,,,https://www.education.pa.gov,paEducation,,paEducation,https://www.education.pa.gov/social-media-policy-and-disclaimer.html,,,,,,,,,,,"[{""url"": ""https://www.education.pa.gov/social-media-policy-and-disclaimer.html"", ""type"": ""web-scrape"", ""lastChecked"": ""2025-03-12T18:40:35.779Z""}]",26,4843,2025-03-12 18:03:41.724213,,t,,PA,paEducation,"[{""type"": ""attestation"", ""status"": ""pending"", ""enabled"": true, ""required"": false}, {""type"": ""website_publish"", ""status"": ""pending"", ""enabled"": true, ""required"": false}, {""type"": ""community_communication"", ""status"": ""pending"", ""enabled"": true, ""required"": false}, {""type"": ""agency_submission"", ""status"": ""pending"", ""enabled"": true, ""required"": false}]","",,
4851,PA-paStateSystem-1741813212086,student complaints.html,Higher Education,"",,"Page Content
Student Complaint Process
In accordance with federal law and in cooperation with the Pennsylvania Department
of Education, the State System provides a process to review complaints of System students
or prospective students who believe their complaints have not been resolved with the
System university that they were attending or hoped to attend. Grievances, complaints,
or concerns must first be submitted directly to the university in accordance with
university procedures and policies","Page Content
Student Complaint Process
In accordance with federal law and in cooperation with the Pennsylvania Department
of Education, the State System provides a process to review complaints of System students
or prospective students who believe their complaints have not been resolved with the
System university that they were attending or hoped to attend. Grievances, complaints,
or concerns must first be submitted directly to the university in accordance with
university procedures and policies. If a student believes that the issue was not resolved
by the university, the student may file a complaint with the State System’s Office
of the Chancellor, using the System’s official complaint form.Click here to review the State System’s complaint process.",Academic Programs,state,t,,,2025-03-12 21:17:06.403,2025-03-12 21:16:47.34,,,,https://www.passhe.edu/inside/policies/Pages/Board-of-Governors-Policies.aspx,paStateSystem,,paStateSystem,https://www.passhe.edu/student-complaints.html,,,,,,,,,,,"[{""url"": ""https://www.passhe.edu/student-complaints.html"", ""type"": ""web-scrape"", ""lastChecked"": ""2025-03-12T21:16:47.340Z""}]",2,4851,2025-03-12 21:00:11.956707,,t,,PA,paStateSystem,"[{""type"": ""attestation"", ""status"": ""pending"", ""enabled"": true, ""required"": false}, {""type"": ""website_publish"", ""status"": ""pending"", ""enabled"": true, ""required"": false}, {""type"": ""community_communication"", ""status"": ""pending"", ""enabled"": true, ""required"": false}, {""type"": ""agency_submission"", ""status"": ""pending"", ""enabled"": true, ""required"": false}]","",,
4463,REG3392,Higher Education Opportunity Act Sections 152 and 153,Academic Programs,Public Law No. 110-315,1766,"<li style=""list-style-type: none"">

 	Sections 152 and 153 require the following disclosures to enrolled students:
c) transfer of credit policies; . . .





f) diversity statistics;
g) retention rates;
h) employment placement data;
i) fire safety report; . . .
k) along with the course schedule, the International Standard Book Number (ISBN) of every required and recommended textbook and supplemental material and retail price info . . .

Disclosures c) - k) must be available to prospective students as well.

Additional Information:
<li style=""list-style-type: none"">

 	Sections 152 and 153 require the following disclosures to enrolled students:
c) transfer of credit policies; . . .





f) diversity statistics;
g) retention rates;
h) employment placement data;
i) fire safety report; . . .
k) along with the course schedule, the International Standard Book Number (ISBN) of every required and recommended textbook and supplemental material and retail price info . . .

Disclosures c) - k) must be available to prospective students as well.","No deadline is mandated, but September 1 is suggested.

Additional Requirements:
No deadline is mandated, but September 1 is suggested.",Academic Programs,federal,t,,,2025-03-06 14:29:46.61,,,,"No deadline is mandated, but September 1 is suggested.",https://www.ed.gov,Department of Education,"","","","","","","No deadline is mandated, but September 1 is suggested.","",,,"","",,,1,,2025-03-07 15:21:09.709673,,t,,,,"[{""type"": ""attestation"", ""status"": ""pending"", ""enabled"": true, ""required"": false}, {""type"": ""website_publish"", ""status"": ""pending"", ""enabled"": true, ""required"": false}, {""type"": ""community_communication"", ""status"": ""pending"", ""enabled"": true, ""required"": false}, {""type"": ""agency_submission"", ""status"": ""pending"", ""enabled"": true, ""required"": false}]","",,
4464,REG1790,Section 504 of The Rehabilitation Act of 1973,Academic Programs,29 U.S.C. § 701,1665,"Prohibits discrimination on the basis of disability at any federally-funded institution. This covers admissions, recruitment, educational and/or academic programs and services, housing and non-academic programs and services such as counseling, placement, physical education and athletics, student clubs and organizations. This list is not exhaustive.

Additional Information:
Prohibits discrimination on the basis of disability at any federally-funded institution. This covers admissions, recruitment, educational and/or academic programs and services, housing and non-academic programs and services such as counseling, placement, physical education and athletics, student clubs and organizations. This list is not exhaustive.",No specific requirements provided,Academic Programs,federal,t,,,2025-03-06 14:29:46.896,,,,"",https://www.ed.gov,Department of Education,"","","","","","","","",,,"","",,,1,,2025-03-07 15:21:09.709673,,t,,,,"[{""type"": ""attestation"", ""status"": ""pending"", ""enabled"": true, ""required"": false}, {""type"": ""website_publish"", ""status"": ""pending"", ""enabled"": true, ""required"": false}, {""type"": ""community_communication"", ""status"": ""pending"", ""enabled"": true, ""required"": false}, {""type"": ""agency_submission"", ""status"": ""pending"", ""enabled"": true, ""required"": false}]","",,
4465,REG1987,Title IX of the Education Amendment of 1972,Academic Programs,20 U.S.C. §§ 1681-1688,1633,"Prohibits discrimination on the basis of sex in education programs or activities receiving federal financial assistance including employment.

 	Any grievance records relating to a Title IX violation or complaint must be retained for the period of time cited in state law for personal injury actions.

Additional Information:
Prohibits discrimination on the basis of sex in education programs or activities receiving federal financial assistance including employment.

 	Any grievance records relating to a Title IX violation or complaint must be retained for the period of time cited in state law for personal injury actions.",No specific requirements provided,Academic Programs,federal,t,,,2025-03-06 14:29:47.23,,,,"",https://www.ed.gov,Department of Education,"","","","","","","","",,,"","",,,1,,2025-03-07 15:21:09.709673,,t,,,,"[{""type"": ""attestation"", ""status"": ""pending"", ""enabled"": true, ""required"": false}, {""type"": ""website_publish"", ""status"": ""pending"", ""enabled"": true, ""required"": false}, {""type"": ""community_communication"", ""status"": ""pending"", ""enabled"": true, ""required"": false}, {""type"": ""agency_submission"", ""status"": ""pending"", ""enabled"": true, ""required"": false}]","",,
4466,REG1791,Title VI of the Civil Rights Act of 1964,Academic Programs,Title VI of the Civil Rights Act of 1964,,"Prohibits discrimination based on race, color, or national origin in educational and/or academic programs or activities receiving federal financial assistance.

Additional Information:
Prohibits discrimination based on race, color, or national origin in educational and/or academic programs or activities receiving federal financial assistance.",No specific requirements provided,Academic Programs,federal,t,,,2025-03-06 14:29:47.571,,,,"",https://www.ed.gov,Department of Education,"","","","","","","","",,,"","",,,1,,2025-03-07 15:21:09.709673,,t,,,,"[{""type"": ""attestation"", ""status"": ""pending"", ""enabled"": true, ""required"": false}, {""type"": ""website_publish"", ""status"": ""pending"", ""enabled"": true, ""required"": false}, {""type"": ""community_communication"", ""status"": ""pending"", ""enabled"": true, ""required"": false}, {""type"": ""agency_submission"", ""status"": ""pending"", ""enabled"": true, ""required"": false}]","",,
4768,REG-1741272815611,Title IX of the Education Amendments of 1972,Civil Rights,20 U.S.C. §§ 1681 - 1688,"","Title IX prohibits sex-based discrimination in any school or other education program that receives federal funding. This includes discrimination based on gender identity and sexual orientation. It covers a wide range of issues, including but not limited to admissions, recruitment, financial aid, academic programs, student treatment and services, counseling and guidance, discipline, classroom assignment, grading, vocational education, recreation, physical education, athletics, housing, and employment.","Educational institutions are required to comply with a wide range of requirements, such as adopting and publishing grievance procedures, designating one employee as a Title IX coordinator, not discriminating on the basis of sex in any educational program or activity, promptly responding to any complaints of sex discrimination, and ensuring that no person is retaliated against for opposing an unlawful educational practice or policy, or made the victim of a different form of discrimination.",Civil Rights,federal,t,,,2025-03-06 14:53:35.611,2025-03-06 14:53:35.611,2026-03-06 14:53:35.611,,"",https://www.ed.gov,Department of Education,"",Office for Civil Rights (OCR),"","","","",,"",,,"","",,,1,,2025-03-07 15:21:09.709673,,t,,,,"[{""type"": ""attestation"", ""status"": ""pending"", ""enabled"": true, ""required"": false}, {""type"": ""website_publish"", ""status"": ""pending"", ""enabled"": true, ""required"": false}, {""type"": ""community_communication"", ""status"": ""pending"", ""enabled"": true, ""required"": false}, {""type"": ""agency_submission"", ""status"": ""pending"", ""enabled"": true, ""required"": false}]","",,
4773,REG-1741273073877,Title IX of the Education Amendments of 1972,Civil Rights,20 U.S.C. §§ 1681–1688,"","Title IX is a federal law that prohibits discrimination based on sex in educational institutions that receive federal funding. This includes discrimination in all aspects of education such as admissions, athletics, and other school activities. It also addresses sexual harassment, sexual assault, and any gender-based discrimination that may deny a person access to educational benefits and opportunities.","Educational institutions are required to adopt and publish grievance procedures for students to file complaints of sex discrimination, to designate a Title IX coordinator to oversee the school's duties under Title IX, and to notify all students and employees of the name or title, office address, email address, and telephone number of its Title IX coordinator. Institutions are also required to respond promptly and effectively to sexual harassment and sexual assault complaints and to take steps to prevent recurrence and remedy its discriminatory effects on the complainant and others.",Civil Rights,federal,t,,,2025-03-06 14:57:53.877,2025-03-06 14:57:53.877,2026-03-06 14:57:53.877,,"",https://www.ed.gov,U.S. Department of Education,"",Office for Civil Rights (OCR),"","","","",,"",,,"","",,,1,,2025-03-07 15:21:09.709673,,t,,,,"[{""type"": ""attestation"", ""status"": ""pending"", ""enabled"": true, ""required"": false}, {""type"": ""website_publish"", ""status"": ""pending"", ""enabled"": true, ""required"": false}, {""type"": ""community_communication"", ""status"": ""pending"", ""enabled"": true, ""required"": false}, {""type"": ""agency_submission"", ""status"": ""pending"", ""enabled"": true, ""required"": false}]","",,
4475,REG1796,Regulation E: Electronic Fund Transfers,Accounting,15 U.S.C. § 1693b,1583,"Establishes the basic rights, liabilities and responsibilities of consumers who use electronic fund transfer services and of financial institutions that offer these services.

Additional Information:
An employer must pay social security taxes on employees but an exemption exists for most students also working for the University, for clergy whose services are performed in the exercise of their ministry, and for professional employees as defined in 26 CFR § 31.3121(b)(10)-2.

 	To avoid penalty for reporting incorrect SSN on W-2 forms, transmit data file electronically to the Social Security Administration (SSA). Report all employees hired in the specific quarter listing name (as it appears in HR System), SSN, sex, and date of birth. After information is queried against SSA's database, mismatches are sent back for resolution.",No specific requirements provided,Finance,federal,t,,,2025-03-06 14:29:50.616,,,,"",,,"","","","","","","","",,,"","",,,1,,2025-03-07 15:21:09.709673,,t,,,,"[{""type"": ""attestation"", ""status"": ""pending"", ""enabled"": true, ""required"": false}, {""type"": ""website_publish"", ""status"": ""pending"", ""enabled"": true, ""required"": false}, {""type"": ""community_communication"", ""status"": ""pending"", ""enabled"": true, ""required"": false}, {""type"": ""agency_submission"", ""status"": ""pending"", ""enabled"": true, ""required"": false}]","",,
4476,REG1797,Sarbanes Oxley Act of 2002 (SOX),Accounting,Public Law No. 107-204,1754,"Designed to protect investors by improving the accuracy and reliability of corporate disclosures made pursuant to the securities laws.

 	Does not apply to public entities but may represent best practices.

 	18 U.S. Code § 1519 makes destruction, alteration, or falsification of records in federal investigations, bankruptcy, or any matter within the jurisdiction of a federal department or agency a crime punishable by fines and up to 20 years imprisonment, and applies to all individuals, not just publicly traded corporations.

 	Bars independent auditors from providing certain non-audit services to the client institution.

Additional Information:
Imposes a 1.4 percent excise tax on the net investment income of private institutions that:

 	Have at least 500 students

 	Have more than 50% of students located in the U.S.

 	Have assets valued at the close of the preceding tax year of at least $500,000 per full-time student.",No specific requirements provided,Finance,federal,t,,,2025-03-06 14:29:50.903,,,,"",,,"","","","","","","","",,,"","",,,1,,2025-03-07 15:21:09.709673,,t,,,,"[{""type"": ""attestation"", ""status"": ""pending"", ""enabled"": true, ""required"": false}, {""type"": ""website_publish"", ""status"": ""pending"", ""enabled"": true, ""required"": false}, {""type"": ""community_communication"", ""status"": ""pending"", ""enabled"": true, ""required"": false}, {""type"": ""agency_submission"", ""status"": ""pending"", ""enabled"": true, ""required"": false}]","",,
4472,REG1989,Federal Unemployment Tax Act (FUTA),Accounting,26 U.S.C. §§ 3301-3311,1656,"<li style=""list-style-type: none"">

 	Provides for payments of unemployment compensation to workers who have lost their jobs.

 	If an employer’s FUTA tax is more than $500 for the calendar year, the employer must deposit at least one quarterly payment.  If not, alternate rules apply. See IRS Publication: Topic Number 759 - Form 940 – Employer's Annual Federal Unemployment (FUTA) Tax Return – Filing and Deposit Requirements

Additional Information:
Establishes the basic rights, liabilities and responsibilities of consumers who use electronic fund transfer services and of financial institutions that offer these services.

Additional Information:
Requires disclosure statements for loans and credit plans, but exempts Perkins Loans and Federal Family Education Loans.

 	Loans made, insured or guaranteed pursuant to programs authorized by Title IV are exempt.","No specific requirements provided

Additional Requirements:
No specific requirements provided",Finance,federal,t,,,2025-03-06 14:29:51.134,,,,"",https://www.dol.gov,Department of Labor,"","","","","","","","",,,"","",,,1,,2025-03-07 15:21:09.709673,,t,,,,"[{""type"": ""attestation"", ""status"": ""pending"", ""enabled"": true, ""required"": false}, {""type"": ""website_publish"", ""status"": ""pending"", ""enabled"": true, ""required"": false}, {""type"": ""community_communication"", ""status"": ""pending"", ""enabled"": true, ""required"": false}, {""type"": ""agency_submission"", ""status"": ""pending"", ""enabled"": true, ""required"": false}]","",,
4477,REG1798,Sherman Antitrust Act,Accounting,15 U.S.C. §§ 1-7,1588,"Prohibits “every contract, combination…, or conspiracy, in restraining of trade or commerce among the several States, or with foreign nations.”

 	This law has been applied to colleges and universities in a number of instances regarding purchases.

 	The Department of Justice interpreted this law to mean that financial aid awards must be established independently and not in concert with other institutions.

 	May also apply to establishing prices for items in a bookstore based on collaboration with a wholesaler or another retailer.

 	Section 568 - known as the antitrust exemption - allows colleges and universities to collaborate on a common formula for determining a student's financial need.","",Finance,federal,t,,,2014-01-24 00:00:00,,,,"","",,"","","","","","","","",,,"","",,,1,,2025-03-07 15:21:09.709673,,t,,,,"[{""type"": ""attestation"", ""status"": ""pending"", ""enabled"": true, ""required"": false}, {""type"": ""website_publish"", ""status"": ""pending"", ""enabled"": true, ""required"": false}, {""type"": ""community_communication"", ""status"": ""pending"", ""enabled"": true, ""required"": false}, {""type"": ""agency_submission"", ""status"": ""pending"", ""enabled"": true, ""required"": false}]","",,
4478,REG1991,Social Security Act,Accounting,42 U.S.C. §§ 301-1397mm,1708,"An employer must pay social security taxes on employees but an exemption exists for most students also working for the University, for clergy whose services are performed in the exercise of their ministry, and for professional employees as defined in 26 CFR § 31.3121(b)(10)-2.

 	To avoid penalty for reporting incorrect SSN on W-2 forms, transmit data file electronically to the Social Security Administration (SSA). Report all employees hired in the specific quarter listing name (as it appears in HR System), SSN, sex, and date of birth. After information is queried against SSA's database, mismatches are sent back for resolution.","",Finance,federal,t,,,2014-01-24 00:00:00,,,,"","",,"","","","","","","","",,,"","",,,1,,2025-03-07 15:21:09.709673,,t,,,,"[{""type"": ""attestation"", ""status"": ""pending"", ""enabled"": true, ""required"": false}, {""type"": ""website_publish"", ""status"": ""pending"", ""enabled"": true, ""required"": false}, {""type"": ""community_communication"", ""status"": ""pending"", ""enabled"": true, ""required"": false}, {""type"": ""agency_submission"", ""status"": ""pending"", ""enabled"": true, ""required"": false}]","",,
4480,REG1990,Truth in Lending Act,Accounting,15 U.S.C. §§ 1601-1693r,1591,"Requires disclosure statements for loans and credit plans, but exempts Perkins Loans and Federal Family Education Loans.

 	Loans made, insured or guaranteed pursuant to programs authorized by Title IV are exempt.","",Finance,federal,t,,,2014-01-24 00:00:00,,,,"","",,"","","","","","","","",,,"","",,,1,,2025-03-07 15:21:09.709673,,t,,,,"[{""type"": ""attestation"", ""status"": ""pending"", ""enabled"": true, ""required"": false}, {""type"": ""website_publish"", ""status"": ""pending"", ""enabled"": true, ""required"": false}, {""type"": ""community_communication"", ""status"": ""pending"", ""enabled"": true, ""required"": false}, {""type"": ""agency_submission"", ""status"": ""pending"", ""enabled"": true, ""required"": false}]","",,
4481,REG2046,"Uniform Administrative Requirements, Cost Principles, and Audit Requirements for Federal Awards (Uniform Guidance, Super Circular, or Omni Circular)",Accounting,"Uniform Administrative Requirements, Cost Principles, and Audit Requirements for Federal Awards (Uniform Guidance, Super Circular, or Omni Circular)",1778,"The Uniform Guidance streamlines and consolidates the federal government’s guidance on administrative rules, cost principles, and audit requirements for federal awards (including sponsored research awards and others awarded to institutions) across the entire federal government. Also requires disclosures of potential conflicts of interest or criminal violations.

 	Department of Education exceptions to the Uniform Guidance are available here.","Higher education institutions that receive aggregate federal awards totaling $50 million or more per fiscal year must disclose their cost accounting practices by filing a Disclosure Statement (DS-2), and amendments to the DS-2 must be filed six months in advance of a disclosed practice being changed.",Finance,federal,t,,,2014-03-28 00:00:00,,,,"Higher education institutions that receive aggregate federal awards totaling $50 million or more per fiscal year must disclose their cost accounting practices by filing a Disclosure Statement (DS-2), and amendments to the DS-2 must be filed six months in advance of a disclosed practice being changed.","",,"","","","","","","Higher education institutions that receive aggregate federal awards totaling $50 million or more per fiscal year must disclose their cost accounting practices by filing a Disclosure Statement (DS-2), and amendments to the DS-2 must be filed six months in advance of a disclosed practice being changed.","",,,"","",,,1,,2025-03-07 15:21:09.709673,,t,,,,"[{""type"": ""attestation"", ""status"": ""pending"", ""enabled"": true, ""required"": false}, {""type"": ""website_publish"", ""status"": ""pending"", ""enabled"": true, ""required"": false}, {""type"": ""community_communication"", ""status"": ""pending"", ""enabled"": true, ""required"": false}, {""type"": ""agency_submission"", ""status"": ""pending"", ""enabled"": true, ""required"": false}]","",,
4482,REG1787,Unrelated Business Income Tax (UBIT),Accounting,26 U.S.C. § 511,1651,"Regulates unrelated business income, which is income from a trade or business, regularly carried on, that is not substantially related to the charitable, educational, or other purpose that is the basis of the organization's exemption.",Unrelated business income must be reported to the IRS on Form 990-T. Various deadlines apply.,Finance,federal,t,,,2014-01-22 00:00:00,,,,Unrelated business income must be reported to the IRS on Form 990-T. Various deadlines apply.,"",,"","","","","","",Unrelated business income must be reported to the IRS on Form 990-T. Various deadlines apply.,"",,,"","",,,1,,2025-03-07 15:21:09.709673,,t,,,,"[{""type"": ""attestation"", ""status"": ""pending"", ""enabled"": true, ""required"": false}, {""type"": ""website_publish"", ""status"": ""pending"", ""enabled"": true, ""required"": false}, {""type"": ""community_communication"", ""status"": ""pending"", ""enabled"": true, ""required"": false}, {""type"": ""agency_submission"", ""status"": ""pending"", ""enabled"": true, ""required"": false}]","",,
4765,REG-1741272408230,Family Educational Rights and Privacy Act 2024 Update,Student Privacy,20 U.S.C. § 1232g; 34 CFR Part 99,"","This regulation protects the privacy of student education records and gives parents certain rights with respect to their children's education records. In 2024, changes were made to clarify the requirements for educational institutions and improve the protection of student's data.","Educational institutions must provide parents with access to their child's education records, allow parents to request the correction of records they believe are misleading or incorrect, and obtain written permission from parents before releasing any information from a student's education record.",Academic Programs,federal,t,,,2025-03-06 14:46:48.23,2025-03-06 14:46:48.23,2026-03-06 14:46:48.23,,"",https://www.ed.gov/,U.S. Department of Education,"",Office of the Chief Privacy Officer,"","","","",,"",,,"","",,,1,,2025-03-07 15:21:09.709673,,t,,,,"[{""type"": ""attestation"", ""status"": ""pending"", ""enabled"": true, ""required"": false}, {""type"": ""website_publish"", ""status"": ""pending"", ""enabled"": true, ""required"": false}, {""type"": ""community_communication"", ""status"": ""pending"", ""enabled"": true, ""required"": false}, {""type"": ""agency_submission"", ""status"": ""pending"", ""enabled"": true, ""required"": false}]","",,
4754,TEST-REG-001,Test Regulation,Testing,Test Statute,,,,Campus Safety,federal,t,,,2025-03-12 15:49:44.552,,,,,,,,,,,,,,,,,,,,,1,,2025-03-07 15:21:09.709673,,t,,,,"[{""type"": ""attestation"", ""status"": ""pending"", ""enabled"": true, ""required"": false}, {""type"": ""website_publish"", ""status"": ""pending"", ""enabled"": true, ""required"": false}, {""type"": ""community_communication"", ""status"": ""pending"", ""enabled"": true, ""required"": false}, {""type"": ""agency_submission"", ""status"": ""pending"", ""enabled"": true, ""required"": false}]","",,
4493,REG1803,Title IX,Athletics,20 U.S.C. §§ 1681-1688,1633,"Requires that no person shall on the basis of sex, be excluded from participation in, be denied the benefits of, be treated differently from another person, or otherwise be discriminated against in any interscholastic, intercollegiate, club or intramural athletics offered by a recipient, and no recipient shall provide such athletics separately on such basis.

Additional Information:
Requires that no person shall on the basis of sex, be excluded from participation in, be denied the benefits of, be treated differently from another person, or otherwise be discriminated against in any interscholastic, intercollegiate, club or intramural athletics offered by a recipient, and no recipient shall provide such athletics separately on such basis.",No specific requirements provided,Academic Programs,federal,t,,,2025-03-06 14:29:54.35,,,,"",https://www.ed.gov,Department of Education,"","","","","","","","",,,"","",,,1,,2025-03-07 15:21:09.709673,,t,,,,"[{""type"": ""attestation"", ""status"": ""pending"", ""enabled"": true, ""required"": false}, {""type"": ""website_publish"", ""status"": ""pending"", ""enabled"": true, ""required"": false}, {""type"": ""community_communication"", ""status"": ""pending"", ""enabled"": true, ""required"": false}, {""type"": ""agency_submission"", ""status"": ""pending"", ""enabled"": true, ""required"": false}]","",,
4494,REG1804,Higher Education Act: Textbook Informatoin,Auxiliary Services,Public Law No. 110-315,"1766,1612","Provision of ISBN college textbook information in course schedules. Each school must disclose on the school's internet course schedule used for preregistration and registration purposes, the ISBN and retail price of required and recommended textbooks and supplemental materials for each course listed.  If no ISBN is available, the institution may provide the textbook's author, title, publisher, and copyright date. If the disclosure is not practical for a certain text, a designation of *to be determined* can be noted. Written course schedules should indicate where on the university web page this information will be posted. 20 U.S.C. 1015b(d).

 	Availability of information for college bookstores.  The bookstore operated by or affiliated with the school, the school must make available as soon as practicable the most accurate information regarding the schools course schedule, information for recurred and recommended textbooks and supplemental materials and number of students enrolled in each course or class and maximum student enrollment for each course or class. 20 U.S.C. § 1015b(e).

 	HEA encourages schools to disseminate information regarding book rentals, used textbooks, buyback programs, and alternative delivery programs or other cost saving strategies. Schools shall make available to the college bookstore, upon request, the most accurate information regarding the course schedule for the next academic period and for each course offered, the information described above, the number of students enrolled in such course, and the maximum enrollment for each class.

Additional Information:
Provision of ISBN college textbook information in course schedules. Each school must disclose on the school's internet course schedule used for preregistration and registration purposes, the ISBN and retail price of required and recommended textbooks and supplemental materials for each course listed.  If no ISBN is available, the institution may provide the textbook's author, title, publisher, and copyright date. If the disclosure is not practical for a certain text, a designation of *to be determined* can be noted. Written course schedules should indicate where on the university web page this information will be posted. 20 U.S.C. 1015b(d).

 	Availability of information for college bookstores.  The bookstore operated by or affiliated with the school, the school must make available as soon as practicable the most accurate information regarding the schools course schedule, information for recurred and recommended textbooks and supplemental materials and number of students enrolled in each course or class and maximum student enrollment for each course or class. 20 U.S.C. § 1015b(e).

 	HEA encourages schools to disseminate information regarding book rentals, used textbooks, buyback programs, and alternative delivery programs or other cost saving strategies. Schools shall make available to the college bookstore, upon request, the most accurate information regarding the course schedule for the next academic period and for each course offered, the information described above, the number of students enrolled in such course, and the maximum enrollment for each class.",No specific requirements provided,Academic Programs,federal,t,,,2025-03-06 14:29:54.614,,,,"",https://www.ed.gov,Department of Education,"","","","","","","","",,,"","",,,1,,2025-03-07 15:21:09.709673,,t,,,,"[{""type"": ""attestation"", ""status"": ""pending"", ""enabled"": true, ""required"": false}, {""type"": ""website_publish"", ""status"": ""pending"", ""enabled"": true, ""required"": false}, {""type"": ""community_communication"", ""status"": ""pending"", ""enabled"": true, ""required"": false}, {""type"": ""agency_submission"", ""status"": ""pending"", ""enabled"": true, ""required"": false}]","",,
4769,REG-1741272828629,Americans with Disabilities Act (ADA) Amendments Act of 2008,Civil Rights,42 U.S.C. § 12101 et seq.,"","The ADA Amendments Act of 2008 (ADAAA) is a wide-ranging civil rights law that prohibits, under certain circumstances, discrimination based on disability. The Act extends the mandate of the original Americans with Disabilities Act to include postsecondary institutions. It provides broader protections for disabled students and staff by extending the definition of 'disability', ensuring that a person is considered to be a person with a disability, and hence protected by the act, if they have a physical or mental impairment that substantially limits one or more major life activities.","Educational institutions must ensure accessible facilities and accommodation for students, staff and visitors with disabilities. This includes academic adjustments, auxiliary aids, services, or changes in policies or procedures that are necessary for disabled students to have an equal opportunity to participate in all academic and extracurricular activities. Institutions are also required to remove architectural, transportation, and communication barriers where such removal is readily achievable.",Civil Rights,federal,t,,,2025-03-06 14:53:48.629,2025-03-06 14:53:48.629,2026-03-06 14:53:48.629,,"",https://www.ed.gov,United States Department of Education,"",Office for Civil Rights (OCR),"","","","",,"",,,"","",,,1,,2025-03-07 15:21:09.709673,,t,,,,"[{""type"": ""attestation"", ""status"": ""pending"", ""enabled"": true, ""required"": false}, {""type"": ""website_publish"", ""status"": ""pending"", ""enabled"": true, ""required"": false}, {""type"": ""community_communication"", ""status"": ""pending"", ""enabled"": true, ""required"": false}, {""type"": ""agency_submission"", ""status"": ""pending"", ""enabled"": true, ""required"": false}]","",,
4770,REG-1741272841965,Family Education Rights and Privacy Act (FERPA) 2024 Update,Education Rights,20 U.S.C. § 1232g,"","The 2024 Update to the Family Education Rights and Privacy Act (FERPA) governs the access and privacy of student education records, further defining and protecting student rights. This update includes additional guidelines on digital and cloud storage data, as well as the sharing of data with third-party vendors in the context of online learning.","Educational institutions must ensure that education records are kept private and cannot be disclosed without student consent, except under specific circumstances outlined in the regulation. Institutions must adopt reasonable methods to verify the identity of parents, students, and school officials who request access to education records. They also need to provide annual notifications to students about their rights under FERPA. The 2024 update requires institutions to implement additional cyber security measures for digital and cloud-stored student records, as well as stricter data sharing agreements with third-party vendors.",Student Services,federal,t,,,2025-03-06 14:54:01.965,2025-03-06 14:54:01.965,2026-03-06 14:54:01.965,,"",https://www.ed.gov,U.S. Department of Education,"",Office for Civil Rights,"","","","",,"",,,"","",,,1,,2025-03-07 15:21:09.709673,,t,,,,"[{""type"": ""attestation"", ""status"": ""pending"", ""enabled"": true, ""required"": false}, {""type"": ""website_publish"", ""status"": ""pending"", ""enabled"": true, ""required"": false}, {""type"": ""community_communication"", ""status"": ""pending"", ""enabled"": true, ""required"": false}, {""type"": ""agency_submission"", ""status"": ""pending"", ""enabled"": true, ""required"": false}]","",,
4774,REG-1741273084897,Americans with Disabilities Act Amendments Act of 2008 (ADAAA),Civil Rights,42 U.S.C. § 12101 et seq.,"",The ADAAA is a civil rights law that prohibits discrimination based on disability. It applies to public and private institutions that receive federal financial assistance and extends protections to students with disabilities to ensure equal access to education and services. It broadens the definition of 'disability' to cover more individuals.,"Educational institutions must provide reasonable accommodations for students with disabilities, ensure that facilities are accessible, and cannot discriminate based on disability in any aspect of academic and extracurricular activities or services. They must also have a designated ADA compliance officer and a process for students to request accommodations and file complaints.",Civil Rights,federal,t,,,2025-03-06 14:58:04.897,2025-03-06 14:58:04.897,2026-03-06 14:58:04.897,,"",https://www.ed.gov,Department of Education,"",Office for Civil Rights,"","","","",,"",,,"","",,,1,,2025-03-07 15:21:09.709673,,t,,,,"[{""type"": ""attestation"", ""status"": ""pending"", ""enabled"": true, ""required"": false}, {""type"": ""website_publish"", ""status"": ""pending"", ""enabled"": true, ""required"": false}, {""type"": ""community_communication"", ""status"": ""pending"", ""enabled"": true, ""required"": false}, {""type"": ""agency_submission"", ""status"": ""pending"", ""enabled"": true, ""required"": false}]","",,
4821,REG-1741278267658,Title IX of the Education Amendments of 1972; a Policy Interpretation; Title IX and Intercollegiate Athletics,Civil Rights,45 CFR Part 86,"","The regulation interprets Title IX of the Education Amendments of 1972, prohibiting sex discrimination in educational programs receiving federal assistance. It clarifies compliance requirements for intercollegiate athletics, including financial assistance, program areas, and meeting the interests and abilities of male and female students.","1. Compliance in Financial Assistance: Financial aid must be available on a substantially proportional basis to male and female participants. 2. Compliance in Other Program Areas: Male and female athletes should receive equivalent treatment, benefits, and opportunities in various program areas. 3. Compliance in Meeting the Interests and Abilities of Male and Female Students: Athletic interests and abilities of male and female students must be equally accommodated. Factors like coaching, facilities, and competitive opportunities should be equivalent.",Civil Rights,federal,t,,,2025-03-06 16:24:27.658,2025-03-06 16:24:27.658,2026-03-06 16:24:27.658,,"",https://www.ed.gov/about/offices/list/ocr/docs/t9interp.html#skipnav2,U.S. Department of Education,"",Office for Civil Rights,"","","","",,"",,,"","",,,1,,2025-03-07 15:21:09.709673,,t,,,,"[{""type"": ""attestation"", ""status"": ""pending"", ""enabled"": true, ""required"": false}, {""type"": ""website_publish"", ""status"": ""pending"", ""enabled"": true, ""required"": false}, {""type"": ""community_communication"", ""status"": ""pending"", ""enabled"": true, ""required"": false}, {""type"": ""agency_submission"", ""status"": ""pending"", ""enabled"": true, ""required"": false}]","",,
4825,REG-1741278489452,Title IX of the Education Amendments of 1972; a Policy Interpretation; Title IX and Intercollegiate Athletics,Civil Rights,45 CFR Part 86,"","The regulation interprets Title IX of the Education Amendments of 1972, prohibiting sex discrimination in educational programs receiving federal assistance. It clarifies compliance requirements for intercollegiate athletics, including financial assistance, program areas, and meeting the interests and abilities of male and female students.","Compliance in Financial Assistance: Financial aid should be available proportionately to male and female participants. Compliance in Other Program Areas: Male and female athletes should receive equivalent treatment, benefits, and opportunities. Compliance in Meeting the Interests and Abilities of Male and Female Students: Athletic interests and abilities of male and female students must be equally accommodated.",Civil Rights,federal,t,,,2025-03-06 16:28:09.452,2025-03-06 16:28:09.452,2026-03-06 16:28:09.452,,"",https://www.ed.gov/about/offices/list/ocr/docs/t9interp.html#skipnav2,U.S. Department of Education,"",Office for Civil Rights,"","","","",,"",,,"","",,,1,,2025-03-07 15:21:09.709673,,t,,,,"[{""type"": ""attestation"", ""status"": ""pending"", ""enabled"": true, ""required"": false}, {""type"": ""website_publish"", ""status"": ""pending"", ""enabled"": true, ""required"": false}, {""type"": ""community_communication"", ""status"": ""pending"", ""enabled"": true, ""required"": false}, {""type"": ""agency_submission"", ""status"": ""pending"", ""enabled"": true, ""required"": false}]","",,
4511,REG1996,E-Verify Executive Order 13465-Amending Executive Order 12989,Contracts & Procurement,E-Verify Executive Order 13465-Amending Executive Order 12989,,"For federal contracts of more than $100,000 and subcontracts greater than $3,000, the University must utilize the E-Verify electronic system to confirm the employees working on those contracts/subcontracts are lawfully eligible to work in the U.S.

Additional Information:
For federal contracts of more than $100,000 and subcontracts greater than $3,000, the University must utilize the E-Verify electronic system to confirm the employees working on those contracts/subcontracts are lawfully eligible to work in the U.S.",No specific requirements provided,Finance,federal,t,,,2025-03-06 14:29:58.996,,,,"",,,"","","","","","","","",,,"","",,,1,,2025-03-07 15:21:09.709673,,t,,,,"[{""type"": ""attestation"", ""status"": ""pending"", ""enabled"": true, ""required"": false}, {""type"": ""website_publish"", ""status"": ""pending"", ""enabled"": true, ""required"": false}, {""type"": ""community_communication"", ""status"": ""pending"", ""enabled"": true, ""required"": false}, {""type"": ""agency_submission"", ""status"": ""pending"", ""enabled"": true, ""required"": false}]","",,
4512,REG3244,Health Insurance Portability and Accountability Act of 1996 (HIPAA),Contracts & Procurement,42 U.S.C. § 300gg,"3245,3246,3247","Business Associate contracts are required if a vendor will provide a service for or on behalf of the institution using the institution’s personal health information.

Additional Information:
Business Associate contracts are required if a vendor will provide a service for or on behalf of the institution using the institution’s personal health information.",No specific requirements provided,Finance,federal,t,,,2025-03-06 14:29:59.222,,,,"",,,"","","","","","","","",,,"","",,,1,,2025-03-07 15:21:09.709673,,t,,,,"[{""type"": ""attestation"", ""status"": ""pending"", ""enabled"": true, ""required"": false}, {""type"": ""website_publish"", ""status"": ""pending"", ""enabled"": true, ""required"": false}, {""type"": ""community_communication"", ""status"": ""pending"", ""enabled"": true, ""required"": false}, {""type"": ""agency_submission"", ""status"": ""pending"", ""enabled"": true, ""required"": false}]","",,
4515,REG1817,Trade Sanctions Reform and Export Enhancement,Contracts & Procurement,22 U.S.C. §§ 7201-7211,1641,"Assets Control Regulations of the U.S. Department of Treasury require persons subject to U.S. jurisdiction to have a license to engage in certain transactions related to travel to, from and within regulated countries.

Additional Information:
Assets Control Regulations of the U.S. Department of Treasury require persons subject to U.S. jurisdiction to have a license to engage in certain transactions related to travel to, from and within regulated countries.",No specific requirements provided,Finance,federal,t,,,2025-03-06 14:30:00.019,,,,"",,,"","","","","","","","",,,"","",,,1,,2025-03-07 15:21:09.709673,,t,,,,"[{""type"": ""attestation"", ""status"": ""pending"", ""enabled"": true, ""required"": false}, {""type"": ""website_publish"", ""status"": ""pending"", ""enabled"": true, ""required"": false}, {""type"": ""community_communication"", ""status"": ""pending"", ""enabled"": true, ""required"": false}, {""type"": ""agency_submission"", ""status"": ""pending"", ""enabled"": true, ""required"": false}]","",,
4516,REG2050,Non-Retaliation for Disclosure of Compensation Information,"Contracts & Procurement,Recruitment Hiring & Termination",Executive Order 13665,1739,"Federal contractors and subcontractors may not fire or otherwise discriminate against any employee or applicant for discussing, disclosing, or inquiring about his or her compensation or that of another employee or applicant.

 	The rule applies to all federal government contractors with contracts entered into or modified on or after January 11, 2016.

Additional Information:
Federal contractors and subcontractors may not fire or otherwise discriminate against any employee or applicant for discussing, disclosing, or inquiring about his or her compensation or that of another employee or applicant.

 	The rule applies to all federal government contractors with contracts entered into or modified on or after January 11, 2016.

Additional Information:
Commercial motor vehicle operators are subject to pre-employment drug testing, and post-accident, random and reasonable suspicion drug and alcohol testing.  Testing is mandatory if the driver is involved in a fatal accident.

 	Passenger vehicle drivers are required to be tested prior to employment.

 	The Code of Federal Regulations sets forth the procedures for administering drug and alcohol testing as mandated by the DOT.

Additional Information:
A federal contractor receiving $25,000 or more in funding must: 1) Certify it provides a drug-free workplace; 2) publish a statement notifying employees that unlawful manufacture, distribution, dispensing, possession, use of controlled substances is prohibited and stating what action will be taken for violations; 3) establish an ongoing drug-free awareness program; 4) require that each employee directly involved in the contract/grant work notify the employer of any criminal drug statute convictions for a violation occurring in the workplace (however, drug testing is not mandated or authorized); 5) notify the federal government of such a violation within ten days after learning of conviction; and 6) require sanctions or remedial measures for an employee convicted of a drug abuse violation in the workplace.

 	Failure to comply can lead to being barred from participation in future contract or grant activity for up to five (5) years.

Additional Information:
The University may not:

 	Directly or indirectly require, request, suggest, or cause any employee or prospective employee to take or submit to any lie detector test;

 	Use, accept, refer to, or inquire concerning the results of any lie detector test of any employee or prospective employee; or

 	Discharge, discipline, discriminate against, deny employment or promotion, or threaten such action against any employee or prospective employee who a) refuses, declines, or fails to take or submit to any lie detector test, or b) on the basis of the results of any lie detector test; or 4) discharge, discipline, discriminate against, deny employment or promotion, or threaten such action against any employee or prospective employee a) who has filed a complaint or caused to be instituted any proceeding per this Act, b) has or will testify in any such proceeding, or c) exercises any right per the Act.

 	The University must post a notice of the Act, as prepared by the Secretary of Labor, in conspicuous places where notices to employees and applicants are customarily posted.

Additional Information:
Employers, before obtaining a consumer report (including criminal background checks) must disclose in writing to the applicant or employee that it may obtain a consumer report for employment purposes, and secondly, secure the written consent of the applicant or employee.

 	Note that when using a third party consumer reporting agency to request motor vehicle record checks for employment purposes, the FCRA should be followed, and notice given to the applicant or employee.

Additional Information:
Partially protects individual volunteers for non-profit organizations and governmental entities from liability for acts of negligence in the course of their volunteer work.

Additional Information:
The INA, as amended, sets forth the laws governing the admission and employment of foreign nationals in the United States, including provisions that address employment eligibility and employment verification.

Additional Information:
The University must provide 60 days advance notice of plant closings or mass layoffs to affected workers (whether hourly or salaried, including managers or supervisors) or their representatives (i.e. labor union).

 	Notice also must be given to the state dislocated worker unit and the appropriate unit of local government.

 	Failure to comply may result in liability to each aggrieved employee for back pay and benefits for the period of violation up to 60 days, and $500 for each day of violation for failing to notify the unit of local govt.

Additional Information:
Commercial motor vehicle operators are subject to pre-employment drug testing, and post-accident, random and reasonable suspicion drug and alcohol testing.  Testing is mandatory if the driver is involved in a fatal accident.

 	Passenger vehicle drivers are required to be tested prior to employment.

 	The Code of Federal Regulations sets forth the procedures for administering drug and alcohol testing as mandated by the DOT.","No specific requirements provided

Additional Requirements:
No specific requirements provided

Additional Requirements:
No specific requirements provided

Additional Requirements:
No specific requirements provided

Additional Requirements:
No specific requirements provided

Additional Requirements:
No specific requirements provided

Additional Requirements:
No specific requirements provided

Additional Requirements:
No specific requirements provided",Other,federal,t,,,2025-03-07 15:52:17.23,1970-01-01 00:00:00,,[],"",,,"","","","","","","","",,,"","",,,1,,2025-03-07 15:21:09.709673,,t,,,,"[{""type"": ""attestation"", ""status"": ""pending"", ""enabled"": true, ""required"": false}, {""type"": ""website_publish"", ""status"": ""pending"", ""enabled"": true, ""required"": false}, {""type"": ""community_communication"", ""status"": ""pending"", ""enabled"": true, ""required"": false}, {""type"": ""agency_submission"", ""status"": ""pending"", ""enabled"": true, ""required"": false}]","",,
4521,REG3369,Higher Education Act: Program Participation Agreements,Copyright & Trademark,Public Law No. 110-315 § 493,"3372,3374","Requires institutions to certify, as part of their annual Program Participation Agreement, that they have: 1) developed plans to combat the unauthorized use of copyrighted material; and 2) will, to the extent practicable, offer alternatives to illegal file sharing. The regulations require periodic review of the plan to determine its effectiveness.",Certification is part of the annual Program Participation Agreement.,Academic Programs,federal,t,,,2019-01-16 00:00:00,,,,Certification is part of the annual Program Participation Agreement.,https://www.ed.gov,Department of Education,"","","","","","",Certification is part of the annual Program Participation Agreement.,"",,,"","",,,1,,2025-03-07 15:21:09.709673,,t,,,,"[{""type"": ""attestation"", ""status"": ""pending"", ""enabled"": true, ""required"": false}, {""type"": ""website_publish"", ""status"": ""pending"", ""enabled"": true, ""required"": false}, {""type"": ""community_communication"", ""status"": ""pending"", ""enabled"": true, ""required"": false}, {""type"": ""agency_submission"", ""status"": ""pending"", ""enabled"": true, ""required"": false}]","",,
4522,REG1818,Lanham Act,Copyright & Trademark,15 U.S.C. §§ 1051-1141n,1589,"Prohibits trademark infringement, trademark dilution, and false advertising.","",Information Technology,federal,t,,,2014-01-24 00:00:00,,,,"","",,"","","","","","","","",,,"","",,,1,,2025-03-07 15:21:09.709673,,t,,,,"[{""type"": ""attestation"", ""status"": ""pending"", ""enabled"": true, ""required"": false}, {""type"": ""website_publish"", ""status"": ""pending"", ""enabled"": true, ""required"": false}, {""type"": ""community_communication"", ""status"": ""pending"", ""enabled"": true, ""required"": false}, {""type"": ""agency_submission"", ""status"": ""pending"", ""enabled"": true, ""required"": false}]","",,
4523,REG1999,Small Webcasters Settlement Act of 2002,Copyright & Trademark,Public Law No. 107-321,"1756,3375","Applies to ""Noncommercial Webcasters"" and to ""Small Commercial Webcasters.""

 	Enables Exchange, the recording industry's royalty collection clearinghouse, to enter into royalty rate agreements with small commercial and all noncommercial webcasters.","Stations that average under 75 simultaneous users will have the option of submitting reports of use that do not require any audience data (ATH of ATP) or paying a $100 proxy fee in lieu of any reporting.
Stations with an average concurrent audience of over 75 will be required to submit reports of use, but they will not have to submit audience data.
The fee for these stations remains at $500 annually through 2016 unless the station has an ATH above 159, 140 (~208 average concurrent users in any month).",Information Technology,federal,t,,,2018-12-17 00:00:00,,,,"Stations that average under 75 simultaneous users will have the option of submitting reports of use that do not require any audience data (ATH of ATP) or paying a $100 proxy fee in lieu of any reporting.
Stations with an average concurrent audience of over 75 will be required to submit reports of use, but they will not have to submit audience data.
The fee for these stations remains at $500 annually through 2016 unless the station has an ATH above 159, 140 (~208 average concurrent users in any month).","",,"","","","","","","Stations that average under 75 simultaneous users will have the option of submitting reports of use that do not require any audience data (ATH of ATP) or paying a $100 proxy fee in lieu of any reporting.
Stations with an average concurrent audience of over 75 will be required to submit reports of use, but they will not have to submit audience data.
The fee for these stations remains at $500 annually through 2016 unless the station has an ATH above 159, 140 (~208 average concurrent users in any month).","",,,"","",,,1,,2025-03-07 15:21:09.709673,,t,,,,"[{""type"": ""attestation"", ""status"": ""pending"", ""enabled"": true, ""required"": false}, {""type"": ""website_publish"", ""status"": ""pending"", ""enabled"": true, ""required"": false}, {""type"": ""community_communication"", ""status"": ""pending"", ""enabled"": true, ""required"": false}, {""type"": ""agency_submission"", ""status"": ""pending"", ""enabled"": true, ""required"": false}]","",,
4524,REG1821,Technology Education and Copyright Harmonization Act (TEACH ACT) of 2002,Copyright & Trademark,Public Law No. 107-273,"1755,3376","Permits an instructor to display virtually all types of works during on-line instruction at accredited nonprofit educational institutions without consent of copyright owner, provided that instruction is mediated by an instructor, transmission is intended only for students enrolled in course, and measures are employed to prevent redistribution of transmission and prevent its retention for longer than the class session.","",Information Technology,federal,t,,,2014-01-24 00:00:00,,,,"","",,"","","","","","","","",,,"","",,,1,,2025-03-07 15:21:09.709673,,t,,,,"[{""type"": ""attestation"", ""status"": ""pending"", ""enabled"": true, ""required"": false}, {""type"": ""website_publish"", ""status"": ""pending"", ""enabled"": true, ""required"": false}, {""type"": ""community_communication"", ""status"": ""pending"", ""enabled"": true, ""required"": false}, {""type"": ""agency_submission"", ""status"": ""pending"", ""enabled"": true, ""required"": false}]","",,
4526,REG3575,"Fair Housing Act, Section 6",Disabilities,42 U.S.C. 3604(3),3576,"The Joint Statement of the Department of Housing and Urban Development and the Department of Justice Reasonable Accommodations under the Fair Housing Act  requires housing providers to allow residents to have assistance animals reside with them.

Additional Information:
The Joint Statement of the Department of Housing and Urban Development and the Department of Justice Reasonable Accommodations under the Fair Housing Act  requires housing providers to allow residents to have assistance animals reside with them.",No specific requirements provided,Human Resources,federal,t,,,2025-03-06 14:30:02.338,,,,"",https://www.dol.gov,Department of Labor,"","","","","","","","",,,"","",,,1,,2025-03-07 15:21:09.709673,,t,,,,"[{""type"": ""attestation"", ""status"": ""pending"", ""enabled"": true, ""required"": false}, {""type"": ""website_publish"", ""status"": ""pending"", ""enabled"": true, ""required"": false}, {""type"": ""community_communication"", ""status"": ""pending"", ""enabled"": true, ""required"": false}, {""type"": ""agency_submission"", ""status"": ""pending"", ""enabled"": true, ""required"": false}]","",,
4528,REG1823,Section 504 of The Rehabilitation Act of 1973,Disabilities,29 U.S.C. § 701,1665,"Prohibits discrimination on the basis of disability at any federally-funded institution. This covers admissions, recruitment, programs and services.

 	Institutions must provide equal access to programs and facilities to “otherwise qualified” individuals with disabilities and make reasonable accommodations to allow equal access.

 	Existing facilities can be made compliant through modification, moving classes or other services to more accessible locations, assignment of aids, or other measures.

 	Newly constructed facilities must be readily accessible to persons with disabilities.

 	Each facility or part of a facility which is altered in a manner that affects or could affect the usability of the facility or part of the facility shall, to the maximum extent feasible, be altered in such manner that the altered portion of the facility is readily accessible to and usable by persons with disabilities.

 	Enforced by Office for Civil Rights of the U.S. Department of Education.

Additional Information:
Prohibits discrimination on the basis of disability at any federally-funded institution. This covers admissions, recruitment, programs and services.

 	Institutions must provide equal access to programs and facilities to “otherwise qualified” individuals with disabilities and make reasonable accommodations to allow equal access.

 	Existing facilities can be made compliant through modification, moving classes or other services to more accessible locations, assignment of aids, or other measures.

 	Newly constructed facilities must be readily accessible to persons with disabilities.

 	Each facility or part of a facility which is altered in a manner that affects or could affect the usability of the facility or part of the facility shall, to the maximum extent feasible, be altered in such manner that the altered portion of the facility is readily accessible to and usable by persons with disabilities.

 	Enforced by Office for Civil Rights of the U.S. Department of Education.",No specific requirements provided,Human Resources,federal,t,,,2025-03-06 14:30:02.904,,,,"",https://www.dol.gov,Department of Labor,"","","","","","","","",,,"","",,,1,,2025-03-07 15:21:09.709673,,t,,,,"[{""type"": ""attestation"", ""status"": ""pending"", ""enabled"": true, ""required"": false}, {""type"": ""website_publish"", ""status"": ""pending"", ""enabled"": true, ""required"": false}, {""type"": ""community_communication"", ""status"": ""pending"", ""enabled"": true, ""required"": false}, {""type"": ""agency_submission"", ""status"": ""pending"", ""enabled"": true, ""required"": false}]","",,
4828,REG-1741278555999,"Equal Employment Opportunity in Apprenticeship and Training, Final Rule",Civil Rights,DOL-2024-002,"",This regulation aims to ensure equal employment opportunities in apprenticeship and training programs.,"Educational institutions must comply with non-discrimination requirements, provide equal opportunities for all individuals, and maintain records of apprenticeship and training programs.",Civil Rights,federal,t,,,2025-03-06 16:29:15.999,2025-03-06 16:29:15.999,2026-03-06 16:29:15.999,,"",https://www.dol.gov/agencies/eta/apprenticeship,U.S. Department of Labor,"",Employment and Training Administration,"","","","",,"",,,"","",,,1,,2025-03-07 15:21:09.709673,,t,,,,"[{""type"": ""attestation"", ""status"": ""pending"", ""enabled"": true, ""required"": false}, {""type"": ""website_publish"", ""status"": ""pending"", ""enabled"": true, ""required"": false}, {""type"": ""community_communication"", ""status"": ""pending"", ""enabled"": true, ""required"": false}, {""type"": ""agency_submission"", ""status"": ""pending"", ""enabled"": true, ""required"": false}]","",,
4813,REG-1741277190693,Americans with Disabilities Act of 1990,Civil Rights,42 U.S. Code § 12101,"","The Americans with Disabilities Act (ADA) prohibits discrimination against individuals with disabilities in all areas of public life, including jobs, schools, transportation, and all public and private places that are open to the general public.","Educational institutions must provide reasonable accommodations to ensure individuals with disabilities have equal access to programs, services, and activities. This includes accessible facilities, communication, and technology.",Civil Rights,federal,t,,,2025-03-06 16:06:30.693,2025-03-06 16:06:30.693,2026-03-06 16:06:30.693,,"",https://www.ada.gov/,U.S. Department of Justice,"",Civil Rights Division,"","","","",,"",,,"","",,,1,,2025-03-07 15:21:09.709673,,t,,,,"[{""type"": ""attestation"", ""status"": ""pending"", ""enabled"": true, ""required"": false}, {""type"": ""website_publish"", ""status"": ""pending"", ""enabled"": true, ""required"": false}, {""type"": ""community_communication"", ""status"": ""pending"", ""enabled"": true, ""required"": false}, {""type"": ""agency_submission"", ""status"": ""pending"", ""enabled"": true, ""required"": false}]","",,
4534,REG1905,Genetic Information Non-Discrimination Act of 2008,Discrimination,Genetic Information Non-Discrimination Act of 2008,,"Under Title II of GINA, it is illegal to discriminate against employees or applicants because of genetic information.

Additional Information:
Under Title II of GINA, it is illegal to discriminate against employees or applicants because of genetic information.",No specific requirements provided,Human Resources,federal,t,,,2025-03-06 14:30:04.507,,,,"",https://www.dol.gov,Department of Labor,"","","","","","","","",,,"","",,,1,,2025-03-07 15:21:09.709673,,t,,,,"[{""type"": ""attestation"", ""status"": ""pending"", ""enabled"": true, ""required"": false}, {""type"": ""website_publish"", ""status"": ""pending"", ""enabled"": true, ""required"": false}, {""type"": ""community_communication"", ""status"": ""pending"", ""enabled"": true, ""required"": false}, {""type"": ""agency_submission"", ""status"": ""pending"", ""enabled"": true, ""required"": false}]","",,
4535,REG1906,Lilly Ledbetter Fair Pay Act of 2009,Discrimination,Public Law No. 111-2,1771,"An individual subjected to compensation discrimination under Title VII of the Civil Rights Act of 1964, the Age Discrimination in Employment Act of 1967, or the Americans with Disabilities Act of 1990 may file a charge within 180 (or 300) days of any of the following: 1) when a discriminatory compensation decision or other discriminatory practice affecting compensation is adopted; 2) when the individual becomes subject to a discriminatory compensation decision or other discriminatory practice affecting compensation; or 3) when the individual's compensation is affected by the application of a discriminatory compensation decision or other discriminatory practice, including each time the individual receives compensation that is based in whole or part on such compensation decision or other practice.

 	The Act has a retroactive effective date of May 28, 2007, and applies to all claims of discriminatory compensation pending on or after that date.

Additional Information:
An individual subjected to compensation discrimination under Title VII of the Civil Rights Act of 1964, the Age Discrimination in Employment Act of 1967, or the Americans with Disabilities Act of 1990 may file a charge within 180 (or 300) days of any of the following: 1) when a discriminatory compensation decision or other discriminatory practice affecting compensation is adopted; 2) when the individual becomes subject to a discriminatory compensation decision or other discriminatory practice affecting compensation; or 3) when the individual's compensation is affected by the application of a discriminatory compensation decision or other discriminatory practice, including each time the individual receives compensation that is based in whole or part on such compensation decision or other practice.

 	The Act has a retroactive effective date of May 28, 2007, and applies to all claims of discriminatory compensation pending on or after that date.",No specific requirements provided,Human Resources,federal,t,,,2025-03-06 14:30:04.686,,,,"",https://www.dol.gov,Department of Labor,"","","","","","","","",,,"","",,,1,,2025-03-07 15:21:09.709673,,t,,,,"[{""type"": ""attestation"", ""status"": ""pending"", ""enabled"": true, ""required"": false}, {""type"": ""website_publish"", ""status"": ""pending"", ""enabled"": true, ""required"": false}, {""type"": ""community_communication"", ""status"": ""pending"", ""enabled"": true, ""required"": false}, {""type"": ""agency_submission"", ""status"": ""pending"", ""enabled"": true, ""required"": false}]","",,
4536,REG1907,The Equal Pay Act of 1963,Discrimination,29 U.S.C. § 206(d),1662,"Prohibits sex-based wage discrimination between men and women in the same establishment who perform jobs that require substantially equal skill, effort and responsibility under similar working conditions.

Additional Information:
Prohibits sex-based wage discrimination between men and women in the same establishment who perform jobs that require substantially equal skill, effort and responsibility under similar working conditions.",No specific requirements provided,Human Resources,federal,t,,,2025-03-06 14:30:04.897,,,,"",https://www.dol.gov,Department of Labor,"","","","","","","","",,,"","",,,1,,2025-03-07 15:21:09.709673,,t,,,,"[{""type"": ""attestation"", ""status"": ""pending"", ""enabled"": true, ""required"": false}, {""type"": ""website_publish"", ""status"": ""pending"", ""enabled"": true, ""required"": false}, {""type"": ""community_communication"", ""status"": ""pending"", ""enabled"": true, ""required"": false}, {""type"": ""agency_submission"", ""status"": ""pending"", ""enabled"": true, ""required"": false}]","",,
4538,REG1908,Title IX of the Education Amendment of 1972,Discrimination,20 U.S.C. §§ 1681-1688,1633,"Prohibits discrimination on the basis of sex in education programs or activities receiving federal financial assistance, including employment.

 	Any grievance records relating to a Title IX violation or complaint must be retained for the period of time cited in state law for personal injury actions.

Additional Information:
Prohibits discrimination on the basis of sex in education programs or activities receiving federal financial assistance, including employment.

 	Any grievance records relating to a Title IX violation or complaint must be retained for the period of time cited in state law for personal injury actions.",No specific requirements provided,Academic Programs,federal,t,,,2025-03-06 14:30:05.311,,,,"",https://www.ed.gov,Department of Education,"","","","","","","","",,,"","",,,1,,2025-03-07 15:21:09.709673,,t,,,,"[{""type"": ""attestation"", ""status"": ""pending"", ""enabled"": true, ""required"": false}, {""type"": ""website_publish"", ""status"": ""pending"", ""enabled"": true, ""required"": false}, {""type"": ""community_communication"", ""status"": ""pending"", ""enabled"": true, ""required"": false}, {""type"": ""agency_submission"", ""status"": ""pending"", ""enabled"": true, ""required"": false}]","",,
4540,REG1910,Uniformed Services Employment and Reemployment Rights Act (USERRA),Discrimination,Uniformed Services Employment and Reemployment Rights Act (USERRA),,"Seeks to ensure that members of the uniformed services are entitled to return to their civilian employment upon completion of their service.
Qualified employees must be reinstated with the seniority, status, and rate of pay they would have obtained had they remained continuously employed by their civilian employer.
The law also protects individuals from discrimination in hiring, promotion, and retention on the basis of present and future membership in the armed services.

Additional Information:
Seeks to ensure that members of the uniformed services are entitled to return to their civilian employment upon completion of their service.
Qualified employees must be reinstated with the seniority, status, and rate of pay they would have obtained had they remained continuously employed by their civilian employer.
The law also protects individuals from discrimination in hiring, promotion, and retention on the basis of present and future membership in the armed services.",No specific requirements provided,Human Resources,federal,t,,,2025-03-06 14:30:05.723,,,,"",https://www.dol.gov,Department of Labor,"","","","","","","","",,,"","",,,1,,2025-03-07 15:21:09.709673,,t,,,,"[{""type"": ""attestation"", ""status"": ""pending"", ""enabled"": true, ""required"": false}, {""type"": ""website_publish"", ""status"": ""pending"", ""enabled"": true, ""required"": false}, {""type"": ""community_communication"", ""status"": ""pending"", ""enabled"": true, ""required"": false}, {""type"": ""agency_submission"", ""status"": ""pending"", ""enabled"": true, ""required"": false}]","",,
4530,REG1901,Age Discrimination in Employment Act of 1967,Discrimination,29 U.S.C. §§ 621-634,1673,"It is unlawful for the University to fail to hire, discharge, segregate, classify, or otherwise discriminate against any individual with respect to compensation, terms, conditions or privileges of employment because of age.

Additional Information:
It is unlawful for the University to fail to hire, discharge, segregate, classify, or otherwise discriminate against any individual with respect to compensation, terms, conditions or privileges of employment because of age.

Additional Information:
<li style=""list-style-type: none;"">

 	Makes it an unlawful employment practice for a covered entity to (1) deny reasonable accommodations to known limitations related to pregnancy, childbirth, or related medical conditions, unless the entity can demonstrate an undue hardship; (2) require a qualified employee to accept an accommodation without engaging in an interactive process; (3) deny employment opportunities based on the need to make reasonable accommodations; (4) require a qualified employee to take leave if another reasonable accommodation can be provided; and (5) take an adverse action in the terms, conditions, or privileges of employment against a qualified employee because of a request for or use of an accommodation.","No specific requirements provided

Additional Requirements:
Not Applicable",Human Resources,federal,t,,,2025-03-06 14:30:05.93,,,,"",https://www.dol.gov,Department of Labor,"","","","","","","","",,,"","",,,1,,2025-03-07 15:21:09.709673,,t,,,,"[{""type"": ""attestation"", ""status"": ""pending"", ""enabled"": true, ""required"": false}, {""type"": ""website_publish"", ""status"": ""pending"", ""enabled"": true, ""required"": false}, {""type"": ""community_communication"", ""status"": ""pending"", ""enabled"": true, ""required"": false}, {""type"": ""agency_submission"", ""status"": ""pending"", ""enabled"": true, ""required"": false}]","",,
4778,REG-1741273213892,Title IX of the Education Amendments of 1972,Civil Rights,20 U.S.C. § 1681 & 34 C.F.R. Part 106,"","Title IX is a federal law that prohibits discrimination on the basis of sex in any federally funded education program or activity. The law has been interpreted to include discrimination based on gender identity and sexual orientation. It also addresses sexual harassment, gender-based discrimination, and sexual violence in educational settings.","Educational institutions must establish and maintain policies against sex discrimination, sexual harassment, and sexual violence. They must also designate a Title IX coordinator to ensure compliance, promptly investigate any complaints of violation, provide equitable resolutions, and establish procedures for handling complaints. They must also provide educational materials and training for students and employees.",Civil Rights,federal,t,,,2025-03-06 15:00:13.892,2025-03-06 15:00:13.892,2026-03-06 15:00:13.892,,"",https://www.ed.gov,U.S. Department of Education,"",Office for Civil Rights (OCR),"","","","",,"",,,"","",,,1,,2025-03-07 15:21:09.709673,,t,,,,"[{""type"": ""attestation"", ""status"": ""pending"", ""enabled"": true, ""required"": false}, {""type"": ""website_publish"", ""status"": ""pending"", ""enabled"": true, ""required"": false}, {""type"": ""community_communication"", ""status"": ""pending"", ""enabled"": true, ""required"": false}, {""type"": ""agency_submission"", ""status"": ""pending"", ""enabled"": true, ""required"": false}]","",,
4549,REG2000,Immigration and Nationality Act,Diversity/Affirmative Action,8 U.S.C. §§ 1101-1106,1732,"The INA, as amended, sets forth the laws governing the admission and employment of foreign nationals in the United States, including provisions that address employment eligibility and employment verification.

Additional Information:
The INA, as amended, sets forth the laws governing the admission and employment of foreign nationals in the United States, including provisions that address employment eligibility and employment verification.",No specific requirements provided,Human Resources,federal,t,,,2025-03-06 14:30:08.186,,,,"",https://www.dol.gov,Department of Labor,"","","","","","","","",,,"","",,,1,,2025-03-07 15:21:09.709673,,t,,,,"[{""type"": ""attestation"", ""status"": ""pending"", ""enabled"": true, ""required"": false}, {""type"": ""website_publish"", ""status"": ""pending"", ""enabled"": true, ""required"": false}, {""type"": ""community_communication"", ""status"": ""pending"", ""enabled"": true, ""required"": false}, {""type"": ""agency_submission"", ""status"": ""pending"", ""enabled"": true, ""required"": false}]","",,
4550,REG2001,Lilly Ledbetter Fair Pay Act of 2009,Diversity/Affirmative Action,Public Law No. 111-2,1771,"An individual subjected to compensation discrimination under Title VII of the Civil Rights Act of 1964, the Age Discrimination in Employment Act of 1967, or the Americans with Disabilities Act of 1990 may file a charge within 180 (or 300) days of any of the following: 1) when a discriminatory compensation decision or other discriminatory practice affecting compensation is adopted; 2) when the individual becomes subject to a discriminatory compensation decision or other discriminatory practice affecting compensation; or 3) when the individual's compensation is affected by the application of a discriminatory compensation decision or other discriminatory practice, including each time the individual receives compensation that is based in whole or part on such compensation decision or other practice.

 	The Act has a retroactive effective date of May 28, 2007, and applies to all claims of discriminatory compensation pending on or after that date.

Additional Information:
An individual subjected to compensation discrimination under Title VII of the Civil Rights Act of 1964, the Age Discrimination in Employment Act of 1967, or the Americans with Disabilities Act of 1990 may file a charge within 180 (or 300) days of any of the following: 1) when a discriminatory compensation decision or other discriminatory practice affecting compensation is adopted; 2) when the individual becomes subject to a discriminatory compensation decision or other discriminatory practice affecting compensation; or 3) when the individual's compensation is affected by the application of a discriminatory compensation decision or other discriminatory practice, including each time the individual receives compensation that is based in whole or part on such compensation decision or other practice.

 	The Act has a retroactive effective date of May 28, 2007, and applies to all claims of discriminatory compensation pending on or after that date.",No specific requirements provided,Human Resources,federal,t,,,2025-03-06 14:30:08.382,,,,"",https://www.dol.gov,Department of Labor,"","","","","","","","",,,"","",,,1,,2025-03-07 15:21:09.709673,,t,,,,"[{""type"": ""attestation"", ""status"": ""pending"", ""enabled"": true, ""required"": false}, {""type"": ""website_publish"", ""status"": ""pending"", ""enabled"": true, ""required"": false}, {""type"": ""community_communication"", ""status"": ""pending"", ""enabled"": true, ""required"": false}, {""type"": ""agency_submission"", ""status"": ""pending"", ""enabled"": true, ""required"": false}]","",,
4542,REG1825,Affirmative Action/Equal Employment Opportunity,Diversity/Affirmative Action,Executive Order 11246,1736,"Affirmative action must be taken by covered employers to recruit and advance qualified minorities, women, persons with disabilities, and covered veterans.

Additional Information:
Affirmative action must be taken by covered employers to recruit and advance qualified minorities, women, persons with disabilities, and covered veterans.

Additional Information:
Prohibits discrimination on the basis of sex in education programs or activities receiving federal financial assistance including employment.

 	Any grievance records relating to a Title IX violation or complaint must be retained for the period of time cited in state law for personal injury actions.","No specific requirements provided

Additional Requirements:
No specific requirements provided",Human Resources,federal,t,,,2025-03-06 14:30:08.757,,,,"",https://www.dol.gov,Department of Labor,"","","","","","","","",,,"","",,,1,,2025-03-07 15:21:09.709673,,t,,,,"[{""type"": ""attestation"", ""status"": ""pending"", ""enabled"": true, ""required"": false}, {""type"": ""website_publish"", ""status"": ""pending"", ""enabled"": true, ""required"": false}, {""type"": ""community_communication"", ""status"": ""pending"", ""enabled"": true, ""required"": false}, {""type"": ""agency_submission"", ""status"": ""pending"", ""enabled"": true, ""required"": false}]","",,
4794,REG-1741276422003,Title VI of the Civil Rights Act of 1964,Civil Rights,Title VI of the Civil Rights Act of 1964,"","Prohibits discrimination based on race, color, or national origin in programs or activities receiving federal financial assistance.","Ensures equal access to education and prohibits discrimination based on race, color, or national origin in programs or activities receiving federal funds.",Civil Rights,federal,t,,,2025-03-06 15:53:42.003,2025-03-06 15:53:42.003,2026-03-06 15:53:42.003,,"",https://www.dol.gov/agencies/oasam/regulatory/statutes,U.S. Department of Labor,"",Civil Rights Center,"","","","",,"",,,"","",,,1,,2025-03-07 15:21:09.709673,,t,,,,"[{""type"": ""attestation"", ""status"": ""pending"", ""enabled"": true, ""required"": false}, {""type"": ""website_publish"", ""status"": ""pending"", ""enabled"": true, ""required"": false}, {""type"": ""community_communication"", ""status"": ""pending"", ""enabled"": true, ""required"": false}, {""type"": ""agency_submission"", ""status"": ""pending"", ""enabled"": true, ""required"": false}]","",,
4544,REG1827,Age Discrimination Employment Act of 1967,Diversity/Affirmative Action,29 U.S.C. §§ 621-634,1673,"It is unlawful for a university to fail to hire, discharge, segregate, classify, or otherwise discriminate against any individual with respect to compensation, terms, conditions or privileges of employment because of age.

Additional Information:
It is unlawful for a university to fail to hire, discharge, segregate, classify, or otherwise discriminate against any individual with respect to compensation, terms, conditions or privileges of employment because of age.

Additional Information:
Title VII prohibits discrimination in hiring, firing, training, promotion, discipline, or other workplace decisions on the basis of an employee or applicant's race, color, sex, national origin, or religion.

 	Sexual harassment is also prohibited under this law.

 	Prohibits discrimination based on race, color, or national origin in educational and/or academic programs or activities receiving federal financial assistance.","No specific requirements provided

Additional Requirements:
No specific requirements provided",Human Resources,federal,t,,,2025-03-06 14:30:08.936,,,,"",https://www.dol.gov,Department of Labor,"","","","","","","","",,,"","",,,1,,2025-03-07 15:21:09.709673,,t,,,,"[{""type"": ""attestation"", ""status"": ""pending"", ""enabled"": true, ""required"": false}, {""type"": ""website_publish"", ""status"": ""pending"", ""enabled"": true, ""required"": false}, {""type"": ""community_communication"", ""status"": ""pending"", ""enabled"": true, ""required"": false}, {""type"": ""agency_submission"", ""status"": ""pending"", ""enabled"": true, ""required"": false}]","",,
4552,REG1835,Title IX of the Education Amendment of 1972,Diversity/Affirmative Action,20 U.S.C. §§ 1681-1688,1633,"Prohibits discrimination on the basis of sex in education programs or activities receiving federal financial assistance including employment.

 	Any grievance records relating to a Title IX violation or complaint must be retained for the period of time cited in state law for personal injury actions.","",Academic Programs,federal,t,,,2014-01-25 00:00:00,,,,"",https://www.ed.gov,Department of Education,"","","","","","","","",,,"","",,,1,,2025-03-07 15:21:09.709673,,t,,,,"[{""type"": ""attestation"", ""status"": ""pending"", ""enabled"": true, ""required"": false}, {""type"": ""website_publish"", ""status"": ""pending"", ""enabled"": true, ""required"": false}, {""type"": ""community_communication"", ""status"": ""pending"", ""enabled"": true, ""required"": false}, {""type"": ""agency_submission"", ""status"": ""pending"", ""enabled"": true, ""required"": false}]","",,
4553,REG1834,Title VII of the Civil Rights Act of 1964,Diversity/Affirmative Action,42 U.S.C. §§ 2000d-2000d-7,1704,"Title VII prohibits discrimination in hiring, firing, training, promotion, discipline, or other workplace decisions on the basis of an employee or applicant's race, color, sex, national origin, or religion.

 	Sexual harassment is also prohibited under this law.

 	Prohibits discrimination based on race, color, or national origin in educational and/or academic programs or activities receiving federal financial assistance.","",Human Resources,federal,t,,,2014-01-25 00:00:00,,,,"",https://www.dol.gov,Department of Labor,"","","","","","","","",,,"","",,,1,,2025-03-07 15:21:09.709673,,t,,,,"[{""type"": ""attestation"", ""status"": ""pending"", ""enabled"": true, ""required"": false}, {""type"": ""website_publish"", ""status"": ""pending"", ""enabled"": true, ""required"": false}, {""type"": ""community_communication"", ""status"": ""pending"", ""enabled"": true, ""required"": false}, {""type"": ""agency_submission"", ""status"": ""pending"", ""enabled"": true, ""required"": false}]","",,
4554,REG1836,Uniformed Services Employment and Reemployment Rights Act (USERRA),Diversity/Affirmative Action,38 U.S.C. §§ 4301-4335,1686,"Seeks to ensure that members of the uniformed services are entitled to return to their civilian employment upon completion of their service.

 	Qualified employees must be reinstated with the seniority, status, and rate of pay they would have obtained had they remained continuously employed by their civilian employer.

 	The law also protects individuals from discrimination in hiring, promotion, and retention on the basis of present and future membership in the armed services.","",Human Resources,federal,t,,,2014-01-25 00:00:00,,,,"",https://www.dol.gov,Department of Labor,"","","","","","","","",,,"","",,,1,,2025-03-07 15:21:09.709673,,t,,,,"[{""type"": ""attestation"", ""status"": ""pending"", ""enabled"": true, ""required"": false}, {""type"": ""website_publish"", ""status"": ""pending"", ""enabled"": true, ""required"": false}, {""type"": ""community_communication"", ""status"": ""pending"", ""enabled"": true, ""required"": false}, {""type"": ""agency_submission"", ""status"": ""pending"", ""enabled"": true, ""required"": false}]","",,
4555,REG4007,Veterans’ employment emphasis under Federal contracts,Diversity/Affirmative Action,38 U.S.C § 4212,4006,"","",Human Resources,federal,t,,,2022-06-14 00:00:00,,,,"",https://www.dol.gov,Department of Labor,"","","","","","","","",,,"","",,,1,,2025-03-07 15:21:09.709673,,t,,,,"[{""type"": ""attestation"", ""status"": ""pending"", ""enabled"": true, ""required"": false}, {""type"": ""website_publish"", ""status"": ""pending"", ""enabled"": true, ""required"": false}, {""type"": ""community_communication"", ""status"": ""pending"", ""enabled"": true, ""required"": false}, {""type"": ""agency_submission"", ""status"": ""pending"", ""enabled"": true, ""required"": false}]","",,
4779,REG-1741273228277,Americans with Disabilities Act (ADA) Amendments Act of 2008,Civil Rights,42 U.S.C. § 12101 et seq.,"","The ADA Amendments Act of 2008 (ADAAA) was enacted to reinforce protections for individuals with disabilities. The law expands the definition of 'disability,' thus increasing the number of people who are protected under the ADA. It applies to all aspects of higher education, including admissions, student services, and employment.","Educational institutions must ensure their facilities, programs, and services are accessible to individuals with disabilities. They must provide reasonable accommodations for students and employees with disabilities, unless doing so would fundamentally alter the nature of the service or program, or impose undue hardship. Additionally, institutions must not retaliate against individuals for asserting their rights under the ADA.",Civil Rights,federal,t,,,2025-03-06 15:00:28.277,2025-03-06 15:00:28.277,2026-03-06 15:00:28.277,,"",https://www.ed.gov,U.S. Department of Education,"",Office for Civil Rights (OCR),"","","","",,"",,,"","",,,1,,2025-03-07 15:21:09.709673,,t,,,,"[{""type"": ""attestation"", ""status"": ""pending"", ""enabled"": true, ""required"": false}, {""type"": ""website_publish"", ""status"": ""pending"", ""enabled"": true, ""required"": false}, {""type"": ""community_communication"", ""status"": ""pending"", ""enabled"": true, ""required"": false}, {""type"": ""agency_submission"", ""status"": ""pending"", ""enabled"": true, ""required"": false}]","",,
4827,REG-1741278554277,Equal Employment Opportunity in Apprenticeship Programs; Correction,Civil Rights,DOL-2024-001,"",This regulation focuses on ensuring equal employment opportunities in apprenticeship programs.,Educational institutions must comply with non-discrimination requirements in their apprenticeship programs.,Civil Rights,federal,t,,,2025-03-06 16:29:14.277,2025-03-06 16:29:14.277,2026-03-06 16:29:14.277,,"",https://www.dol.gov/agencies/eta/apprenticeship,Department of Labor,"",Employment and Training Administration,"","","","",,"",,,"","",,,1,,2025-03-07 15:21:09.709673,,t,,,,"[{""type"": ""attestation"", ""status"": ""pending"", ""enabled"": true, ""required"": false}, {""type"": ""website_publish"", ""status"": ""pending"", ""enabled"": true, ""required"": false}, {""type"": ""community_communication"", ""status"": ""pending"", ""enabled"": true, ""required"": false}, {""type"": ""agency_submission"", ""status"": ""pending"", ""enabled"": true, ""required"": false}]","",,
4557,REG1912,Consolidated Omnibus Budget Reconciliation Act (COBRA),Employee Benefits,Public Law No. 99-272,1776,"Enables employees and their families to continue health care coverage under an employer's group health plan even after they experience an event that would otherwise end their coverage (e.g. layoff, termination, decrease in hours, divorce, etc.).

Additional Information:
Enables employees and their families to continue health care coverage under an employer's group health plan even after they experience an event that would otherwise end their coverage (e.g. layoff, termination, decrease in hours, divorce, etc.).

Additional Information:
Provides the rights, benefits, and obligations of persons absent from employment for military service.","No specific requirements provided

Additional Requirements:
By September 30th of each year the University must file Federal Contractor Veterans Employment Report (VETS-100) reporting the number of disabled veterans, Vietnam veterans and protected veterans employed and hired.",Human Resources,federal,t,,,2025-03-06 14:30:10.483,,,,"",https://www.dol.gov,Department of Labor,"","","","","","","","",,,"","",,,1,,2025-03-07 15:21:09.709673,,t,,,,"[{""type"": ""attestation"", ""status"": ""pending"", ""enabled"": true, ""required"": false}, {""type"": ""website_publish"", ""status"": ""pending"", ""enabled"": true, ""required"": false}, {""type"": ""community_communication"", ""status"": ""pending"", ""enabled"": true, ""required"": false}, {""type"": ""agency_submission"", ""status"": ""pending"", ""enabled"": true, ""required"": false}]","",,
4561,REG1915,The Veterans’ Readjustment Benefits Act,Employee Benefits,38 U.S.C. §§ 4211-4214,1683,"Provides the rights, benefits, and obligations of persons absent from employment for military service.","By September 30th of each year the University must file Federal Contractor Veterans Employment Report (VETS-100) reporting the number of disabled veterans, Vietnam veterans and protected veterans employed and hired.",Human Resources,federal,t,,,2014-01-25 00:00:00,,,,"By September 30th of each year the University must file Federal Contractor Veterans Employment Report (VETS-100) reporting the number of disabled veterans, Vietnam veterans and protected veterans employed and hired.",https://www.dol.gov,Department of Labor,"","","","","","","By September 30th of each year the University must file Federal Contractor Veterans Employment Report (VETS-100) reporting the number of disabled veterans, Vietnam veterans and protected veterans employed and hired.","",,,"","",,,1,,2025-03-07 15:21:09.709673,,t,,,,"[{""type"": ""attestation"", ""status"": ""pending"", ""enabled"": true, ""required"": false}, {""type"": ""website_publish"", ""status"": ""pending"", ""enabled"": true, ""required"": false}, {""type"": ""community_communication"", ""status"": ""pending"", ""enabled"": true, ""required"": false}, {""type"": ""agency_submission"", ""status"": ""pending"", ""enabled"": true, ""required"": false}]","",,
4562,REG1916,Title IX of the Education Amendment of 1972,Employee Benefits,20 U.S.C. §§ 1681-1688,1633,"Under the Title IX common rule, a recipient must not discriminate on the basis of sex in providing health and insurance benefits or services. Specifically, the provision of such benefits and services to students must meet the same requirements as outlined in the employee provisions of the common rule.

 	Any grievance records relating to a Title IX violation or complaint must be retained for the period of time cited in state law for personal injury actions.","",Academic Programs,federal,t,,,2014-01-25 00:00:00,,,,"",https://www.ed.gov,Department of Education,"","","","","","","","",,,"","",,,1,,2025-03-07 15:21:09.709673,,t,,,,"[{""type"": ""attestation"", ""status"": ""pending"", ""enabled"": true, ""required"": false}, {""type"": ""website_publish"", ""status"": ""pending"", ""enabled"": true, ""required"": false}, {""type"": ""community_communication"", ""status"": ""pending"", ""enabled"": true, ""required"": false}, {""type"": ""agency_submission"", ""status"": ""pending"", ""enabled"": true, ""required"": false}]","",,
4563,REG1917,Uniformed Services Employment and Reemployment Rights Act (USERRA),Employee Benefits,38 U.S.C. § 4301-4335,1682,"Seeks to ensure that members of the uniformed services are entitled to return to their civilian employment upon completion of their service.

 	Qualified employees must be reinstated with the seniority, status, and rate of pay they would have obtained had they remained continuously employed by their civilian employer.

 	The law also protects individuals from discrimination in hiring, promotion, and retention on the basis of present and future membership in the armed services.","",Human Resources,federal,t,,,2014-01-25 00:00:00,,,,"",https://www.dol.gov,Department of Labor,"","","","","","","","",,,"","",,,1,,2025-03-07 15:21:09.709673,,t,,,,"[{""type"": ""attestation"", ""status"": ""pending"", ""enabled"": true, ""required"": false}, {""type"": ""website_publish"", ""status"": ""pending"", ""enabled"": true, ""required"": false}, {""type"": ""community_communication"", ""status"": ""pending"", ""enabled"": true, ""required"": false}, {""type"": ""agency_submission"", ""status"": ""pending"", ""enabled"": true, ""required"": false}]","",,
4752,REG1933,Federal Unemployment Tax Act,Wages,26 U.S.C. §§ 3301-3311,1656,"Provides for payments of unemployment compensation to workers who have lost their jobs.

 	If your FUTA tax is more than $500 for the calendar year, you must deposit at least one quarterly payment.  If not, alternate rules apply.","",Finance,federal,t,,,2014-01-26 00:00:00,,,,"",https://www.dol.gov,Department of Labor,"","","","","","","","",,,"","",,,1,,2025-03-07 15:21:09.709673,,t,,,,"[{""type"": ""attestation"", ""status"": ""pending"", ""enabled"": true, ""required"": false}, {""type"": ""website_publish"", ""status"": ""pending"", ""enabled"": true, ""required"": false}, {""type"": ""community_communication"", ""status"": ""pending"", ""enabled"": true, ""required"": false}, {""type"": ""agency_submission"", ""status"": ""pending"", ""enabled"": true, ""required"": false}]","",,
4459,REG1785,Age Discrimination Act of 1975,Academic Programs,42 U.S.C. §§ 6101-6107,1692,"Prohibits discrimination based on age in educational or academic programs or activities that receive federal financial assistance.

 	Prohibits retaliation for filing a complaint with OCR or participating in a mediation or investigation of a violation, or for advocating for a right protected by the Act.

Additional Information:
Prohibits discrimination based on age in educational or academic programs or activities that receive federal financial assistance.

 	Prohibits retaliation for filing a complaint with OCR or participating in a mediation or investigation of a violation, or for advocating for a right protected by the Act.",No specific requirements provided,Academic Programs,federal,t,,,2025-03-06 14:29:45.508,,,,"",https://www.ed.gov,Department of Education,"","","","","","","","",,,"","",,,1,,2025-03-07 15:21:09.709673,,t,,,,"[{""type"": ""attestation"", ""status"": ""pending"", ""enabled"": true, ""required"": false}, {""type"": ""website_publish"", ""status"": ""pending"", ""enabled"": true, ""required"": false}, {""type"": ""community_communication"", ""status"": ""pending"", ""enabled"": true, ""required"": false}, {""type"": ""agency_submission"", ""status"": ""pending"", ""enabled"": true, ""required"": false}]","",,
4846,PA-paDep-1741804862430,"Laws, Regulations, and Guidelines",Higher Education,"",,"Department of Environmental Protection
Our mission is to protect Pennsylvania’s air, land, and water resources while ensuring the health and safety of all residents and visitors to the commonwealth.
Streamlining Permits for Economic Expansion and Development (SPEED)
Created to accelerate permit processing and keep Pennsylvania aligned with business demands, eligible permit applications will use DEP-approved contractors for expedited review.
The Invitation For Bids (IFB) is now open to find quali","Department of Environmental Protection
Our mission is to protect Pennsylvania’s air, land, and water resources while ensuring the health and safety of all residents and visitors to the commonwealth.
Streamlining Permits for Economic Expansion and Development (SPEED)
Created to accelerate permit processing and keep Pennsylvania aligned with business demands, eligible permit applications will use DEP-approved contractors for expedited review.
The Invitation For Bids (IFB) is now open to find qualified professionals to fill these roles.
Popular
Learn more about
•
Climate Change
•
Pennsylvania Pipeline Portal
•
PFAS in Pennsylvania
•
Driving PA Forward
•
Methane Reduction Strategy
•
Stormwater Management
•
Bay Restoration
•
Lead in Drinking Water
•
Mine Subsidence Insurance
•
The Environmental Regulatory Process in Pennsylvania
•
Stream Maintenance
News releases
•
DEP to Host Public Hearing on North Centre Township HSCA Investigation in Columbia County
•
DEP Provides Update on Lancaster County Plane Crash Cleanup
•
Shapiro Administration Holds Energy Transfer Accountable for Contaminating
•
Shapiro Administration Launches RISE PA Initiative to Create Energy Jobs, Cut Costs, Grow Pennsylvania’s Energy & Manufacturing Industries, and Lower Toxic Air Pollution
RISE PA will create thousands of good-paying jobs in construction and manufacturing – the $396 million program is for projects to reduce energy costs and air pollution from industrial facilities.
Union labor, environmental advocates, and leaders from across the energy industry have praised the Shapiro Administration’s commonsense efforts to create jobs and tackle industrial pollution while helping build healthier communities and a stronger economy in Pennsylvania.
•
Accessibility and discrimination
The Pennsylvania Department of Environmental Protection (DEP) works to make sure everyone can access its services. Learn more about how we do this by reading our policy.
PAyback
Eligible for a refund of your permits, licenses, or certification application fees?​
•
Department of Environmental Protection social contacts Follow on Facebook
•
Department of Environmental Protection social contacts Follow on X
•
Department of Environmental Protection social contacts Follow on LinkedIn
•
Department of Environmental Protection social contacts Follow on Instagram
•
Department of Environmental Protection social contacts Follow on YouTube
•
Department of Environmental Protection social contacts Contact Us
•
Media Inquiries
•
Open Data Portal",Academic Programs,state,t,,,2025-03-12 18:41:05.182,2025-03-12 18:40:21.87,,,,https://www.dep.pa.gov,paDep,,paDep,https://www.dep.pa.gov/social-media-policy-and-disclaimer.html,,,,,,,,,,,"[{""url"": ""https://www.dep.pa.gov/social-media-policy-and-disclaimer.html"", ""type"": ""web-scrape"", ""lastChecked"": ""2025-03-12T18:40:21.870Z""}]",10,4846,2025-03-12 18:41:02.239691,,t,,PA,paDep,"[{""type"": ""attestation"", ""status"": ""pending"", ""enabled"": true, ""required"": false}, {""type"": ""website_publish"", ""status"": ""pending"", ""enabled"": true, ""required"": false}, {""type"": ""community_communication"", ""status"": ""pending"", ""enabled"": true, ""required"": false}, {""type"": ""agency_submission"", ""status"": ""pending"", ""enabled"": true, ""required"": false}]","",,
4845,PA-paCHE-1741802622449,Certification Testing Requirements,Higher Education,"",,"Pennsylvania Department of Education (PDE)
Overview
The Pennsylvania Department of Education (PDE) oversees 500 public school districts, more than 170 public charter schools, public cyber charter schools, Career and Technology Centers/Vocational Technical schools, public Intermediate Units, the education of youth in State Juvenile Correctional Institutions, Head Starts and publicly funded preschools, and community colleges.
PDE also oversees policies related to public, academic, and school libra","Pennsylvania Department of Education (PDE)
Overview
The Pennsylvania Department of Education (PDE) oversees 500 public school districts, more than 170 public charter schools, public cyber charter schools, Career and Technology Centers/Vocational Technical schools, public Intermediate Units, the education of youth in State Juvenile Correctional Institutions, Head Starts and publicly funded preschools, and community colleges.
PDE also oversees policies related to public, academic, and school libraries, and the State Library of Pennsylvania.
Certification
Login to TIMS
•
Clearances & Background Checks
•
Continuing Education and Professional Development
•
Child Labor Laws
•
Special Education
•
Certification Testing Requirements
•
Accessibility
•
Transcripts & Diplomas
•
2024-25 Education Budget
Teach in PA
EmpowerU
Food & Nutrition
Career and Technical Education
New Releases
•
State Board of Higher Education to Embark on Statewide Stakeholder Engagement Tour to Help Develop Strategic Plan
•
Shapiro Administration Highlights Commonsense Investments to Fight Food Insecurity at Millersville University
•
Shapiro Administration Invites Nominations for National RISE Award to Honor Exceptional School Employees Across Pennsylvania
•
Shapiro Administration Announces $300,000 to Educate Students Recovering at Home from Serious Medical Conditions
Contact Information & Affiliates
•
Contact Us Form
•
Contact by Phone
•
PDE Executive Staff
•
PDE Press Office
•
State Library of Pennsylvania
Collecting, preserving, and providing access to materials for, by, and about Pennsylvania.
•
Professional Standards and Practices Commission
The Professional Standards and Practices Commission sets preparation, certification, practice, and conduct standards for teachers.
•
State Board of Education
The State Board of Education reviews, develops, and adopts regulations that govern basic and higher education in the Commonwealth.
•
State Board of Higher Education
Provide direction, coordination, and support to ensure that institutions of higher education fully meet the workforce and economic development needs of this Commonwealth.",Academic Programs,state,t,,,2025-03-12 18:41:23.67,2025-03-12 18:41:01.961,,,,https://www.education.pa.gov/Postsecondary-Adult/College%20and%20Career%20Education/Pages/default.aspx,paCHE,,paCHE,https://www.education.pa.gov/social-media-policy-and-disclaimer.html,,,,,,,,,,,"[{""url"": ""https://www.education.pa.gov/social-media-policy-and-disclaimer.html"", ""type"": ""web-scrape"", ""lastChecked"": ""2025-03-12T18:41:01.961Z""}]",26,4845,2025-03-12 18:03:42.482738,,t,,PA,paCHE,"[{""type"": ""attestation"", ""status"": ""pending"", ""enabled"": true, ""required"": false}, {""type"": ""website_publish"", ""status"": ""pending"", ""enabled"": true, ""required"": false}, {""type"": ""community_communication"", ""status"": ""pending"", ""enabled"": true, ""required"": false}, {""type"": ""agency_submission"", ""status"": ""pending"", ""enabled"": true, ""required"": false}]","",,
4576,REG1847,Housing & Urban Development Lead Based Paint Poisoning in Certain Residential Structures,Environmental Health and Safety,42 U.S.C. § 4852d,1697,"The University must provide lessees with a federally-approved pamphlet on lead poisoning prevention.

Additional Information:
The asbestos NESHAP regulations specify work practices for asbestos to be followed during demolitions and renovations of all structures, installations, and buildings (excluding residential buildings that have four or fewer dwelling units). The regulations require the owner of the building or the operator to notify the appropriate state agency before any demolition, or before any renovations of buildings that could contain a certain threshold amount of asbestos or asbestos-containing material. In addition, particular manufacturing and fabricating operations either cannot emit visible emissions into the outside air or must follow air-cleaning procedures, as well as follow certain requirements when removing asbestos-containing waste.","Annually, the University must provide a disclosure notice to lessees of property built prior to 1978 that such structures may contain lead based paint and/or lead based paint hazards, regarding the health risks of such hazard, and disclosing any known lead paint or hazard.

Additional Requirements:
The University must comply regarding notices and permitting regarding the demolition of structures and waste removal.
Resources",Campus Safety,federal,t,,,2025-03-06 14:30:14.149,,,,"Annually, the University must provide a disclosure notice to lessees of property built prior to 1978 that such structures may contain lead based paint and/or lead based paint hazards, regarding the health risks of such hazard, and disclosing any known lead paint or hazard.",https://www.ed.gov,Department of Education,"","","","","","","Annually, the University must provide a disclosure notice to lessees of property built prior to 1978 that such structures may contain lead based paint and/or lead based paint hazards, regarding the health risks of such hazard, and disclosing any known lead paint or hazard.","",,,"","",,,1,,2025-03-07 15:21:09.709673,,t,,,,"[{""type"": ""attestation"", ""status"": ""pending"", ""enabled"": true, ""required"": false}, {""type"": ""website_publish"", ""status"": ""pending"", ""enabled"": true, ""required"": false}, {""type"": ""community_communication"", ""status"": ""pending"", ""enabled"": true, ""required"": false}, {""type"": ""agency_submission"", ""status"": ""pending"", ""enabled"": true, ""required"": false}]","",,
4577,REG1848,Mandatory Reporting of Greenhouse Gases,Environmental Health and Safety,OSHA,1663,"Implemented under the Environmental Protection Agency's (EPA) powers under the Clean Air Act, the rule requires that the university submit an annual report on the university's greenhouse gas emissions. Gases covered by the rule include carbon dioxide (CO2), methane (CH4), nitrous oxide (N2O), hydro fluorocarbons (HFC), per fluorocarbons (PFC), sulfur hexafluoride (SF6) and other fluorinated gases and hydro fluorinated ethers.

Additional Information:
Requires employers to train employees on hazards in the workplace, to provide information to employees, to report occupational injuries and illnesses to the federal government, and to keep records of same, and to provide controls and protective equipment as well.","The University must submit an annual report on the University’s greenhouse gas emissions.

Additional Requirements:
No specific requirements provided",Campus Safety,federal,t,,,2025-03-06 14:30:14.384,,,,The University must submit an annual report on the University’s greenhouse gas emissions.,https://www.ed.gov,Department of Education,"","","","","","",The University must submit an annual report on the University’s greenhouse gas emissions.,"",,,"","",,,1,,2025-03-07 15:21:09.709673,,t,,,,"[{""type"": ""attestation"", ""status"": ""pending"", ""enabled"": true, ""required"": false}, {""type"": ""website_publish"", ""status"": ""pending"", ""enabled"": true, ""required"": false}, {""type"": ""community_communication"", ""status"": ""pending"", ""enabled"": true, ""required"": false}, {""type"": ""agency_submission"", ""status"": ""pending"", ""enabled"": true, ""required"": false}]","",,
4578,REG1849,Motor Carrier Act of 1980,Environmental Health and Safety,OSHA Asbestos in Construction Standard,,"Institutions are liable for any pollution-related incident that occurs during the transportation of hazardous material.

Additional Information:
Applies to construction only. No employee may be exposed to an airborne concentration of asbestos in excess of 0.1 fiber per cubic cm of air as an 8 hour time-weighted average.
The University must use enumerated safety procedures, monitor subject areas and notify potentially affected employees of results within five days.",No specific requirements provided,Campus Safety,federal,t,,,2025-03-06 14:30:14.64,,,,"",https://www.ed.gov,Department of Education,"","","","","","","","",,,"","",,,1,,2025-03-07 15:21:09.709673,,t,,,,"[{""type"": ""attestation"", ""status"": ""pending"", ""enabled"": true, ""required"": false}, {""type"": ""website_publish"", ""status"": ""pending"", ""enabled"": true, ""required"": false}, {""type"": ""community_communication"", ""status"": ""pending"", ""enabled"": true, ""required"": false}, {""type"": ""agency_submission"", ""status"": ""pending"", ""enabled"": true, ""required"": false}]","",,
4571,REG3651,"Energy Reorganization Act of 1974, as amended",Environmental Health and Safety,42 U.S.C. § 5801 et seq.,3652,"Governs the handling, storage, and disposal of radioactive materials. See the General Statement of Policy and Procedures for NRC Enforcement Actions

Additional Information:
Primary objective is to provide adequate protection against the risks to life and property inherent in the transportation of hazardous material in commerce by improving the regulatory and enforcement authority of the Secretary of Transportation.

 	Training is required 90 days after employment or change in job function, followed by recurrent training once every three years.

Additional Information:
OSHA requires the use of Personal Protective Equipment (PPE) to reduce employee exposure to hazards when engineering and administrative controls are not feasible or effective in reducing these exposures to acceptable levels.
The regulations clarify what type of PPE employers must provide at no cost to workers and when employers are required to pay for PPE.

Additional Information:
Applies to exposure to lead during construction only.
The university must conduct lead exposure assessments for construction jobs (alternation, repair, demolition, painting, decorating) with possible exposure to lead to determine if exposure threshold met (i.e. &gt; 50 micrograms concentration per cubic meter of air averaged over an 8 hours).
If threshold met, the university must notify affected employee, institute engineering and work practice controls to reduce exposure to permissible levels, and conduct repeat monitoring. Also applies to contractors.

Additional Information:
Applies to occupational exposure to lead by employees in non-construction setting.
The university must ensure no employee is exposed to &gt; 50 micrograms lead concentration per cubic meter of air averaged over an 8 hours.
Where there is potential exposure, the university must make a determination as to whether employees are so exposed, and if so must notify the employee, institute corrective action via engineering and work practice controls, and repeat monitoring activities.

Additional Information:
Before cutting/welding can be permitted, the area must be inspected by the individual responsible for authorizing cutting/welding operations, and who must designate precautions to be followed in granting authorization, preferably in the form of a written permit.
Cutting/welding shall be permitted only in areas that are or have been made fire safe, and appropriate PPE and clothing based on the type of work performed must be used. (Note: Per OSHA, to minimize carbon monoxide hazard, maintain 3-4 feet of clear ventilation space around generators).","All licensees possessing Category 1 and 2 sources are responsible for reporting information to the National Source Tracking System.

Additional Requirements:
University personnel who transport or cause to be transported hazardous materials must file annually a registration statement by June 30.

Additional Requirements:
No specific requirements provided

Additional Requirements:
No specific requirements provided

Additional Requirements:
No specific requirements provided

Additional Requirements:
No specific requirements provided",Campus Safety,federal,t,,,2025-03-06 14:30:15.612,,,,All licensees possessing Category 1 and 2 sources are responsible for reporting information to the National Source Tracking System.,https://www.ed.gov,Department of Education,"","","","","","",All licensees possessing Category 1 and 2 sources are responsible for reporting information to the National Source Tracking System.,"",,,"","",,,1,,2025-03-07 15:21:09.709673,,t,,,,"[{""type"": ""attestation"", ""status"": ""pending"", ""enabled"": true, ""required"": false}, {""type"": ""website_publish"", ""status"": ""pending"", ""enabled"": true, ""required"": false}, {""type"": ""community_communication"", ""status"": ""pending"", ""enabled"": true, ""required"": false}, {""type"": ""agency_submission"", ""status"": ""pending"", ""enabled"": true, ""required"": false}]","",,
4579,REG3659,National Emission Standards for Hazardous Air Pollutants (NESHAP),Environmental Health and Safety,"","","The asbestos NESHAP regulations specify work practices for asbestos to be followed during demolitions and renovations of all structures, installations, and buildings (excluding residential buildings that have four or fewer dwelling units). The regulations require the owner of the building or the operator to notify the appropriate state agency before any demolition, or before any renovations of buildings that could contain a certain threshold amount of asbestos or asbestos-containing material. In addition, particular manufacturing and fabricating operations either cannot emit visible emissions into the outside air or must follow air-cleaning procedures, as well as follow certain requirements when removing asbestos-containing waste.","The University must comply regarding notices and permitting regarding the demolition of structures and waste removal.
Resources",Campus Safety,federal,t,,,2020-03-03 00:00:00,,,,"The University must comply regarding notices and permitting regarding the demolition of structures and waste removal.
Resources",https://www.ed.gov,Department of Education,"","","","","","","The University must comply regarding notices and permitting regarding the demolition of structures and waste removal.
Resources","",,,"","",,,1,,2025-03-07 15:21:09.709673,,t,,,,"[{""type"": ""attestation"", ""status"": ""pending"", ""enabled"": true, ""required"": false}, {""type"": ""website_publish"", ""status"": ""pending"", ""enabled"": true, ""required"": false}, {""type"": ""community_communication"", ""status"": ""pending"", ""enabled"": true, ""required"": false}, {""type"": ""agency_submission"", ""status"": ""pending"", ""enabled"": true, ""required"": false}]","",,
4580,REG1851,OSHA,Environmental Health and Safety,29 U.S.C. § 651-678,1663,"Requires employers to train employees on hazards in the workplace, to provide information to employees, to report occupational injuries and illnesses to the federal government, and to keep records of same, and to provide controls and protective equipment as well.","",Campus Safety,federal,t,,,2014-01-25 00:00:00,,,,"",https://www.dol.gov,Department of Labor,"","","","","","","","",,,"","",,,1,,2025-03-07 15:21:09.709673,,t,,,,"[{""type"": ""attestation"", ""status"": ""pending"", ""enabled"": true, ""required"": false}, {""type"": ""website_publish"", ""status"": ""pending"", ""enabled"": true, ""required"": false}, {""type"": ""community_communication"", ""status"": ""pending"", ""enabled"": true, ""required"": false}, {""type"": ""agency_submission"", ""status"": ""pending"", ""enabled"": true, ""required"": false}]","",,
4581,REG1852,OSHA Asbestos in Construction Standard,Environmental Health and Safety,"","","Applies to construction only. No employee may be exposed to an airborne concentration of asbestos in excess of 0.1 fiber per cubic cm of air as an 8 hour time-weighted average.
The University must use enumerated safety procedures, monitor subject areas and notify potentially affected employees of results within five days.","",Campus Safety,federal,t,,,2014-01-25 00:00:00,,,,"",https://www.dol.gov,Department of Labor,"","","","","","","","",,,"","",,,1,,2025-03-07 15:21:09.709673,,t,,,,"[{""type"": ""attestation"", ""status"": ""pending"", ""enabled"": true, ""required"": false}, {""type"": ""website_publish"", ""status"": ""pending"", ""enabled"": true, ""required"": false}, {""type"": ""community_communication"", ""status"": ""pending"", ""enabled"": true, ""required"": false}, {""type"": ""agency_submission"", ""status"": ""pending"", ""enabled"": true, ""required"": false}]","",,
4582,REG1853,OSHA Asbestos in General Industry Standard,Environmental Health and Safety,"","","The University must ensure that no employee is exposed to an airborne concentration of asbestos in excess of 0.1 fiber per cubic centimeter of air as an eight hour time-weighted average. &nbsp;Applies to occupational exposure other than construction.
The University must perform initial monitoring where employees are or may reasonably be expected to be exposed at or above the exposure limit, and must promptly notify such employees of the results within 15 working days.
Required, repeated monitoring depends on the initial results. Additional safety and compliance procedures are required.","",Campus Safety,federal,t,,,2014-01-25 00:00:00,,,,"",https://www.dol.gov,Department of Labor,"","","","","","","","",,,"","",,,1,,2025-03-07 15:21:09.709673,,t,,,,"[{""type"": ""attestation"", ""status"": ""pending"", ""enabled"": true, ""required"": false}, {""type"": ""website_publish"", ""status"": ""pending"", ""enabled"": true, ""required"": false}, {""type"": ""community_communication"", ""status"": ""pending"", ""enabled"": true, ""required"": false}, {""type"": ""agency_submission"", ""status"": ""pending"", ""enabled"": true, ""required"": false}]","",,
4583,REG1855,OSHA Enforcement Guidance for Personal Protective Equipment (PPE) in General Industry,Environmental Health and Safety,"","","OSHA requires the use of Personal Protective Equipment (PPE) to reduce employee exposure to hazards when engineering and administrative controls are not feasible or effective in reducing these exposures to acceptable levels.
The regulations clarify what type of PPE employers must provide at no cost to workers and when employers are required to pay for PPE.","",Campus Safety,federal,t,,,2014-01-25 00:00:00,,,,"",https://www.dol.gov,Department of Labor,"","","","","","","","",,,"","",,,1,,2025-03-07 15:21:09.709673,,t,,,,"[{""type"": ""attestation"", ""status"": ""pending"", ""enabled"": true, ""required"": false}, {""type"": ""website_publish"", ""status"": ""pending"", ""enabled"": true, ""required"": false}, {""type"": ""community_communication"", ""status"": ""pending"", ""enabled"": true, ""required"": false}, {""type"": ""agency_submission"", ""status"": ""pending"", ""enabled"": true, ""required"": false}]","",,
4823,REG-1741278480551,"Equal Employment Opportunity in Apprenticeship and Training, Final Rule",Civil Rights,DOL-2024-001,"",This regulation aims to ensure equal employment opportunities in apprenticeship and training programs.,Educational institutions must comply with non-discrimination and equal opportunity requirements in their apprenticeship and training programs.,Civil Rights,federal,t,,,2025-03-06 16:28:00.551,2025-03-06 16:28:00.551,2026-03-06 16:28:00.551,,"",https://www.dol.gov/agencies/eta/apprenticeship,U.S. Department of Labor,"",Employment and Training Administration,"","","","",,"",,,"","",,,1,,2025-03-07 15:21:09.709673,,t,,,,"[{""type"": ""attestation"", ""status"": ""pending"", ""enabled"": true, ""required"": false}, {""type"": ""website_publish"", ""status"": ""pending"", ""enabled"": true, ""required"": false}, {""type"": ""community_communication"", ""status"": ""pending"", ""enabled"": true, ""required"": false}, {""type"": ""agency_submission"", ""status"": ""pending"", ""enabled"": true, ""required"": false}]","",,
4584,REG1857,OSHA Lead in Construction Standard,Environmental Health and Safety,"","","Applies to exposure to lead during construction only.
The university must conduct lead exposure assessments for construction jobs (alternation, repair, demolition, painting, decorating) with possible exposure to lead to determine if exposure threshold met (i.e. &gt; 50 micrograms concentration per cubic meter of air averaged over an 8 hours).
If threshold met, the university must notify affected employee, institute engineering and work practice controls to reduce exposure to permissible levels, and conduct repeat monitoring. Also applies to contractors.","",Campus Safety,federal,t,,,2014-01-25 00:00:00,,,,"",https://www.dol.gov,Department of Labor,"","","","","","","","",,,"","",,,1,,2025-03-07 15:21:09.709673,,t,,,,"[{""type"": ""attestation"", ""status"": ""pending"", ""enabled"": true, ""required"": false}, {""type"": ""website_publish"", ""status"": ""pending"", ""enabled"": true, ""required"": false}, {""type"": ""community_communication"", ""status"": ""pending"", ""enabled"": true, ""required"": false}, {""type"": ""agency_submission"", ""status"": ""pending"", ""enabled"": true, ""required"": false}]","",,
4585,REG1858,OSHA Lead in General Industry Standard,Environmental Health and Safety,"","","Applies to occupational exposure to lead by employees in non-construction setting.
The university must ensure no employee is exposed to &gt; 50 micrograms lead concentration per cubic meter of air averaged over an 8 hours.
Where there is potential exposure, the university must make a determination as to whether employees are so exposed, and if so must notify the employee, institute corrective action via engineering and work practice controls, and repeat monitoring activities.","",Campus Safety,federal,t,,,2014-01-25 00:00:00,,,,"",https://www.dol.gov,Department of Labor,"","","","","","","","",,,"","",,,1,,2025-03-07 15:21:09.709673,,t,,,,"[{""type"": ""attestation"", ""status"": ""pending"", ""enabled"": true, ""required"": false}, {""type"": ""website_publish"", ""status"": ""pending"", ""enabled"": true, ""required"": false}, {""type"": ""community_communication"", ""status"": ""pending"", ""enabled"": true, ""required"": false}, {""type"": ""agency_submission"", ""status"": ""pending"", ""enabled"": true, ""required"": false}]","",,
4586,REG1859,"OSHA Welding, Cutting, and Brazing",Environmental Health and Safety,"","","Before cutting/welding can be permitted, the area must be inspected by the individual responsible for authorizing cutting/welding operations, and who must designate precautions to be followed in granting authorization, preferably in the form of a written permit.
Cutting/welding shall be permitted only in areas that are or have been made fire safe, and appropriate PPE and clothing based on the type of work performed must be used. (Note: Per OSHA, to minimize carbon monoxide hazard, maintain 3-4 feet of clear ventilation space around generators).","",Campus Safety,federal,t,,,2014-01-25 00:00:00,,,,"",https://www.dol.gov,Department of Labor,"","","","","","","","",,,"","",,,1,,2025-03-07 15:21:09.709673,,t,,,,"[{""type"": ""attestation"", ""status"": ""pending"", ""enabled"": true, ""required"": false}, {""type"": ""website_publish"", ""status"": ""pending"", ""enabled"": true, ""required"": false}, {""type"": ""community_communication"", ""status"": ""pending"", ""enabled"": true, ""required"": false}, {""type"": ""agency_submission"", ""status"": ""pending"", ""enabled"": true, ""required"": false}]","",,
4587,REG1854,OSHA – Bloodborne Pathogens Standard,Environmental Health and Safety,"","",The university must maintain a written exposure control plan and provide appropriate instruction on precautions to all workers who might become exposed to blood or other potentially infectious materials.,"",Campus Safety,federal,t,,,2014-01-25 00:00:00,,,,"",https://www.dol.gov,Department of Labor,"","","","","","","","",,,"","",,,1,,2025-03-07 15:21:09.709673,,t,,,,"[{""type"": ""attestation"", ""status"": ""pending"", ""enabled"": true, ""required"": false}, {""type"": ""website_publish"", ""status"": ""pending"", ""enabled"": true, ""required"": false}, {""type"": ""community_communication"", ""status"": ""pending"", ""enabled"": true, ""required"": false}, {""type"": ""agency_submission"", ""status"": ""pending"", ""enabled"": true, ""required"": false}]","",,
4589,REG3654,OSHA’s  Occupational Noise Exposure Standard,Environmental Health and Safety,29 C.F.R 1910.95,3655,"The OSHA noise exposure standards define two action levels at which worker protection must be provided and used, based on the 8 hour time weighted average of noise levels that the worker is exposed to throughout the day.",Not Applicable,Campus Safety,federal,t,,,2020-03-03 00:00:00,,,,Not Applicable,https://www.dol.gov,Department of Labor,"","","","","","",Not Applicable,"",,,"","",,,1,,2025-03-07 15:21:09.709673,,t,,,,"[{""type"": ""attestation"", ""status"": ""pending"", ""enabled"": true, ""required"": false}, {""type"": ""website_publish"", ""status"": ""pending"", ""enabled"": true, ""required"": false}, {""type"": ""community_communication"", ""status"": ""pending"", ""enabled"": true, ""required"": false}, {""type"": ""agency_submission"", ""status"": ""pending"", ""enabled"": true, ""required"": false}]","",,
4590,REG3653,OSHA’s Occupational Exposure to Hazardous Chemicals in Laboratories Standard,Environmental Health and Safety,"","","Provides strict guidelines for laboratory safety. Key components of the laboratory standard include having a chemical hygiene plan and providing employees with training and information. The laboratory standard applies to labs that:

 	use hazardous chemicals

 	serve as workplaces where relatively small amounts of hazardous chemicals are used on a nonproduction basis

 	hazardous chemicals are manipulated on a laboratory scale

 	use multiple chemical procedures or chemicals

 	have procedures not part of a production process

 	use protective practices and equipment to minimize the potential for employee exposure to hazardous chemicals


These hazardous chemicals include those regulated under 29 CFR 1910 subpart Z, and those defined under the Hazard Communication Standard, 29 CFR 1910.1200",Not Applicable,Campus Safety,federal,t,,,2020-03-03 00:00:00,,,,Not Applicable,https://www.dol.gov,Department of Labor,"","","","","","",Not Applicable,"",,,"","",,,1,,2025-03-07 15:21:09.709673,,t,,,,"[{""type"": ""attestation"", ""status"": ""pending"", ""enabled"": true, ""required"": false}, {""type"": ""website_publish"", ""status"": ""pending"", ""enabled"": true, ""required"": false}, {""type"": ""community_communication"", ""status"": ""pending"", ""enabled"": true, ""required"": false}, {""type"": ""agency_submission"", ""status"": ""pending"", ""enabled"": true, ""required"": false}]","",,
4591,REG1850,Oil Pollution Act,Environmental Health and Safety,33 U.S.C.§§ 2701-2762,1679,"Regulation requires container inspection and integrity, testing, recordkeeping, annual training for employees who handle oil, and annual discharge prevention briefings.","Spill Prevention, Control, and Countermeasure Rule reporting due every five years.",Campus Safety,federal,t,,,2014-01-25 00:00:00,,,,"Spill Prevention, Control, and Countermeasure Rule reporting due every five years.",https://www.ed.gov,Department of Education,"","","","","","","Spill Prevention, Control, and Countermeasure Rule reporting due every five years.","",,,"","",,,1,,2025-03-07 15:21:09.709673,,t,,,,"[{""type"": ""attestation"", ""status"": ""pending"", ""enabled"": true, ""required"": false}, {""type"": ""website_publish"", ""status"": ""pending"", ""enabled"": true, ""required"": false}, {""type"": ""community_communication"", ""status"": ""pending"", ""enabled"": true, ""required"": false}, {""type"": ""agency_submission"", ""status"": ""pending"", ""enabled"": true, ""required"": false}]","",,
4592,REG1856,Residential Lead-Based Paint Hazard Reduction Act of 1992,Environmental Health and Safety,42 U.S.C. § 4851 et seq.,3661,"Regulations apply to owners of more than four residential housing units built before 1978.


Before ratification of a contract for housing sale or lease, sellers and landlords must:

 	<li style=""list-style-type: none"">

 	Give an EPA-approved information pamphlet on identifying and controlling lead-based paint hazards (""Protect Your Family From Lead In Your Home"" pamphlet).

 	Disclose any known information concerning lead-based paint or lead-based paint hazards. The seller or landlord must also disclose information such as the location of the lead-based paint and/or lead-based paint hazards, and the condition of the painted surfaces.

 	Provide any records and reports on lead-based paint and/or lead-based paint hazards which are available to the seller or landlord (for multi-unit buildings, this requirement includes records and reports concerning common areas and other units, when such information was obtained as a result of a building-wide evaluation).

 	Include an attachment to the contractor lease (or insert language in the lease itself) which includes a Lead Warning Statement and confirms that the seller or landlord has complied with all notification requirements. This attachment is to be provided in the same language used in the rest of the contract. Sellers or landlords, and agents, as well as homebuyers or tenants, must sign and date the attachment.

 	Sellers must provide homebuyers a 10-day period to conduct a paint inspection or risk assessment for lead-based paint or lead-based paint hazards. Parties may mutually agree, in writing, to lengthen or shorten the time period for inspection. Homebuyers may waive this inspection opportunity.

 	Sellers and lessors must retain a copy of the disclosures for no less than three years from the date of sale or the date the leasing period begins.","",Campus Safety,federal,t,,,2014-01-25 00:00:00,,,,"",https://www.ed.gov,Department of Education,"","","","","","","","",,,"","",,,1,,2025-03-07 15:21:09.709673,,t,,,,"[{""type"": ""attestation"", ""status"": ""pending"", ""enabled"": true, ""required"": false}, {""type"": ""website_publish"", ""status"": ""pending"", ""enabled"": true, ""required"": false}, {""type"": ""community_communication"", ""status"": ""pending"", ""enabled"": true, ""required"": false}, {""type"": ""agency_submission"", ""status"": ""pending"", ""enabled"": true, ""required"": false}]","",,
4593,REG1860,Resource Conservation and Recovery Act,Environmental Health and Safety,42 U.S.C. §§ 6901-6992k,1711,"Gives the EPA authority to control hazardous waste generation, transportation, treatment, storage and disposal.

 	If the university is a hazardous waste generator it must:

 	Certify there is a program in place to reduce quantity and toxicity of waste to the degree economically practicable;

 	Establish record-keeping practices for waste generated; 3. Use appropriate containers and labeling practices for storage, transport or disposal, and use a manifest system.

 	If the university is a small quantity generator, it must provide to the EPA every year setting out quantities and nature of waste generated, how disposed, efforts to reduce volume and toxicity, and changes in volume and toxicity achieved.

 	Underground Storage Tank training must be conducted every 7 years.",Underground Storage Tank annual registration and postings required by September 1 of each year.,Campus Safety,federal,t,,,2014-01-25 00:00:00,,,,Underground Storage Tank annual registration and postings required by September 1 of each year.,https://www.ed.gov,Department of Education,"","","","","","",Underground Storage Tank annual registration and postings required by September 1 of each year.,"",,,"","",,,1,,2025-03-07 15:21:09.709673,,t,,,,"[{""type"": ""attestation"", ""status"": ""pending"", ""enabled"": true, ""required"": false}, {""type"": ""website_publish"", ""status"": ""pending"", ""enabled"": true, ""required"": false}, {""type"": ""community_communication"", ""status"": ""pending"", ""enabled"": true, ""required"": false}, {""type"": ""agency_submission"", ""status"": ""pending"", ""enabled"": true, ""required"": false}]","",,
4594,REG3396,Standards For the Management of Used Oil,Environmental Health and Safety,"","","Covers the standards for used oil storage, recordkeeping, labeling, off-site shipments, recycling, etc.","",Campus Safety,federal,t,,,2019-02-26 00:00:00,,,,"",https://www.ed.gov,Department of Education,"","","","","","","","",,,"","",,,1,,2025-03-07 15:21:09.709673,,t,,,,"[{""type"": ""attestation"", ""status"": ""pending"", ""enabled"": true, ""required"": false}, {""type"": ""website_publish"", ""status"": ""pending"", ""enabled"": true, ""required"": false}, {""type"": ""community_communication"", ""status"": ""pending"", ""enabled"": true, ""required"": false}, {""type"": ""agency_submission"", ""status"": ""pending"", ""enabled"": true, ""required"": false}]","",,
4595,REG1861,The Public Health Security and Bioterrorism Preparedness and Response Act,Environmental Health and Safety,18 U.S.C. § 175b,1599,"All colleges and universities that possess select agents, which are certain biological agents and toxins, need to register with the Secretary of the U.S. Department of Health and Human Services.

 	Requires prompt notification of the release of a select agent outside of the biocontainment area, or of theft or loss of a select agent.

 	The university must also deny access to the agents/toxins by restricted persons.",Universities must keep comprehensive inventories of select agents and must submit the names and other identifying information for individuals who the university determines have a legitimate need to handle or use the toxins.,Campus Safety,federal,t,,,2014-01-25 00:00:00,,,,Universities must keep comprehensive inventories of select agents and must submit the names and other identifying information for individuals who the university determines have a legitimate need to handle or use the toxins.,https://www.ed.gov,Department of Education,"","","","","","",Universities must keep comprehensive inventories of select agents and must submit the names and other identifying information for individuals who the university determines have a legitimate need to handle or use the toxins.,"",,,"","",,,1,,2025-03-07 15:21:09.709673,,t,,,,"[{""type"": ""attestation"", ""status"": ""pending"", ""enabled"": true, ""required"": false}, {""type"": ""website_publish"", ""status"": ""pending"", ""enabled"": true, ""required"": false}, {""type"": ""community_communication"", ""status"": ""pending"", ""enabled"": true, ""required"": false}, {""type"": ""agency_submission"", ""status"": ""pending"", ""enabled"": true, ""required"": false}]","",,
4753,REG1934,Qualified Tuition Reductions,Wages,Publication,1777,"A qualified tuition reduction is any reduction in tuition provided to an employee for the education of an employee or certain relatives of the employee at the institution the employee works at or another qualified institution.

 	A qualified tuition reduction is tax-free.

 	The tuition must be for education below the graduate level, with an exception for graduate students engaged in teaching or research at the university.",Reporting due by the last day of 7th month after end of plan year. An automatic extension of up to 2 months may be obtained by filing,Finance,federal,t,,,2014-01-26 00:00:00,,,,Reporting due by the last day of 7th month after end of plan year. An automatic extension of up to 2 months may be obtained by filing,https://www.dol.gov,Department of Labor,"","","","","","",Reporting due by the last day of 7th month after end of plan year. An automatic extension of up to 2 months may be obtained by filing,"",,,"","",,,1,,2025-03-07 15:21:09.709673,,t,,,,"[{""type"": ""attestation"", ""status"": ""pending"", ""enabled"": true, ""required"": false}, {""type"": ""website_publish"", ""status"": ""pending"", ""enabled"": true, ""required"": false}, {""type"": ""community_communication"", ""status"": ""pending"", ""enabled"": true, ""required"": false}, {""type"": ""agency_submission"", ""status"": ""pending"", ""enabled"": true, ""required"": false}]","",,
4531,REG1902,Americans with Disabilities Act of 1990,Discrimination,42 U.S.C. §§ 12101-12213,1701,"Prohibits covered entities from discriminating on the basis of disability against a qualified individual in regard to recruitment, hiring, wages, promotion, and other employment-related matters.

 	Enforced by multiple federal agencies, including the Department of Justice, Department of Labor, and the EEOC.

Additional Information:
Prohibits covered entities from discriminating on the basis of disability against a qualified individual in regard to recruitment, hiring, wages, promotion, and other employment-related matters.

 	Enforced by multiple federal agencies, including the Department of Justice, Department of Labor, and the EEOC.",No specific requirements provided,Human Resources,federal,t,,,2025-03-06 14:30:03.672,,,,"",https://www.dol.gov,Department of Labor,"","","","","","","","",,,"","",,,1,,2025-03-07 15:21:09.709673,,t,,,,"[{""type"": ""attestation"", ""status"": ""pending"", ""enabled"": true, ""required"": false}, {""type"": ""website_publish"", ""status"": ""pending"", ""enabled"": true, ""required"": false}, {""type"": ""community_communication"", ""status"": ""pending"", ""enabled"": true, ""required"": false}, {""type"": ""agency_submission"", ""status"": ""pending"", ""enabled"": true, ""required"": false}]","",,
4596,REG1862,Toxic Substances Control Act,Environmental Health and Safety,15 U.S.C. § 2601-2629,1584,"Regulates the use and disposal of certain chemicals, including PCBs used in electrical transformers. Must comply with regulations concerning use, service, storage, and disposal of transformers containing PCBs.

 	The Act requires the identification, inventory, marking and quarterly inspection of PCB transformers.","15 U.S.C. § 2607; 40 C.F.R. § 761.180: A written annual document log of the disposition of PCBs and PCB items must be prepared for each facility by July 1st, covering the previous calendar year (January through December). The written annual report, which summarizes the records and annual document log shall be submitted to the EPA Regional Administrator by July 15th of each year.",Campus Safety,federal,t,,,2014-01-25 00:00:00,,,,"15 U.S.C. § 2607; 40 C.F.R. § 761.180: A written annual document log of the disposition of PCBs and PCB items must be prepared for each facility by July 1st, covering the previous calendar year (January through December). The written annual report, which summarizes the records and annual document log shall be submitted to the EPA Regional Administrator by July 15th of each year.",https://www.ed.gov,Department of Education,"","","","","","","15 U.S.C. § 2607; 40 C.F.R. § 761.180: A written annual document log of the disposition of PCBs and PCB items must be prepared for each facility by July 1st, covering the previous calendar year (January through December). The written annual report, which summarizes the records and annual document log shall be submitted to the EPA Regional Administrator by July 15th of each year.","",,,"","",,,1,,2025-03-07 15:21:09.709673,,t,,,,"[{""type"": ""attestation"", ""status"": ""pending"", ""enabled"": true, ""required"": false}, {""type"": ""website_publish"", ""status"": ""pending"", ""enabled"": true, ""required"": false}, {""type"": ""community_communication"", ""status"": ""pending"", ""enabled"": true, ""required"": false}, {""type"": ""agency_submission"", ""status"": ""pending"", ""enabled"": true, ""required"": false}]","",,
4608,REG2004,International Emergency Economic Powers Act,Export Controls,50 U.S.C. §§ 1701-1707,1728,"Authorizes the President to declare the existence of an ""unusual and extraordinary threat to the national security, foreign policy, or economy of the United States"" that originates ""in whole or substantial part outside the United States."" It further authorizes the President, after such a declaration, to block transactions and freeze assets to deal with the threat.

 	In the event of an actual attack on the United States, the President can also confiscate property connected with a country, group, or person that aided in the attack.","",Research,federal,t,,,2014-01-25 00:00:00,,,,"","",,"","","","","","","","",,,"","",,,1,,2025-03-07 15:21:09.709673,,t,,,,"[{""type"": ""attestation"", ""status"": ""pending"", ""enabled"": true, ""required"": false}, {""type"": ""website_publish"", ""status"": ""pending"", ""enabled"": true, ""required"": false}, {""type"": ""community_communication"", ""status"": ""pending"", ""enabled"": true, ""required"": false}, {""type"": ""agency_submission"", ""status"": ""pending"", ""enabled"": true, ""required"": false}]","",,
4598,REG3634,Bribery of Public Officials and Witnesses,Ethics,18 U.S.C. § 201,3633,"Prohibits public officials from accepting bribes or gratuities to influence their Government actions.

Additional Information:
Prohibits public officials from accepting bribes or gratuities to influence their Government actions.",No specific requirements provided,Human Resources,federal,t,,,2025-03-06 14:30:18.141,,,,"",https://www.dol.gov,Department of Labor,"","","","","","","","",,,"","",,,1,,2025-03-07 15:21:09.709673,,t,,,,"[{""type"": ""attestation"", ""status"": ""pending"", ""enabled"": true, ""required"": false}, {""type"": ""website_publish"", ""status"": ""pending"", ""enabled"": true, ""required"": false}, {""type"": ""community_communication"", ""status"": ""pending"", ""enabled"": true, ""required"": false}, {""type"": ""agency_submission"", ""status"": ""pending"", ""enabled"": true, ""required"": false}]","",,
4601,REG1864,House and Senate Gift Ban and Ethics Rules,Ethics,House and Senate Gift Ban and Ethics Rules,,"Both the House and Senate have banned gifts from registered lobbyists or private entities that retain or employ them. Non-lobbyists can give gifts valued at less than $50, such as a meal at a briefing for a Member of Congress and their staff that is valued at less than $50 per person.

Additional Information:
Both the House and Senate have banned gifts from registered lobbyists or private entities that retain or employ them. Non-lobbyists can give gifts valued at less than $50, such as a meal at a briefing for a Member of Congress and their staff that is valued at less than $50 per person.",No specific requirements provided,Human Resources,federal,t,,,2025-03-06 14:30:18.686,,,,"",https://www.dol.gov,Department of Labor,"","","","","","","","",,,"","",,,1,,2025-03-07 15:21:09.709673,,t,,,,"[{""type"": ""attestation"", ""status"": ""pending"", ""enabled"": true, ""required"": false}, {""type"": ""website_publish"", ""status"": ""pending"", ""enabled"": true, ""required"": false}, {""type"": ""community_communication"", ""status"": ""pending"", ""enabled"": true, ""required"": false}, {""type"": ""agency_submission"", ""status"": ""pending"", ""enabled"": true, ""required"": false}]","",,
4597,REG3631,Acts Affecting a Personal Financial Interest,Ethics,18 U.S.C. § 208,3632,"Prohibits an executive branch employee from participating personally and substantially in a particular Government matter that will affect his own financial interests, as well as the financial interests of certain individuals with whom he has ties outside the Government.

Additional Information:
Prohibits an executive branch employee from participating personally and substantially in a particular Government matter that will affect his own financial interests, as well as the financial interests of certain individuals with whom he has ties outside the Government.

Additional Information:
Sets forth the limitations on outside income and activities of certain noncareer employees, referred to as “covered noncareer employees.”","No specific requirements provided

Additional Requirements:
No specific requirements provided",Human Resources,federal,t,,,2025-03-06 14:30:18.867,,,,"",https://www.dol.gov,Department of Labor,"","","","","","","","",,,"","",,,1,,2025-03-07 15:21:09.709673,,t,,,,"[{""type"": ""attestation"", ""status"": ""pending"", ""enabled"": true, ""required"": false}, {""type"": ""website_publish"", ""status"": ""pending"", ""enabled"": true, ""required"": false}, {""type"": ""community_communication"", ""status"": ""pending"", ""enabled"": true, ""required"": false}, {""type"": ""agency_submission"", ""status"": ""pending"", ""enabled"": true, ""required"": false}]","",,
4605,REG1865,Arms Export Control Act of 1976,Export Controls,22 U.S.C. §§ 2751-2799aa-2,1640,"Provides the authority to control the export of defense articles and services, and charges the President to exercise this authority. Executive Order 11958, as amended, delegated this statutory authority to the Secretary of State.

Additional Information:
Provides the authority to control the export of defense articles and services, and charges the President to exercise this authority. Executive Order 11958, as amended, delegated this statutory authority to the Secretary of State.

Additional Information:
Primary statutory basis for the Export Administration Regulations, which regulate the export of certain § dual use § item, i.e. items that are capable of both civilian and military use.","No specific requirements provided

Additional Requirements:
No specific requirements provided",Research,federal,t,,,2025-03-06 14:30:19.659,,,,"",,,"","","","","","","","",,,"","",,,1,,2025-03-07 15:21:09.709673,,t,,,,"[{""type"": ""attestation"", ""status"": ""pending"", ""enabled"": true, ""required"": false}, {""type"": ""website_publish"", ""status"": ""pending"", ""enabled"": true, ""required"": false}, {""type"": ""community_communication"", ""status"": ""pending"", ""enabled"": true, ""required"": false}, {""type"": ""agency_submission"", ""status"": ""pending"", ""enabled"": true, ""required"": false}]","",,
4783,REG-1741275247509,Title IX of the Education Amendments of 1972,Civil Rights and Gender Equality,20 U.S.C. § 1681-1688,"",Title IX prohibits discrimination on the basis of sex in any federally funded education program or activity.,"Educational institutions must provide equal opportunities for both genders in admissions, financial aid, athletics, and other programs.",Civil Rights,federal,t,,,2025-03-06 15:34:07.509,2025-03-06 15:34:07.509,2026-03-06 15:34:07.509,,"",https://www2.ed.gov/about/offices/list/ocr/docs/tix_dis.html,Department of Education,"",Office for Civil Rights,"","","","",,"",,,"","",,,1,,2025-03-07 15:21:09.709673,,t,,,,"[{""type"": ""attestation"", ""status"": ""pending"", ""enabled"": true, ""required"": false}, {""type"": ""website_publish"", ""status"": ""pending"", ""enabled"": true, ""required"": false}, {""type"": ""community_communication"", ""status"": ""pending"", ""enabled"": true, ""required"": false}, {""type"": ""agency_submission"", ""status"": ""pending"", ""enabled"": true, ""required"": false}]","",,
4784,REG-1741275338256,Title IX of the Education Amendments of 1972,Civil Rights and Gender Equality,20 U.S.C. § 1681-1688,"",Title IX is a federal civil rights law that prohibits discrimination on the basis of sex in any education program or activity that receives federal funding.,"Educational institutions must provide equal opportunities for both genders in areas such as admissions, athletics, employment, and sexual harassment policies.",Civil Rights,federal,t,,,2025-03-06 15:35:38.256,2025-03-06 15:35:38.256,2026-03-06 15:35:38.256,,"",https://www2.ed.gov/about/offices/list/ocr/docs/tix_dis.html,Department of Education,"",Office for Civil Rights,"","","","",,"",,,"","",,,1,,2025-03-07 15:21:09.709673,,t,,,,"[{""type"": ""attestation"", ""status"": ""pending"", ""enabled"": true, ""required"": false}, {""type"": ""website_publish"", ""status"": ""pending"", ""enabled"": true, ""required"": false}, {""type"": ""community_communication"", ""status"": ""pending"", ""enabled"": true, ""required"": false}, {""type"": ""agency_submission"", ""status"": ""pending"", ""enabled"": true, ""required"": false}]","",,
4618,REG2005,Higher Education Act: Eligibility and Certification,Financial Aid,Public Law No. 110-315,"1766,1624","To participate in Title IV financial assistance programs the university must: 1) Obtain from the Secretary certification that it provides higher education (i.e. that it is an ""eligible institution""); and 2) where the HEA program has undergone a change in ownership that results in a change in control, the university's chief administrator and its designated HEA program administrator must complete Title IV, HEA program training within 12 months of executing the program participation agreement.

Additional Information:
To participate in Title IV financial assistance programs the university must: 1) Obtain from the Secretary certification that it provides higher education (i.e. that it is an ""eligible institution""); and 2) where the HEA program has undergone a change in ownership that results in a change in control, the university's chief administrator and its designated HEA program administrator must complete Title IV, HEA program training within 12 months of executing the program participation agreement.

Additional Information:
Renders institutions with high default rates on student loans ineligible to participate in certain student loan programs.

Additional Information:
The University must have full time financial aid staff to assist students.

 	University must make readily available upon request, through publications, mailings and electronic media, to enrolled and prospective students: 1) Financial aid programs available; 2) methods by which assistance is distributed among recipients; 3) means and requirements for applying; 4) rights and responsibilities when receiving aid; 5) cost of attendance; 6) refund policy, and grant return and withdrawal requirements; 7) the academic degree program; 8) names of financial aid personnel; 9) handicapped facilities; 10) names of accrediting entities; 11) academic standards; 12) graduation rates; 13) loan deferral and cancellation terms; 14) applicability of aid for study abroad; and 15) campus crime report. Annually the University must provide a list of this info to all enrolled students with the procedures for obtaining it. The University also must provide exit counseling for borrowers under this section.

 	Annually the University must prepare the completion or graduation rate of its certificate or degree-seeking, full-time undergraduate students. As a member of an athletic conference, however, the Secretary of Education allows this requirement to be satisfied by the NCAA report to prospective student athletes, their coaches, parents and guidance counselors regarding completion or graduation rates for student athletes. The University must publish this data by July 1st, and the Spring IPEDS reporting satisfies that deadline.

Additional Information:
An institution with a teacher preparation program must report, among other things: (1) whether it satisfied its annual goal for increasing the number of teachers in areas of shortage; (2) the steps the institution is taking to improve its performance on these goals; (3) program information, including admissions criteria and information related to supervised clinical experience; (4) pass rates, including the percentage of students who have finished all nonclinical coursework and passed the state teacher licensing exam, the average score for all students who took the state teacher licensing exam, and a comparison between the pass rates of the institution and the state; (7) a statement on the program's accreditation approval; (8) whether the program has been designated low-performing by the state; (9) a description of the activities undertaken to assist teachers with integrating technology into curricula and instruction; and (10) a description of the activities undertaken to prepare teachers to teach students with disabilities effectively.

 	On an annual basis, the institution must report on the quality of teacher preparation and other information using the institutional report card prescribed by the Department of Education. The report card must also be posted on the institution's web site.

Additional Information:
When a recipient provides financial assistance to any student participating in an educational program or activity, the recipient must ensure that it does not provide different types or amounts of assistance, limit eligibility for such assistance, apply different criteria, or otherwise discriminate in the provision of financial assistance on the basis of sex.

 	Any grievance records relating to a Title IX violation or complaint must be retained for the period of time cited in state law for personal injury actions.","No specific requirements provided

Additional Requirements:
No specific requirements provided

Additional Requirements:
The University must publish this data by July 1st and the Spring IPEDS reporting satisfies that deadline.

Additional Requirements:
An institution must submit its report to the state by April 30. By October 31, states must submit their annual reports to the Department of Education.

Additional Requirements:
No specific requirements provided",Academic Programs,federal,t,,,2025-03-06 14:30:25.755,,,,"",https://www.ed.gov,Department of Education,"","","","","","","","",,,"","",,,1,,2025-03-07 15:21:09.709673,,t,,,,"[{""type"": ""attestation"", ""status"": ""pending"", ""enabled"": true, ""required"": false}, {""type"": ""website_publish"", ""status"": ""pending"", ""enabled"": true, ""required"": false}, {""type"": ""community_communication"", ""status"": ""pending"", ""enabled"": true, ""required"": false}, {""type"": ""agency_submission"", ""status"": ""pending"", ""enabled"": true, ""required"": false}]","",,
4789,REG-1741275555499,Title IX of the Education Amendments of 2024,Gender Equity in Education,20 U.S. Code § 1681,"",Title IX prohibits discrimination on the basis of sex in any federally funded education program or activity.,"Educational institutions must provide equal opportunities for both genders in admissions, financial aid, athletics, and other programs.",Civil Rights,federal,t,,,2025-03-06 15:39:15.499,2025-03-06 15:39:15.499,2026-03-06 15:39:15.499,,"",https://www2.ed.gov/about/offices/list/ocr/index.html,U.S. Department of Education,"",Office for Civil Rights,"","","","",,"",,,"","",,,1,,2025-03-07 15:21:09.709673,,t,,,,"[{""type"": ""attestation"", ""status"": ""pending"", ""enabled"": true, ""required"": false}, {""type"": ""website_publish"", ""status"": ""pending"", ""enabled"": true, ""required"": false}, {""type"": ""community_communication"", ""status"": ""pending"", ""enabled"": true, ""required"": false}, {""type"": ""agency_submission"", ""status"": ""pending"", ""enabled"": true, ""required"": false}]","",,
4614,REG3409,Higher Education Act: Borrower Defense to Repayment,Financial Aid,20 U.S.C. § 1087e(h),3412,"For loans first disbursed prior to July 1, 2017, allows a student to assert a defense to repayment of the loan if the student’s institution committed an act or omission related to the making of the loan or the provision of educational services that would give rise to a cause of action against the institution under state law.

 	For loans first disbursed on or after July 1, 2017, allows a student to assert a defense to repayment based on a judgment against the school, breach of contract by the school, or substantial misrepresentation by the school.

 	If relief is granted to a student, the U.S. Department of Education may initiate a proceeding to recover the amount of relief granted to the borrower from the institution.

Additional Information:
For loans first disbursed prior to July 1, 2017, allows a student to assert a defense to repayment of the loan if the student’s institution committed an act or omission related to the making of the loan or the provision of educational services that would give rise to a cause of action against the institution under state law.

 	For loans first disbursed on or after July 1, 2017, allows a student to assert a defense to repayment based on a judgment against the school, breach of contract by the school, or substantial misrepresentation by the school.

 	If relief is granted to a student, the U.S. Department of Education may initiate a proceeding to recover the amount of relief granted to the borrower from the institution.

Additional Information:
To provide Federal Supplemental Educational Opportunity Grant (FSEOG)  grants to exceptionally needy undergraduate students the university must: 1) Sign a Participation Agreement with ED; 2) maintain funds in accordance with 34 C.F.R. § 668.163; 3) maintain an internal control system so no office can both authorize and disburse payments; 4) maintain program and fiscal records; 5) contribute at least 25% of each grant; 6) limit and account for carry-forwards or carry-backs of funds; 7) follow the eligibility requirements and selection criteria set forth by ED; and 8) submit a Fiscal Operations Report and Application to Participate (FISAP) report each year.

 	The university may not transfer FSEOG funds to any other program. HEOA now allows the University to transfer 25% of FSEOG to Federal Work Study.

Additional Information:
Generally, under the Federal Work Study Program (FWS), the university or the employing agency must pay 25% of the student's salary. The university must pay federal or state minimum wage, whichever is higher, for all hours worked, per the Fair Labor Standards Act. Volunteered time does not qualify.

 	The university must use 7% of FWS allocation to employ students in community service, one of whom must be a reading tutor. The university must make students aware of community service opportunities.

 	Private, for-profit entities do not qualify as employers for community service. Students may work during non-attendance if planning to return the following semester, but if they do not do so the university must demonstrate it had reason to believe the student would returned.

 	To apply for Title III or Title V designation, and thus be eligible for a waiver of the FWS and Federal Supplemental Education Opportunity Grant (FSEOG) non-federal share requirements, an institution must complete the ""Application for Designation as an Eligible Institution"" annually through the Department of Education.

Additional Information:
Provides that institutions participating in the U.S. Department of Education’s Title IV programs must be financially responsible as determined by the Secretary

 	Requires institutions to notify the U.S. Department of Education within specified timeframes if certain events, actions, or conditions occur that could affect the institution’s financial responsibility","Not Applicable

Additional Requirements:
Not Applicable

Additional Requirements:
Fiscal Operations Report and Application to Participate (FISAP) reports cover the institution’s fiscal operations and request for future funding for Title IV Federal campus-based funds (SEOG, Perkins Loans, Work-study, and Federal Pell Grants. Due by September 30 each year.

Additional Requirements:
Fiscal Operations Report and Application to Participate (FISAP) reports cover the institution’s fiscal operations and request for future funding for Title IV Federal campus-based funds (SEOG, Perkins Loans, Work-study, and Federal Pell Grants. Due by September 30 each year.

The University must reconcile reported student earnings to complete Department of Education Fiscal Operations Report (Form 646-1) at the end of the academic year.

Additional Requirements:
Generally, for triggering events, the institution must notify the Department within 21 days of the occurrence of the event.",Academic Programs,federal,t,,,2025-03-06 14:30:22.961,,,,Not Applicable,https://www.ed.gov,Department of Education,"","","","","","",Not Applicable,"",,,"","",,,1,,2025-03-07 15:21:09.709673,,t,,,,"[{""type"": ""attestation"", ""status"": ""pending"", ""enabled"": true, ""required"": false}, {""type"": ""website_publish"", ""status"": ""pending"", ""enabled"": true, ""required"": false}, {""type"": ""community_communication"", ""status"": ""pending"", ""enabled"": true, ""required"": false}, {""type"": ""agency_submission"", ""status"": ""pending"", ""enabled"": true, ""required"": false}]","",,
4791,REG-1741275564954,Family Educational Rights and Privacy Act (FERPA) Update of 2024,Student Privacy Rights,20 U.S. Code § 1232g,"",Update to the Family Educational Rights and Privacy Act (FERPA) to enhance student privacy protections and data security.,"Schools must implement stronger data protection measures, provide clear guidelines on student data usage, and ensure secure storage of educational records.",Civil Rights,federal,t,,,2025-03-06 15:39:24.954,2025-03-06 15:39:24.954,2026-03-06 15:39:24.954,,"",https://www2.ed.gov/policy/gen/guid/fpco/ferpa/index.html,U.S. Department of Education,"",Family Policy Compliance Office (FPCO),"","","","",,"",,,"","",,,1,,2025-03-07 15:21:09.709673,,t,,,,"[{""type"": ""attestation"", ""status"": ""pending"", ""enabled"": true, ""required"": false}, {""type"": ""website_publish"", ""status"": ""pending"", ""enabled"": true, ""required"": false}, {""type"": ""community_communication"", ""status"": ""pending"", ""enabled"": true, ""required"": false}, {""type"": ""agency_submission"", ""status"": ""pending"", ""enabled"": true, ""required"": false}]","",,
4619,REG1880,Higher Education Act: Entrance and Exit Counseling,Financial Aid,Public Law No. 110-315,"1766,1615","Section 488 requires exit counseling to borrowers by institutions to include information on repayment plans, debt management, and forbearance programs, among other specific information.

 	Requires institutions to provide comprehensive information on the terms and conditions of loans and borrowers' responsibilities prior to loan disbursement to a first-time borrower. Information shall be provided in simple and understandable terms and may be provided: during an entrance counseling session conducted in person; on a separate written form provided to the borrower that the borrower signs and returns to the institution of higher education; or, online, with the borrower acknowledging receipt of the information. Institutions of higher education are encouraged to provide entrance counseling through interactive programs that test borrowers' understanding of the terms and conditions of their loans.","No deadline is set, but September 1 is suggested.",Academic Programs,federal,t,,,2014-01-25 00:00:00,,,,"No deadline is set, but September 1 is suggested.",https://www.ed.gov,Department of Education,"","","","","","","No deadline is set, but September 1 is suggested.","",,,"","",,,1,,2025-03-07 15:21:09.709673,,t,,,,"[{""type"": ""attestation"", ""status"": ""pending"", ""enabled"": true, ""required"": false}, {""type"": ""website_publish"", ""status"": ""pending"", ""enabled"": true, ""required"": false}, {""type"": ""community_communication"", ""status"": ""pending"", ""enabled"": true, ""required"": false}, {""type"": ""agency_submission"", ""status"": ""pending"", ""enabled"": true, ""required"": false}]","",,
4620,REG1876,Higher Education Act: Federal Supplemental Educational Opportunity Grant Program,Financial Aid,Public Law No. 110-315,"1766,1631","To provide Federal Supplemental Educational Opportunity Grant (FSEOG)  grants to exceptionally needy undergraduate students the university must: 1) Sign a Participation Agreement with ED; 2) maintain funds in accordance with 34 C.F.R. § 668.163; 3) maintain an internal control system so no office can both authorize and disburse payments; 4) maintain program and fiscal records; 5) contribute at least 25% of each grant; 6) limit and account for carry-forwards or carry-backs of funds; 7) follow the eligibility requirements and selection criteria set forth by ED; and 8) submit a Fiscal Operations Report and Application to Participate (FISAP) report each year.

 	The university may not transfer FSEOG funds to any other program. HEOA now allows the University to transfer 25% of FSEOG to Federal Work Study.","Fiscal Operations Report and Application to Participate (FISAP) reports cover the institution’s fiscal operations and request for future funding for Title IV Federal campus-based funds (SEOG, Perkins Loans, Work-study, and Federal Pell Grants. Due by September 30 each year.",Academic Programs,federal,t,,,2014-01-25 00:00:00,,,,"Fiscal Operations Report and Application to Participate (FISAP) reports cover the institution’s fiscal operations and request for future funding for Title IV Federal campus-based funds (SEOG, Perkins Loans, Work-study, and Federal Pell Grants. Due by September 30 each year.",https://www.ed.gov,Department of Education,"","","","","","","Fiscal Operations Report and Application to Participate (FISAP) reports cover the institution’s fiscal operations and request for future funding for Title IV Federal campus-based funds (SEOG, Perkins Loans, Work-study, and Federal Pell Grants. Due by September 30 each year.","",,,"","",,,1,,2025-03-07 15:21:09.709673,,t,,,,"[{""type"": ""attestation"", ""status"": ""pending"", ""enabled"": true, ""required"": false}, {""type"": ""website_publish"", ""status"": ""pending"", ""enabled"": true, ""required"": false}, {""type"": ""community_communication"", ""status"": ""pending"", ""enabled"": true, ""required"": false}, {""type"": ""agency_submission"", ""status"": ""pending"", ""enabled"": true, ""required"": false}]","",,
4621,REG2007,Higher Education Act: Federal Work Study,Financial Aid,Public Law No. 110-315,"1766,1707","Generally, under the Federal Work Study Program (FWS), the university or the employing agency must pay 25% of the student's salary. The university must pay federal or state minimum wage, whichever is higher, for all hours worked, per the Fair Labor Standards Act. Volunteered time does not qualify.

 	The university must use 7% of FWS allocation to employ students in community service, one of whom must be a reading tutor. The university must make students aware of community service opportunities.

 	Private, for-profit entities do not qualify as employers for community service. Students may work during non-attendance if planning to return the following semester, but if they do not do so the university must demonstrate it had reason to believe the student would returned.

 	To apply for Title III or Title V designation, and thus be eligible for a waiver of the FWS and Federal Supplemental Education Opportunity Grant (FSEOG) non-federal share requirements, an institution must complete the ""Application for Designation as an Eligible Institution"" annually through the Department of Education.","Fiscal Operations Report and Application to Participate (FISAP) reports cover the institution’s fiscal operations and request for future funding for Title IV Federal campus-based funds (SEOG, Perkins Loans, Work-study, and Federal Pell Grants. Due by September 30 each year.

The University must reconcile reported student earnings to complete Department of Education Fiscal Operations Report (Form 646-1) at the end of the academic year.",Academic Programs,federal,t,,,2014-01-25 00:00:00,,,,"Fiscal Operations Report and Application to Participate (FISAP) reports cover the institution’s fiscal operations and request for future funding for Title IV Federal campus-based funds (SEOG, Perkins Loans, Work-study, and Federal Pell Grants. Due by September 30 each year.

The University must reconcile reported student earnings to complete Department of Education Fiscal Operations Report (Form 646-1) at the end of the academic year.",https://www.ed.gov,Department of Education,"","","","","","","Fiscal Operations Report and Application to Participate (FISAP) reports cover the institution’s fiscal operations and request for future funding for Title IV Federal campus-based funds (SEOG, Perkins Loans, Work-study, and Federal Pell Grants. Due by September 30 each year.

The University must reconcile reported student earnings to complete Department of Education Fiscal Operations Report (Form 646-1) at the end of the academic year.","",,,"","",,,1,,2025-03-07 15:21:09.709673,,t,,,,"[{""type"": ""attestation"", ""status"": ""pending"", ""enabled"": true, ""required"": false}, {""type"": ""website_publish"", ""status"": ""pending"", ""enabled"": true, ""required"": false}, {""type"": ""community_communication"", ""status"": ""pending"", ""enabled"": true, ""required"": false}, {""type"": ""agency_submission"", ""status"": ""pending"", ""enabled"": true, ""required"": false}]","",,
4622,REG3413,Higher Education Act: Financial Responsibility Requirements,Financial Aid,20 U.S.C. § 1094,"1619,1624","Provides that institutions participating in the U.S. Department of Education’s Title IV programs must be financially responsible as determined by the Secretary

 	Requires institutions to notify the U.S. Department of Education within specified timeframes if certain events, actions, or conditions occur that could affect the institution’s financial responsibility","Generally, for triggering events, the institution must notify the Department within 21 days of the occurrence of the event.",Academic Programs,federal,t,,,2019-04-09 00:00:00,,,,"Generally, for triggering events, the institution must notify the Department within 21 days of the occurrence of the event.",https://www.ed.gov,Department of Education,"","","","","","","Generally, for triggering events, the institution must notify the Department within 21 days of the occurrence of the event.","",,,"","",,,1,,2025-03-07 15:21:09.709673,,t,,,,"[{""type"": ""attestation"", ""status"": ""pending"", ""enabled"": true, ""required"": false}, {""type"": ""website_publish"", ""status"": ""pending"", ""enabled"": true, ""required"": false}, {""type"": ""community_communication"", ""status"": ""pending"", ""enabled"": true, ""required"": false}, {""type"": ""agency_submission"", ""status"": ""pending"", ""enabled"": true, ""required"": false}]","",,
4623,REG1872,Higher Education Act: Information Distributed to Students,Financial Aid,Public Law No. 110-315,"1766,1615","Annually the institution must distribute to all enrolled students a notice of availability of the following: 1) financial assistance available; 2) institutional information (e.g., cost of attendance including tuition, room, board, books and transportation; refund policy; description of academic programs and facilities; withdrawal requirements, facilities for the disabled; names of accrediting or licensing entities); 3) retention, completion, graduation, and transfer-out rates; 4) employment and graduate school enrollment information for graduates of the institution's degree programs; 5) annual security report; 6) report on athletic program participation rates and financial support data; 7) FERPA notice regarding how to obtain student information.

 	The foregoing must also be made available to prospective students upon request.

 	Notice may be given online.","No deadline for disclosures to enrolled students is set, but September 1 is suggested.",Academic Programs,federal,t,,,2014-01-25 00:00:00,,,,"No deadline for disclosures to enrolled students is set, but September 1 is suggested.",https://www.ed.gov,Department of Education,"","","","","","","No deadline for disclosures to enrolled students is set, but September 1 is suggested.","",,,"","",,,1,,2025-03-07 15:21:09.709673,,t,,,,"[{""type"": ""attestation"", ""status"": ""pending"", ""enabled"": true, ""required"": false}, {""type"": ""website_publish"", ""status"": ""pending"", ""enabled"": true, ""required"": false}, {""type"": ""community_communication"", ""status"": ""pending"", ""enabled"": true, ""required"": false}, {""type"": ""agency_submission"", ""status"": ""pending"", ""enabled"": true, ""required"": false}]","",,
4624,REG1877,Higher Education Act: Net Price Calculator,Financial Aid,20 U.S.C. § 1015,"1610,1611","Any institution that receives Title IV funds must post on the institution's website a net price calculator to help current and prospective students estimate their individual net price at that institution as well as other financial aid information.

 	Any institution that appears on the Department of Educationâ€™s list of institutions with the largest percentage increase in tuition and fees or net price over the most recent three academic years must submit a report to the Department that includes the reason for the increase and the steps that will be taken to reduce cost.","",Academic Programs,federal,t,,,2014-01-25 00:00:00,,,,"",https://www.ed.gov,Department of Education,"","","","","","","","",,,"","",,,1,,2025-03-07 15:21:09.709673,,t,,,,"[{""type"": ""attestation"", ""status"": ""pending"", ""enabled"": true, ""required"": false}, {""type"": ""website_publish"", ""status"": ""pending"", ""enabled"": true, ""required"": false}, {""type"": ""community_communication"", ""status"": ""pending"", ""enabled"": true, ""required"": false}, {""type"": ""agency_submission"", ""status"": ""pending"", ""enabled"": true, ""required"": false}]","",,
4625,REG1875,Higher Education Act: PLUS Loans,Financial Aid,Public Law No. 110-315,"1766,1613","PLUS Loans are available to the parents of eligible students through the FDLP (Direct) or FFEL (private) program, but not both.

 	If applications are made for an FFEL PLUS loan, the University must: 1) Verify the parent's immigration status and social security number in the same manner verified for students; 2) extend PLUS loans only to parents who do not have an adverse credit history; 3) extend such loans on the same terms, conditions and benefits as other FFEL loans; 4) for any academic year, limit the loan amount to the student's estimated cost of attendance minus other financial aid; and 5) be disbursed to the institution electronically or co-payable to the school and parent.

 	Graduate/professional degree students are eligible to borrow under the PLUS Loan Program up to their cost of attendance minus other estimated financial assistance in both the FFEL and Direct Loan Program. The terms and conditions applicable to Parent PLUS Loans apply to Graduate/Professional PLUS loans.","No deadline is set, but September 1 is suggested.",Academic Programs,federal,t,,,2014-01-25 00:00:00,,,,"No deadline is set, but September 1 is suggested.",https://www.ed.gov,Department of Education,"","","","","","","No deadline is set, but September 1 is suggested.","",,,"","",,,1,,2025-03-07 15:21:09.709673,,t,,,,"[{""type"": ""attestation"", ""status"": ""pending"", ""enabled"": true, ""required"": false}, {""type"": ""website_publish"", ""status"": ""pending"", ""enabled"": true, ""required"": false}, {""type"": ""community_communication"", ""status"": ""pending"", ""enabled"": true, ""required"": false}, {""type"": ""agency_submission"", ""status"": ""pending"", ""enabled"": true, ""required"": false}]","",,
4626,REG1878,Higher Education Act: Penalties for Drug Violations,Financial Aid,20 U.S.C. 1092(k),1607,"An institution must provide to each student (at time of enrollment) a written notice that advises the student that a conviction for any drug offense while receiving Title IV aid will result in a loss of eligibility for any Title IV, HEA grant, loan or work-study assistance.

 	For individuals who have lost eligibility, an institution must provide them with a written notice of Title IV eligibility loss that advises the student of the ways in which Title IV eligibility may be regained.","No deadline is mandated, but September 1 is suggested.",Academic Programs,federal,t,,,2014-01-25 00:00:00,,,,"No deadline is mandated, but September 1 is suggested.",https://www.ed.gov,Department of Education,"","","","","","","No deadline is mandated, but September 1 is suggested.","",,,"","",,,1,,2025-03-07 15:21:09.709673,,t,,,,"[{""type"": ""attestation"", ""status"": ""pending"", ""enabled"": true, ""required"": false}, {""type"": ""website_publish"", ""status"": ""pending"", ""enabled"": true, ""required"": false}, {""type"": ""community_communication"", ""status"": ""pending"", ""enabled"": true, ""required"": false}, {""type"": ""agency_submission"", ""status"": ""pending"", ""enabled"": true, ""required"": false}]","",,
4627,REG2006,Higher Education Act: Perkins Loans,Financial Aid,Public Law No. 110-315,"1766,1632","Perkins Loans are not currently supported or funded by the federal government, and are self-sustaining only.  Authorization of additional appropriations for the Federal Perkins Loan program beyond FY2015 is prohibited.

 	The university must: 1) Make loans first to students with exceptional need; 2) provide assurances that thorough and adequate loan information is provided to student borrowers; and 3) enter into cooperative agreements with credit bureaus to exchange information concerning student borrowers.

 	At or prior to making a Perkins Loan the university must disclose thorough and adequate loan information including: 1) Name of institution of higher education and payment address; 2) principal loan amount and interest rate; 3) charges collected at or prior to disbursal and whether deducted from the loan or paid separately by borrower; 4) yearly and cumulative maximum amounts that may be borrowed; 5) when repayment is required and when accrued interest must be paid; 6) minimum and maximum repayment term, minimum monthly payment; 7) definition of default and consequences, and default penalty; 8) total cumulative balance and projected monthly payment; 9) options for consolidation or refinancing; 10) right to prepay without penalty and deferral options; 11) effect of loan on eligibility for other aid; 12) cost to borrower in making loan; and 13) a notice and explanation regarding the end to future availability of the loan made under this part.

 	An institution was able to make loans to an eligible undergraduate borrower under the Perkins program through September 30, 2016, provided that the institution had already awarded all Federal Direct Loans for which the student was eligible. Through March 31, 2018, an institution may continue to disburse Perkins Loans to an eligible graduate student to enable the student to continue or complete an academic program, provided that the student received a Perkins loan for an academic year ending prior to October 1, 2016, and provided that the institution has awarded all Federal Direct Loans for which the student is eligible.","20 U.S.C. § 1087bb and 34 C.F.R. § 674.19: Fiscal Operations Report and Application to Participate (FISAP) reports cover the institution’s fiscal operations and request for future funding for Title IV Federal campus-based funds (SEOG, Perkins Loans, Work Study, and Federal Pell Grants. Due by September 30 each year.",Academic Programs,federal,t,,,2014-01-25 00:00:00,,,,"20 U.S.C. § 1087bb and 34 C.F.R. § 674.19: Fiscal Operations Report and Application to Participate (FISAP) reports cover the institution’s fiscal operations and request for future funding for Title IV Federal campus-based funds (SEOG, Perkins Loans, Work Study, and Federal Pell Grants. Due by September 30 each year.",https://www.ed.gov,Department of Education,"","","","","","","20 U.S.C. § 1087bb and 34 C.F.R. § 674.19: Fiscal Operations Report and Application to Participate (FISAP) reports cover the institution’s fiscal operations and request for future funding for Title IV Federal campus-based funds (SEOG, Perkins Loans, Work Study, and Federal Pell Grants. Due by September 30 each year.","",,,"","",,,1,,2025-03-07 15:21:09.709673,,t,,,,"[{""type"": ""attestation"", ""status"": ""pending"", ""enabled"": true, ""required"": false}, {""type"": ""website_publish"", ""status"": ""pending"", ""enabled"": true, ""required"": false}, {""type"": ""community_communication"", ""status"": ""pending"", ""enabled"": true, ""required"": false}, {""type"": ""agency_submission"", ""status"": ""pending"", ""enabled"": true, ""required"": false}]","",,
4628,REG1868,Higher Education Act: Preferred Lenders,Financial Aid,Public Law No. 110-315,"1766,1622","The university may maintain a preferred vendor list so long as it is not used to deny or impede a borrower's choice of lenders, offers three or more lenders not affiliated with one another, and doesn't include lenders who have offered financial or other benefits to be included on the list.

 	The university must disclose to borrowers the method and criteria used to select preferred lenders, and offer comparative information to borrowers about each lender's benefits.

 	The university must include in its preferred lender materials a prominent statement that borrowers are not required to use any lender on the list, and may not delay award certification because a preferred lender is not used.

 	The preferred lender list and associated information must be updated annually.","",Academic Programs,federal,t,,,2014-01-25 00:00:00,,,,"",https://www.ed.gov,Department of Education,"","","","","","","","",,,"","",,,1,,2025-03-07 15:21:09.709673,,t,,,,"[{""type"": ""attestation"", ""status"": ""pending"", ""enabled"": true, ""required"": false}, {""type"": ""website_publish"", ""status"": ""pending"", ""enabled"": true, ""required"": false}, {""type"": ""community_communication"", ""status"": ""pending"", ""enabled"": true, ""required"": false}, {""type"": ""agency_submission"", ""status"": ""pending"", ""enabled"": true, ""required"": false}]","",,
4629,REG1869,Higher Education Act: Program Participation Agreements,Financial Aid,20 U.S.C. § 1094,1619,"An institution must enter into a written program participation agreement with the Department of Education in order to participate in any Title IV, HEA program (other than the LEAP and NEISP programs).

 	The written program participation agreement requires that the university, among other things: (1) Maintain administrative and fiscal procedures for proper and efficient administration of program funds; (2) demonstrate financial responsibility and administrative capability; (3) make voter registration forms widely available to enrolled students at the institution (either by email or regular email); (4) in the case of an institution that advertises job placement rates to attract students, make available to prospective students the most recent available employment statistics and state licensing requirements, (5) in the case of an institution participating in the FFEL or Direct Loan programs, inform all eligible borrowers enrolled in the institution about the availability and eligibility of such borrowers for state grant assistance from the state in which the institution is located, and will inform such borrowers from another state of the source for further information concerning such assistance from that state, and (6) certify that it has a drug abuse prevention program available to everyone, a campus security policy, and that it is in compliance with athletic program participation rate and financial support data disclosures.

 	Under the written program participation agreement the university is prohibited from engaging in the following activities: (1) Charging students fees for processing program eligibility applications, forms or data; (2) knowingly employing or contracting with individuals or entities in any capacity involving administration of HEA programs if they have been found to have committed fraud or other violations involving federal/state/local funds; (3) penalizing or denying students access because of inability to meet financial obligations resulting from delays in disbursement due to program compliance requirements or institutional delays; and (4) providing a commission/bonus to any person or entity engaged in any student recruiting, admission activities, or award decision-making based on success in securing enrollments or financial aid.

 	Use of a third party servicer does not relieve the university of the compliance requirements under this part.","The institution must publish and make readily available to current and prospective students information on the entire federal, state, local, private, and institutional financial assistance programs available to students who enroll at the institution. Institutional information must also be made available as well. Although no deadline is specifically enumerated, September 1st is suggested.

The institution should request the voter registration forms from the state at least 120 days before the deadline to register to vote.

Employment statistics and state licensing requirements, if required, must be provided to prospective students at or before the time they apply.",Academic Programs,federal,t,,,2014-01-25 00:00:00,,,,"The institution must publish and make readily available to current and prospective students information on the entire federal, state, local, private, and institutional financial assistance programs available to students who enroll at the institution. Institutional information must also be made available as well. Although no deadline is specifically enumerated, September 1st is suggested.

The institution should request the voter registration forms from the state at least 120 days before the deadline to register to vote.

Employment statistics and state licensing requirements, if required, must be provided to prospective students at or before the time they apply.",https://www.ed.gov,Department of Education,"","","","","","","The institution must publish and make readily available to current and prospective students information on the entire federal, state, local, private, and institutional financial assistance programs available to students who enroll at the institution. Institutional information must also be made available as well. Although no deadline is specifically enumerated, September 1st is suggested.

The institution should request the voter registration forms from the state at least 120 days before the deadline to register to vote.

Employment statistics and state licensing requirements, if required, must be provided to prospective students at or before the time they apply.","",,,"","",,,1,,2025-03-07 15:21:09.709673,,t,,,,"[{""type"": ""attestation"", ""status"": ""pending"", ""enabled"": true, ""required"": false}, {""type"": ""website_publish"", ""status"": ""pending"", ""enabled"": true, ""required"": false}, {""type"": ""community_communication"", ""status"": ""pending"", ""enabled"": true, ""required"": false}, {""type"": ""agency_submission"", ""status"": ""pending"", ""enabled"": true, ""required"": false}]","",,
4757,REG-1741205505183,FERPA-2024,Education Records Privacy,20 U.S.C. § 1232g; 34 CFR Part 99,"","The Family Educational Rights and Privacy Act (FERPA) of 2024 is an update to the existing federal law that protects the privacy of student education records. It provides parents and eligible students more explicit rights to access and control their educational records, restricts the disclosure of personally identifiable information without consent, and mandates institutions to implement stronger data protection measures.","{""Educational agencies and institutions must provide annual notification to parents and eligible students of their rights under FERPA."",""Parents and eligible students have the right to inspect and review the student's education records maintained by the school."",""Schools must obtain written consent from parents or eligible students before disclosing personally identifiable information from a student's education records, except under certain legally specified circumstances."",""Schools are required to implement and document data protection and privacy policies to safeguard educational records from unauthorized access or breaches.""}",Academic Programs,federal,t,,,2025-03-05 20:11:45.183,2025-03-05 20:11:45.183,2026-03-05 20:11:45.183,,"",https://www2.ed.gov/policy/gen/guid/fpco/ferpa/index.html,Family Policy Compliance Office,"",U.S. Department of Education,"","","","",,"",,,"","",,,1,,2025-03-07 15:21:09.709673,,t,,,,"[{""type"": ""attestation"", ""status"": ""pending"", ""enabled"": true, ""required"": false}, {""type"": ""website_publish"", ""status"": ""pending"", ""enabled"": true, ""required"": false}, {""type"": ""community_communication"", ""status"": ""pending"", ""enabled"": true, ""required"": false}, {""type"": ""agency_submission"", ""status"": ""pending"", ""enabled"": true, ""required"": false}]","",,
4815,REG-1741278185295,"Equal Employment Opportunity in Apprenticeship and Training, Final Rule",Civil Rights,DOL-2024-001,"",This regulation aims to ensure equal employment opportunities in apprenticeship and training programs.,Educational institutions must comply with non-discrimination and equal opportunity requirements in their apprenticeship and training programs.,Civil Rights,federal,t,,,2025-03-06 16:23:05.295,2025-03-06 16:23:05.295,2026-03-06 16:23:05.295,,"",https://www.dol.gov/agencies/eta/apprenticeship,U.S. Department of Labor,"",Employment and Training Administration,"","","","",,"",,,"","",,,1,,2025-03-07 15:21:09.709673,,t,,,,"[{""type"": ""attestation"", ""status"": ""pending"", ""enabled"": true, ""required"": false}, {""type"": ""website_publish"", ""status"": ""pending"", ""enabled"": true, ""required"": false}, {""type"": ""community_communication"", ""status"": ""pending"", ""enabled"": true, ""required"": false}, {""type"": ""agency_submission"", ""status"": ""pending"", ""enabled"": true, ""required"": false}]","",,
4630,REG1871,Higher Education Act: Record Retention,Financial Aid,"","","The university must maintain any application for Title IV, HEA program funds and program records that document: 1) Its eligibility to participate and eligibility of its programs to receive funds; 2) its administration of the HEA programs per applicable requirements; 3) its financial responsibility; 4) information included in any application for program funds; and 5) its disbursement and delivery of program funds.
The university must maintain the following financial information: 1) The Student Aid Report (SAR) or Institutional Student Information Record (ISIR); 2) application data submitted on behalf of the student or parent; 3) documentation of each student's or parent borrower's eligibility for and receipt of program funds and loan detail; 4) documentation of and information collected at initial or exit loan counseling; 5) reports and forms used by the University in participating in an HEA program, and any records needed to verify data in those reports and forms; and 6) documentation supporting calculations of the University's completion or graduation rates.
The university must keep records relating to administration of the Federal Perkins Loan, FWS, FSEOG, or Federal Pell Grant Program for three years after the end of the award year for which the aid was awarded and disbursed.
The university must keep records relating to a student or parent borrower's eligibility and participation in the FFEL or Direct Loan Program for three years after the end of the award year in which the student last attended the institution. All other records relating to the University's participation in the FFEL or Direct Loan Program must be kept for three years after the end of the award year in which the records are submitted. Records pertaining to any loan, claim, or expenditure questioned by a program audit, review, or investigation must be kept until resolution or the end of the applicable retention period, whichever is later.","",Academic Programs,federal,t,,,2014-01-25 00:00:00,,,,"",https://www.ed.gov,Department of Education,"","","","","","","","",,,"","",,,1,,2025-03-07 15:21:09.709673,,t,,,,"[{""type"": ""attestation"", ""status"": ""pending"", ""enabled"": true, ""required"": false}, {""type"": ""website_publish"", ""status"": ""pending"", ""enabled"": true, ""required"": false}, {""type"": ""community_communication"", ""status"": ""pending"", ""enabled"": true, ""required"": false}, {""type"": ""agency_submission"", ""status"": ""pending"", ""enabled"": true, ""required"": false}]","",,
4631,REG1874,Higher Education Act: Standard of Conduct,Financial Aid,Public Law No. 110-315,1766,"The university acts as a fiduciary in administering Title IV, HEA programs. Failure to administer the program or account for the funds received under that program in accordance with the highest standard of care and diligence constitutes grounds for: 1) An emergency action; 2) a fine (up to $27,500 per violation); or 3) limitation, suspension, or termination of the institution's participation in that program.","",Academic Programs,federal,t,,,2014-01-25 00:00:00,,,,"",https://www.ed.gov,Department of Education,"","","","","","","","",,,"","",,,1,,2025-03-07 15:21:09.709673,,t,,,,"[{""type"": ""attestation"", ""status"": ""pending"", ""enabled"": true, ""required"": false}, {""type"": ""website_publish"", ""status"": ""pending"", ""enabled"": true, ""required"": false}, {""type"": ""community_communication"", ""status"": ""pending"", ""enabled"": true, ""required"": false}, {""type"": ""agency_submission"", ""status"": ""pending"", ""enabled"": true, ""required"": false}]","",,
4632,REG1976,Qualified Tuition and Student Loan Interest Reporting,Financial Aid,26 U.S.C. § 6050S,1653,"Institutions must report (1) qualified tuition and related expenses and (2) student loan interest to the IRS.

 	Institutions must also provide payors with a statement that includes the tax information furnished to the IRS.","Institutions must complete Form 1098-T (qualified tuition payments) and Form 1098-E (student loan interest payments), both of which must be filed with the IRS on or before February 28th, or March 31st if filed electronically.

The required statement to all persons who made qualified tuition or student loan interest payments must be sent to the payor on or before January 31st of the year following the calendar year in which payments were received or amounts were billed for qualified tuition and related expenses, or in which the student loan interest payments were received. The statement may simply be a copy of Form 1098-T or Form 1098-E, respectively.

Institutions must certify that they have met the regulatory requirements for soliciting student taxpayer identification numbers (TINs) at least once during the year.",Finance,federal,t,,,2016-01-02 00:00:00,,,,"Institutions must complete Form 1098-T (qualified tuition payments) and Form 1098-E (student loan interest payments), both of which must be filed with the IRS on or before February 28th, or March 31st if filed electronically.

The required statement to all persons who made qualified tuition or student loan interest payments must be sent to the payor on or before January 31st of the year following the calendar year in which payments were received or amounts were billed for qualified tuition and related expenses, or in which the student loan interest payments were received. The statement may simply be a copy of Form 1098-T or Form 1098-E, respectively.

Institutions must certify that they have met the regulatory requirements for soliciting student taxpayer identification numbers (TINs) at least once during the year.",https://www.ed.gov,Department of Education,"","","","","","","Institutions must complete Form 1098-T (qualified tuition payments) and Form 1098-E (student loan interest payments), both of which must be filed with the IRS on or before February 28th, or March 31st if filed electronically.

The required statement to all persons who made qualified tuition or student loan interest payments must be sent to the payor on or before January 31st of the year following the calendar year in which payments were received or amounts were billed for qualified tuition and related expenses, or in which the student loan interest payments were received. The statement may simply be a copy of Form 1098-T or Form 1098-E, respectively.

Institutions must certify that they have met the regulatory requirements for soliciting student taxpayer identification numbers (TINs) at least once during the year.","",,,"","",,,1,,2025-03-07 15:21:09.709673,,t,,,,"[{""type"": ""attestation"", ""status"": ""pending"", ""enabled"": true, ""required"": false}, {""type"": ""website_publish"", ""status"": ""pending"", ""enabled"": true, ""required"": false}, {""type"": ""community_communication"", ""status"": ""pending"", ""enabled"": true, ""required"": false}, {""type"": ""agency_submission"", ""status"": ""pending"", ""enabled"": true, ""required"": false}]","",,
4634,REG1882,Student Right to Know Act,Financial Aid,20 U.S.C. § 1092,"1615,1744","The University must have full time financial aid staff to assist students.

 	University must make readily available upon request, through publications, mailings and electronic media, to enrolled and prospective students: 1) Financial aid programs available; 2) methods by which assistance is distributed among recipients; 3) means and requirements for applying; 4) rights and responsibilities when receiving aid; 5) cost of attendance; 6) refund policy, and grant return and withdrawal requirements; 7) the academic degree program; 8) names of financial aid personnel; 9) handicapped facilities; 10) names of accrediting entities; 11) academic standards; 12) graduation rates; 13) loan deferral and cancellation terms; 14) applicability of aid for study abroad; and 15) campus crime report. Annually the University must provide a list of this info to all enrolled students with the procedures for obtaining it. The University also must provide exit counseling for borrowers under this section.

 	Annually the University must prepare the completion or graduation rate of its certificate or degree-seeking, full-time undergraduate students. As a member of an athletic conference, however, the Secretary of Education allows this requirement to be satisfied by the NCAA report to prospective student athletes, their coaches, parents and guidance counselors regarding completion or graduation rates for student athletes. The University must publish this data by July 1st, and the Spring IPEDS reporting satisfies that deadline.",The University must publish this data by July 1st and the Spring IPEDS reporting satisfies that deadline.,Finance,federal,t,,,2014-01-25 00:00:00,,,,The University must publish this data by July 1st and the Spring IPEDS reporting satisfies that deadline.,https://www.ed.gov,Department of Education,"","","","","","",The University must publish this data by July 1st and the Spring IPEDS reporting satisfies that deadline.,"",,,"","",,,1,,2025-03-07 15:21:09.709673,,t,,,,"[{""type"": ""attestation"", ""status"": ""pending"", ""enabled"": true, ""required"": false}, {""type"": ""website_publish"", ""status"": ""pending"", ""enabled"": true, ""required"": false}, {""type"": ""community_communication"", ""status"": ""pending"", ""enabled"": true, ""required"": false}, {""type"": ""agency_submission"", ""status"": ""pending"", ""enabled"": true, ""required"": false}]","",,
4758,REG-1741205601873,Occupational Safety and Health Administration Regulation 2024-001,Workplace Safety Standards,Occupational Safety and Health Act of 1970,"","This regulation outlines enhanced safety protocols and standards to address emerging hazards in modern workplaces. It aims to ensure a safer working environment across various industries by incorporating advancements in safety technology and updated scientific research. The regulation covers aspects such as the use and maintenance of protective equipment, emergency preparedness, and the implementation of safety management systems.","Employers must conduct regular safety audits, provide necessary training to employees for equipment operation and emergency procedures, maintain updated records of workplace incidents, and ensure that all protective equipment meets specified federal standards. Compliance includes integrating an ergonomics assessment program and adopting new technologies to monitor and mitigate potential risks.",Occupational Health and Safety,federal,t,,,2025-03-05 20:13:21.873,2025-03-05 20:13:21.873,2026-03-05 20:13:21.873,,"",https://www.osha.gov,Occupational Safety and Health Administration,"",U.S. Department of Labor,"","","","",,"",,,"","",,,1,,2025-03-07 15:21:09.709673,,t,,,,"[{""type"": ""attestation"", ""status"": ""pending"", ""enabled"": true, ""required"": false}, {""type"": ""website_publish"", ""status"": ""pending"", ""enabled"": true, ""required"": false}, {""type"": ""community_communication"", ""status"": ""pending"", ""enabled"": true, ""required"": false}, {""type"": ""agency_submission"", ""status"": ""pending"", ""enabled"": true, ""required"": false}]","",,
4759,REG-1741205605578,Regulation ID EDU-2024-001,Example Topic,"Refers to the applicable statute, e.g., 20 U.S.C. Section 1234","","This is a detailed summary of Regulation ID EDU-2024-001, explaining the purpose of the regulation, its intended impact, and any relevant background information.","List and detail the key requirements set forth by this regulation, such as compliance obligations, reporting standards, or specific actions that entities must undertake.",Example Category,federal,t,,,2025-03-05 20:13:25.578,2025-03-05 20:13:25.578,2026-03-05 20:13:25.578,,"",https://www.exampleagency.gov,Example Agency Name,"",Department of Example,"","","","",,"",,,"","",,,1,,2025-03-07 15:21:09.709673,,t,,,,"[{""type"": ""attestation"", ""status"": ""pending"", ""enabled"": true, ""required"": false}, {""type"": ""website_publish"", ""status"": ""pending"", ""enabled"": true, ""required"": false}, {""type"": ""community_communication"", ""status"": ""pending"", ""enabled"": true, ""required"": false}, {""type"": ""agency_submission"", ""status"": ""pending"", ""enabled"": true, ""required"": false}]","",,
4797,REG-1741276458386,Title VI of the Civil Rights Act of 1964,Civil Rights,Title VI of the Civil Rights Act of 1964,"","Prohibits discrimination based on race, color, national origin, or ancestry in programs or activities receiving federal financial assistance from the U.S. Department of Education.",Ensures equal access to education and prohibits discriminatory practices in institutions receiving federal funds. Provides guidelines for addressing discrimination complaints and enforcing civil rights laws.,Civil Rights,federal,t,,,2025-03-06 15:54:18.386,2025-03-06 15:54:18.386,2026-03-06 15:54:18.386,,"",https://www.dol.gov/agencies/oasam/regulatory/statutes,U.S. Department of Labor,"",Civil Rights Center,"","","","",,"",,,"","",,,1,,2025-03-07 15:21:09.709673,,t,,,,"[{""type"": ""attestation"", ""status"": ""pending"", ""enabled"": true, ""required"": false}, {""type"": ""website_publish"", ""status"": ""pending"", ""enabled"": true, ""required"": false}, {""type"": ""community_communication"", ""status"": ""pending"", ""enabled"": true, ""required"": false}, {""type"": ""agency_submission"", ""status"": ""pending"", ""enabled"": true, ""required"": false}]","",,
4635,REG1979,Teacher Preparation Programs,Financial Aid,20 U.S.C. §§ 1022 - 1022h,1630,"An institution with a teacher preparation program must report, among other things: (1) whether it satisfied its annual goal for increasing the number of teachers in areas of shortage; (2) the steps the institution is taking to improve its performance on these goals; (3) program information, including admissions criteria and information related to supervised clinical experience; (4) pass rates, including the percentage of students who have finished all nonclinical coursework and passed the state teacher licensing exam, the average score for all students who took the state teacher licensing exam, and a comparison between the pass rates of the institution and the state; (7) a statement on the program's accreditation approval; (8) whether the program has been designated low-performing by the state; (9) a description of the activities undertaken to assist teachers with integrating technology into curricula and instruction; and (10) a description of the activities undertaken to prepare teachers to teach students with disabilities effectively.

 	On an annual basis, the institution must report on the quality of teacher preparation and other information using the institutional report card prescribed by the Department of Education. The report card must also be posted on the institution's web site.","An institution must submit its report to the state by April 30. By October 31, states must submit their annual reports to the Department of Education.",Finance,federal,t,,,2017-03-30 00:00:00,,,,"An institution must submit its report to the state by April 30. By October 31, states must submit their annual reports to the Department of Education.",https://www.ed.gov,Department of Education,"","","","","","","An institution must submit its report to the state by April 30. By October 31, states must submit their annual reports to the Department of Education.","",,,"","",,,1,,2025-03-07 15:21:09.709673,,t,,,,"[{""type"": ""attestation"", ""status"": ""pending"", ""enabled"": true, ""required"": false}, {""type"": ""website_publish"", ""status"": ""pending"", ""enabled"": true, ""required"": false}, {""type"": ""community_communication"", ""status"": ""pending"", ""enabled"": true, ""required"": false}, {""type"": ""agency_submission"", ""status"": ""pending"", ""enabled"": true, ""required"": false}]","",,
4638,REG1884,Higher Education Act: Code of Conduct,Fundraising & Development,20 U.S.C. § 1094,1619,"An institution that participates in Title IV programs must have a code of conduct for financial aid practices that prohibits conflicts of interest, is published prominently on the university's website, and is distributed annually to relevant personnel.

Additional Information:
An institution that participates in Title IV programs must have a code of conduct for financial aid practices that prohibits conflicts of interest, is published prominently on the university's website, and is distributed annually to relevant personnel.",No specific requirements provided,Academic Programs,federal,t,,,2025-03-06 14:30:26.149,,,,"",https://www.ed.gov,Department of Education,"","","","","","","","",,,"","",,,1,,2025-03-07 15:21:09.709673,,t,,,,"[{""type"": ""attestation"", ""status"": ""pending"", ""enabled"": true, ""required"": false}, {""type"": ""website_publish"", ""status"": ""pending"", ""enabled"": true, ""required"": false}, {""type"": ""community_communication"", ""status"": ""pending"", ""enabled"": true, ""required"": false}, {""type"": ""agency_submission"", ""status"": ""pending"", ""enabled"": true, ""required"": false}]","",,
4640,REG1885,Internal Revenue Code: Substantiation and Disclosure Provisions,Fundraising & Development,26 U.S.C. § 170,1646,"Substantiation and disclosure provisions apply to contributions made to tax-exempt organizations after December 31, 1993.

 	For charitable contributions of $250 or more, the donor must receive a contemporaneous written acknowledgment from the organization of the gift.

 	The acknowledgment should note the amount of any cash contribution and, if the donation is in the form of property, the acknowledgment must describe, but need not value the property.  Valuation of the property is the responsibility of the donor.

Additional Information:
Substantiation and disclosure provisions apply to contributions made to tax-exempt organizations after December 31, 1993.

 	For charitable contributions of $250 or more, the donor must receive a contemporaneous written acknowledgment from the organization of the gift.

 	The acknowledgment should note the amount of any cash contribution and, if the donation is in the form of property, the acknowledgment must describe, but need not value the property.  Valuation of the property is the responsibility of the donor.",No specific requirements provided,Finance,federal,t,,,2025-03-06 14:30:26.512,,,,"",,,"","","","","","","","",,,"","",,,1,,2025-03-07 15:21:09.709673,,t,,,,"[{""type"": ""attestation"", ""status"": ""pending"", ""enabled"": true, ""required"": false}, {""type"": ""website_publish"", ""status"": ""pending"", ""enabled"": true, ""required"": false}, {""type"": ""community_communication"", ""status"": ""pending"", ""enabled"": true, ""required"": false}, {""type"": ""agency_submission"", ""status"": ""pending"", ""enabled"": true, ""required"": false}]","",,
4641,REG1886,Pension Protection Act,Fundraising & Development,26 U.S.C. § 170,1646,"No deduction will be allowed for the donor for a contribution of $250 or more (whether in cash or property) unless the donor has a contemporaneous written acknowledgment from the university substantiating the contribution.

 	The university must provide a written disclosure statement to the donor(s) who make payments described as quid pro quo contributions in excess of $75.

Additional Information:
No deduction will be allowed for the donor for a contribution of $250 or more (whether in cash or property) unless the donor has a contemporaneous written acknowledgment from the university substantiating the contribution.

 	The university must provide a written disclosure statement to the donor(s) who make payments described as quid pro quo contributions in excess of $75.",No specific requirements provided,Finance,federal,t,,,2025-03-06 14:30:26.701,,,,"",,,"","","","","","","","",,,"","",,,1,,2025-03-07 15:21:09.709673,,t,,,,"[{""type"": ""attestation"", ""status"": ""pending"", ""enabled"": true, ""required"": false}, {""type"": ""website_publish"", ""status"": ""pending"", ""enabled"": true, ""required"": false}, {""type"": ""community_communication"", ""status"": ""pending"", ""enabled"": true, ""required"": false}, {""type"": ""agency_submission"", ""status"": ""pending"", ""enabled"": true, ""required"": false}]","",,
4785,REG-1741275340923,Americans with Disabilities Act of 1990,Disability Rights and Accessibility,42 U.S.C. § 12101-12213,"","The ADA prohibits discrimination against individuals with disabilities in all areas of public life, including jobs, schools, transportation, and all public and private places that are open to the general public.","Employers must provide reasonable accommodations to employees with disabilities, public entities must ensure accessibility in programs and services, and places of public accommodation must remove barriers to access for individuals with disabilities.",Civil Rights,federal,t,,,2025-03-06 15:35:40.923,2025-03-06 15:35:40.923,2026-03-06 15:35:40.923,,"",https://www.ada.gov/,Department of Justice,"",Civil Rights Division,"","","","",,"",,,"","",,,1,,2025-03-07 15:21:09.709673,,t,,,,"[{""type"": ""attestation"", ""status"": ""pending"", ""enabled"": true, ""required"": false}, {""type"": ""website_publish"", ""status"": ""pending"", ""enabled"": true, ""required"": false}, {""type"": ""community_communication"", ""status"": ""pending"", ""enabled"": true, ""required"": false}, {""type"": ""agency_submission"", ""status"": ""pending"", ""enabled"": true, ""required"": false}]","",,
4649,REG1893,Federal Awardee Performance and Integrity Information System (FAPIIS),Grants Management,"Public Law No. 110-417, § 872","1767,3934","Federal Awardee Performance and Integrity Information System (FAPIIS) is a federally-mandated information system that contains specific information on the integrity and ethical performance of covered Federal contractors and grantees.

Additional Information:
Federal Awardee Performance and Integrity Information System (FAPIIS) is a federally-mandated information system that contains specific information on the integrity and ethical performance of covered Federal contractors and grantees.","The University must disclose certain ethical and performance information (such as criminal, civil and administrative findings against specific individuals) at the proposal stage for use by federal acquisition professionals in award and responsibility determinations.
The Past Performance Information Retrieval System (PPIRS) is the mechanism for that reporting.

Additional Requirements:
The University must disclose certain ethical and performance information (such as criminal, civil and administrative findings against specific individuals) at the proposal stage for use by federal acquisition professionals in award and responsibility determinations.
The Past Performance Information Retrieval System (PPIRS) is the mechanism for that reporting.",Research,federal,t,,,2025-03-06 14:30:28.303,,,,"The University must disclose certain ethical and performance information (such as criminal, civil and administrative findings against specific individuals) at the proposal stage for use by federal acquisition professionals in award and responsibility determinations.
The Past Performance Information Retrieval System (PPIRS) is the mechanism for that reporting.",,,"","","","","","","The University must disclose certain ethical and performance information (such as criminal, civil and administrative findings against specific individuals) at the proposal stage for use by federal acquisition professionals in award and responsibility determinations.
The Past Performance Information Retrieval System (PPIRS) is the mechanism for that reporting.","",,,"","",,,1,,2025-03-07 15:21:09.709673,,t,,,,"[{""type"": ""attestation"", ""status"": ""pending"", ""enabled"": true, ""required"": false}, {""type"": ""website_publish"", ""status"": ""pending"", ""enabled"": true, ""required"": false}, {""type"": ""community_communication"", ""status"": ""pending"", ""enabled"": true, ""required"": false}, {""type"": ""agency_submission"", ""status"": ""pending"", ""enabled"": true, ""required"": false}]","",,
4786,REG-1741275342792,Family Educational Rights and Privacy Act (FERPA),Privacy and Data Protection,20 U.S.C. § 1232g; 34 CFR Part 99,"",Protects the privacy of student education records,"Obtain written consent before disclosing student records, provide access to students to review their records, maintain record of disclosures",Privacy,federal,t,,,2025-03-06 15:35:42.792,2025-03-06 15:35:42.792,2026-03-06 15:35:42.792,,"",https://www2.ed.gov/policy/gen/guid/fpco/ferpa/index.html,Department of Education,"",Family Policy Compliance Office,"","","","",,"",,,"","",,,1,,2025-03-07 15:21:09.709673,,t,,,,"[{""type"": ""attestation"", ""status"": ""pending"", ""enabled"": true, ""required"": false}, {""type"": ""website_publish"", ""status"": ""pending"", ""enabled"": true, ""required"": false}, {""type"": ""community_communication"", ""status"": ""pending"", ""enabled"": true, ""required"": false}, {""type"": ""agency_submission"", ""status"": ""pending"", ""enabled"": true, ""required"": false}]","",,
4795,REG-1741276433210,Title VI of the Civil Rights Act of 1964,Civil Rights,Title VI of the Civil Rights Act of 1964,"","Prohibits discrimination based on race, color, or national origin in programs or activities receiving federal financial assistance.","Ensuring equal access to education and promoting educational excellence through vigorous enforcement of civil rights laws. Providing resources and guidance to protect individuals from discrimination based on race, color, national origin, sex, disability, age, and other factors.",Civil Rights,federal,t,,,2025-03-06 15:53:53.21,2025-03-06 15:53:53.21,2026-03-06 15:53:53.21,,"",https://www.dol.gov/agencies/oasam/regulatory/statutes,U.S. Department of Labor,"",Civil Rights Center,"","","","",,"",,,"","",,,1,,2025-03-07 15:21:09.709673,,t,,,,"[{""type"": ""attestation"", ""status"": ""pending"", ""enabled"": true, ""required"": false}, {""type"": ""website_publish"", ""status"": ""pending"", ""enabled"": true, ""required"": false}, {""type"": ""community_communication"", ""status"": ""pending"", ""enabled"": true, ""required"": false}, {""type"": ""agency_submission"", ""status"": ""pending"", ""enabled"": true, ""required"": false}]","",,
4810,REG-1741277178696,Title IX of the Education Amendments of 1972; a Policy Interpretation; Title IX and Intercollegiate Athletics,Civil Rights,45 CFR Part 86,"","The regulation interprets Title IX of the Education Amendments of 1972, prohibiting sex discrimination in educational programs. It clarifies compliance requirements for intercollegiate athletics, including financial assistance, program areas, and meeting the interests and abilities of male and female students.","Educational institutions must provide equal athletic opportunities for male and female students, including financial assistance based on participation rates, equivalent treatment in various program areas, and accommodation of interests and abilities. Compliance is assessed through financial comparisons, program components, and competitive opportunities.",Civil Rights,federal,t,,,2025-03-06 16:06:18.696,2025-03-06 16:06:18.696,2026-03-06 16:06:18.696,,"",https://www.ed.gov/about/offices/list/ocr/docs/t9interp.html#skipnav2,U.S. Department of Education,"",Office for Civil Rights,"","","","",,"",,,"","",,,1,,2025-03-07 15:21:09.709673,,t,,,,"[{""type"": ""attestation"", ""status"": ""pending"", ""enabled"": true, ""required"": false}, {""type"": ""website_publish"", ""status"": ""pending"", ""enabled"": true, ""required"": false}, {""type"": ""community_communication"", ""status"": ""pending"", ""enabled"": true, ""required"": false}, {""type"": ""agency_submission"", ""status"": ""pending"", ""enabled"": true, ""required"": false}]","",,
4816,REG-1741278187899,"Equal Employment Opportunity in Apprenticeship and Training, Final Rule",Civil Rights,DOL-2024-002,"",This regulation aims to ensure equal employment opportunities in apprenticeship and training programs.,Educational institutions must comply with non-discrimination and equal opportunity requirements in their apprenticeship and training programs.,Civil Rights,federal,t,,,2025-03-06 16:23:07.899,2025-03-06 16:23:07.899,2026-03-06 16:23:07.899,,"",https://www.dol.gov/agencies/eta/apprenticeship,U.S. Department of Labor,"",Employment and Training Administration,"","","","",,"",,,"","",,,1,,2025-03-07 15:21:09.709673,,t,,,,"[{""type"": ""attestation"", ""status"": ""pending"", ""enabled"": true, ""required"": false}, {""type"": ""website_publish"", ""status"": ""pending"", ""enabled"": true, ""required"": false}, {""type"": ""community_communication"", ""status"": ""pending"", ""enabled"": true, ""required"": false}, {""type"": ""agency_submission"", ""status"": ""pending"", ""enabled"": true, ""required"": false}]","",,
4658,REG3398,Health Insurance Portability and Accountability Act,Human Resources,"","","Requires self-funded employee health plans (including those offered by colleges and universities) to comply with specified provisions of HIPAA, including requirements to protect enrollee information and to train employees administering the plan.",Includes notice requirements pertaining to the plan’s Notice of Privacy Practices,Human Resources,federal,t,,,2019-03-01 00:00:00,,,,Includes notice requirements pertaining to the plan’s Notice of Privacy Practices,https://www.dol.gov,Department of Labor,"","","","","","",Includes notice requirements pertaining to the plan’s Notice of Privacy Practices,"",,,"","",,,1,,2025-03-07 15:21:09.709673,,t,,,,"[{""type"": ""attestation"", ""status"": ""pending"", ""enabled"": true, ""required"": false}, {""type"": ""website_publish"", ""status"": ""pending"", ""enabled"": true, ""required"": false}, {""type"": ""community_communication"", ""status"": ""pending"", ""enabled"": true, ""required"": false}, {""type"": ""agency_submission"", ""status"": ""pending"", ""enabled"": true, ""required"": false}]","",,
4653,REG1897,HIPAA,Health Care and Insurance,Public Law No. 104-191,1746,"Establishes national standards to protect individuals' medical records and other personal health information.

 	Requires appropriate safeguards to protect the privacy of personal health information, and sets limits and conditions on the uses and disclosures that may be made of such information without patient authorization.

 	Gives patients rights over their health information, including rights to examine and obtain a copy of their health records, and to request corrections.

Additional Information:
Establishes national standards to protect individuals' medical records and other personal health information.

 	Requires appropriate safeguards to protect the privacy of personal health information, and sets limits and conditions on the uses and disclosures that may be made of such information without patient authorization.

 	Gives patients rights over their health information, including rights to examine and obtain a copy of their health records, and to request corrections.","Health plans must provide a Notice of Privacy Policy to enrollees once every three years and when there is a change to the policy.

Additional Requirements:
Health plans must provide a Notice of Privacy Policy to enrollees once every three years and when there is a change to the policy.",Human Resources,federal,t,,,2025-03-06 14:30:29.089,,,,Health plans must provide a Notice of Privacy Policy to enrollees once every three years and when there is a change to the policy.,https://www.dol.gov,Department of Labor,"","","","","","",Health plans must provide a Notice of Privacy Policy to enrollees once every three years and when there is a change to the policy.,"",,,"","",,,1,,2025-03-07 15:21:09.709673,,t,,,,"[{""type"": ""attestation"", ""status"": ""pending"", ""enabled"": true, ""required"": false}, {""type"": ""website_publish"", ""status"": ""pending"", ""enabled"": true, ""required"": false}, {""type"": ""community_communication"", ""status"": ""pending"", ""enabled"": true, ""required"": false}, {""type"": ""agency_submission"", ""status"": ""pending"", ""enabled"": true, ""required"": false}]","",,
4659,REG3397,"NSF grant term and condition, September 21, 2018",Human Resources,"","","National Science Foundation new term and condition requires recipients of NSF awards to notify NSF of any findings/determinations of sexual harassment, other forms of harassment, of sexual assault regarding an NSF-funded PI or co-PI.",Report must be made by Authorized Organizational Official within 10 days of the date of finding/determination. Must notify also if PI or co-PI is placed on administrative leave or if the institution is taking administrative action against the PI or co-PI.,Human Resources,federal,t,,,2019-03-01 00:00:00,,,,Report must be made by Authorized Organizational Official within 10 days of the date of finding/determination. Must notify also if PI or co-PI is placed on administrative leave or if the institution is taking administrative action against the PI or co-PI.,https://www.dol.gov,Department of Labor,"","","","","","",Report must be made by Authorized Organizational Official within 10 days of the date of finding/determination. Must notify also if PI or co-PI is placed on administrative leave or if the institution is taking administrative action against the PI or co-PI.,"",,,"","",,,1,,2025-03-07 15:21:09.709673,,t,,,,"[{""type"": ""attestation"", ""status"": ""pending"", ""enabled"": true, ""required"": false}, {""type"": ""website_publish"", ""status"": ""pending"", ""enabled"": true, ""required"": false}, {""type"": ""community_communication"", ""status"": ""pending"", ""enabled"": true, ""required"": false}, {""type"": ""agency_submission"", ""status"": ""pending"", ""enabled"": true, ""required"": false}]","",,
4656,REG1898,Section 504 of The Rehabilitation Act of 1973,Housing,29 U.S.C. § 701,1665,"Prohibits discrimination on the basis of disability at any federally-funded institution. This covers admissions, recruitment, educational and/or academic programs and services.

 	A recipient that provides housing to its able-bodied students shall provide comparable, convenient, and accessible housing to students with disabilities at the same cost as to others.

 	If an existing facility is not accessible, redesign of equipment, reassignment of classes or other services to accessible buildings is an alternative to new construction.

 	Newly constructed facilities must be readily accessible to persons with disabilities.

 	Each facility or part of a facility which is altered in a manner that affects or could affect the usability of the facility or part of the facility shall, to the maximum extent feasible, be altered in such manner that the altered portion of the facility is readily accessible to and usable by persons with disabilities.

Additional Information:
Prohibits discrimination on the basis of disability at any federally-funded institution. This covers admissions, recruitment, educational and/or academic programs and services.

 	A recipient that provides housing to its able-bodied students shall provide comparable, convenient, and accessible housing to students with disabilities at the same cost as to others.

 	If an existing facility is not accessible, redesign of equipment, reassignment of classes or other services to accessible buildings is an alternative to new construction.

 	Newly constructed facilities must be readily accessible to persons with disabilities.

 	Each facility or part of a facility which is altered in a manner that affects or could affect the usability of the facility or part of the facility shall, to the maximum extent feasible, be altered in such manner that the altered portion of the facility is readily accessible to and usable by persons with disabilities.",No specific requirements provided,Other,federal,t,,,2025-03-06 14:30:29.651,,,,"",,,"","","","","","","","",,,"","",,,1,,2025-03-07 15:21:09.709673,,t,,,,"[{""type"": ""attestation"", ""status"": ""pending"", ""enabled"": true, ""required"": false}, {""type"": ""website_publish"", ""status"": ""pending"", ""enabled"": true, ""required"": false}, {""type"": ""community_communication"", ""status"": ""pending"", ""enabled"": true, ""required"": false}, {""type"": ""agency_submission"", ""status"": ""pending"", ""enabled"": true, ""required"": false}]","",,
4788,REG-1741275347500,Title IX of the Education Amendments of 1972,Civil Rights and Gender Equality,20 U.S.C. § 1681-1688,"",Title IX is a federal civil rights law that prohibits discrimination on the basis of sex in any education program or activity that receives federal funding.,"Educational institutions must provide equal opportunities for both genders in areas such as admissions, athletics, employment, and sexual harassment policies. They must also have a designated Title IX coordinator and follow specific procedures for handling complaints.",Civil Rights,federal,t,,,2025-03-06 15:35:47.5,2025-03-06 15:35:47.5,2026-03-06 15:35:47.5,,"",https://www2.ed.gov/about/offices/list/ocr/docs/tix_dis.html,Department of Education,"",Office for Civil Rights,"","","","",,"",,,"","",,,1,,2025-03-07 15:21:09.709673,,t,,,,"[{""type"": ""attestation"", ""status"": ""pending"", ""enabled"": true, ""required"": false}, {""type"": ""website_publish"", ""status"": ""pending"", ""enabled"": true, ""required"": false}, {""type"": ""community_communication"", ""status"": ""pending"", ""enabled"": true, ""required"": false}, {""type"": ""agency_submission"", ""status"": ""pending"", ""enabled"": true, ""required"": false}]","",,
4796,REG-1741276445527,Family Educational Rights and Privacy Act (FERPA),Privacy,20 U.S.C. § 1232g; 34 CFR Part 99,"",FERPA provides certain rights for parents regarding their children’s education records. It ensures the privacy of student records and limits the disclosure of information from those records.,Educational institutions must have written permission from parents or eligible students to release any information from a student's education records. They must also provide parents and eligible students the right to inspect and review the student's education records.,Civil Rights,federal,t,,,2025-03-06 15:54:05.527,2025-03-06 15:54:05.527,2026-03-06 15:54:05.527,,"",https://www2.ed.gov/laws-and-policy/laws-preschool-grade-12-education/family-educational-rights-and-privacy-act,U.S. Department of Education,"",Office for Civil Rights,"","","","",,"",,,"","",,,1,,2025-03-07 15:21:09.709673,,t,,,,"[{""type"": ""attestation"", ""status"": ""pending"", ""enabled"": true, ""required"": false}, {""type"": ""website_publish"", ""status"": ""pending"", ""enabled"": true, ""required"": false}, {""type"": ""community_communication"", ""status"": ""pending"", ""enabled"": true, ""required"": false}, {""type"": ""agency_submission"", ""status"": ""pending"", ""enabled"": true, ""required"": false}]","",,
4798,REG-1741276470060,Title VI of the Civil Rights Act of 1964,Civil Rights,Title VI of the Civil Rights Act of 1964,"","Prohibits discrimination on the basis of race, color, or national origin in programs or activities receiving federal financial assistance.","Educational institutions receiving federal funds must comply with Title VI regulations and ensure equal access to education for all individuals regardless of race, color, or national origin.",Civil Rights,federal,t,,,2025-03-06 15:54:30.06,2025-03-06 15:54:30.06,2026-03-06 15:54:30.06,,"",https://www.dol.gov/agencies/oasam/regulatory/statutes,U.S. Department of Labor,"",Civil Rights Center,"","","","",,"",,,"","",,,1,,2025-03-07 15:21:09.709673,,t,,,,"[{""type"": ""attestation"", ""status"": ""pending"", ""enabled"": true, ""required"": false}, {""type"": ""website_publish"", ""status"": ""pending"", ""enabled"": true, ""required"": false}, {""type"": ""community_communication"", ""status"": ""pending"", ""enabled"": true, ""required"": false}, {""type"": ""agency_submission"", ""status"": ""pending"", ""enabled"": true, ""required"": false}]","",,
4800,REG-1741276760019,Title IX and Intercollegiate Athletics Policy Interpretation,Civil Rights,Title IX of the Education Amendments of 1972; 45 CFR Part 86,"","Policy interpretation providing guidance on compliance with Title IX in intercollegiate athletics, emphasizing equal opportunities for male and female athletes. Includes factors for financial assistance, program areas, and meeting student interests and abilities.","{""Financial Assistance (Scholarships)"":{""regulation"":""45 CFR 86.37(c)"",""compliance"":""Financial comparison to ensure proportionate scholarship aid for male and female athletes; factors considered for compliance."",""definition"":""Participants defined as athletes receiving institutionally-sponsored support, participating in regular practice and listed on eligibility or squad lists.""},""Equivalence in Other Athletic Benefits and Opportunities"":{""regulation"":""45 CFR 86.41(c)"",""compliance"":""Comparison of benefits and opportunities for male and female athletes; factors considered for equivalency."",""additional_factors"":{""Recruitment"":""Examination of recruitment practices for both sexes; resources and opportunities provided."",""Support Services"":""Assessment of administrative and clerical support for athletic programs.""}},""Meeting the Interests and Abilities of Male and Female Students"":{""regulation"":""45 CFR 86.41(c)(1)"",""compliance"":""Accommodation of student interests and abilities to provide equal opportunity in sports selection and competition levels."",""factors"":{""Determination"":""Methods for assessing athletic interests and abilities of students."",""Selection of Sports"":""Requirement to offer sports based on student interests and abilities."",""Levels of Competition"":""Providing opportunities for intercollegiate competition based on enrollments and program expansion.""}}}",Civil Rights,federal,t,,,2025-03-06 15:59:20.019,2025-03-06 15:59:20.019,2026-03-06 15:59:20.019,,"",https://www2.ed.gov/about/offices/list/ocr/docs/title-ix-nprm.pdf,Office for Civil Rights,"","Department of Health, Education, and Welfare","","","","",,"",,,"","",,,1,,2025-03-07 15:21:09.709673,,t,,,,"[{""type"": ""attestation"", ""status"": ""pending"", ""enabled"": true, ""required"": false}, {""type"": ""website_publish"", ""status"": ""pending"", ""enabled"": true, ""required"": false}, {""type"": ""community_communication"", ""status"": ""pending"", ""enabled"": true, ""required"": false}, {""type"": ""agency_submission"", ""status"": ""pending"", ""enabled"": true, ""required"": false}]","",,
4665,REG1937,Electronic Communications Privacy Act of 1986,Information Technology,18 U.S.C. §§ 2510-2523 (Wiretap),"1601,1602","The ECPA, as amended, protects wire, oral, and electronic communications while those communications are being made, are in transit, and when they are stored on computers.

 	The Act applies to email, telephone conversations, and data stored electronically.

Additional Information:
The ECPA, as amended, protects wire, oral, and electronic communications while those communications are being made, are in transit, and when they are stored on computers.

 	The Act applies to email, telephone conversations, and data stored electronically.",No specific requirements provided,Information Technology,federal,t,,,2025-03-06 14:30:31.343,,,,"",,,"","","","","","","","",,,"","",,,1,,2025-03-07 15:21:09.709673,,t,,,,"[{""type"": ""attestation"", ""status"": ""pending"", ""enabled"": true, ""required"": false}, {""type"": ""website_publish"", ""status"": ""pending"", ""enabled"": true, ""required"": false}, {""type"": ""community_communication"", ""status"": ""pending"", ""enabled"": true, ""required"": false}, {""type"": ""agency_submission"", ""status"": ""pending"", ""enabled"": true, ""required"": false}]","",,
4666,REG2017,FCC – Cable Certification,Information Technology,47 U.S.C. § 151,1718,"Prior to commencing service, cable television systems, cable operators, and satellite carriers must obtain certification that they are in conformity with signal carriage, program exclusivity, cable casting, and other standards.

 	An operator of an open video system must certify on FCC Form 1275 that it will comply with the FCC's regulations in 47 C.F.R. § 76.1502.

Additional Information:
Prior to commencing service, cable television systems, cable operators, and satellite carriers must obtain certification that they are in conformity with signal carriage, program exclusivity, cable casting, and other standards.

 	An operator of an open video system must certify on FCC Form 1275 that it will comply with the FCC's regulations in 47 C.F.R. § 76.1502.",No specific requirements provided,Information Technology,federal,t,,,2025-03-06 14:30:31.542,,,,"",,,"","","","","","","","",,,"","",,,1,,2025-03-07 15:21:09.709673,,t,,,,"[{""type"": ""attestation"", ""status"": ""pending"", ""enabled"": true, ""required"": false}, {""type"": ""website_publish"", ""status"": ""pending"", ""enabled"": true, ""required"": false}, {""type"": ""community_communication"", ""status"": ""pending"", ""enabled"": true, ""required"": false}, {""type"": ""agency_submission"", ""status"": ""pending"", ""enabled"": true, ""required"": false}]","",,
4668,REG2019,"FCC – Wireless Communications, Licensing",Information Technology,47 U.S.C. § 151,1718,"The University's authorization to provide wireless communication services is granted for any or a combination of the following services in a single license: 1) common carrier; 2) non-common carrier; 3) private internal communications; 4) and broadcast services.

 	A license application must be filed with the FCC.

Additional Information:
The University's authorization to provide wireless communication services is granted for any or a combination of the following services in a single license: 1) common carrier; 2) non-common carrier; 3) private internal communications; 4) and broadcast services.

 	A license application must be filed with the FCC.",No specific requirements provided,Information Technology,federal,t,,,2025-03-06 14:30:31.965,,,,"",,,"","","","","","","","",,,"","",,,1,,2025-03-07 15:21:09.709673,,t,,,,"[{""type"": ""attestation"", ""status"": ""pending"", ""enabled"": true, ""required"": false}, {""type"": ""website_publish"", ""status"": ""pending"", ""enabled"": true, ""required"": false}, {""type"": ""community_communication"", ""status"": ""pending"", ""enabled"": true, ""required"": false}, {""type"": ""agency_submission"", ""status"": ""pending"", ""enabled"": true, ""required"": false}]","",,
4669,REG2020,Hazardous Materials Transportation Act,Information Technology,49 U.S.C. §§ 5101-5128,1724,"The University must properly dispose of computers and electrical equipment containing hazardous materials or the University is subject to fines and penalties.

Additional Information:
The University must properly dispose of computers and electrical equipment containing hazardous materials or the University is subject to fines and penalties.",No specific requirements provided,Information Technology,federal,t,,,2025-03-06 14:30:32.181,,,,"",,,"","","","","","","","",,,"","",,,1,,2025-03-07 15:21:09.709673,,t,,,,"[{""type"": ""attestation"", ""status"": ""pending"", ""enabled"": true, ""required"": false}, {""type"": ""website_publish"", ""status"": ""pending"", ""enabled"": true, ""required"": false}, {""type"": ""community_communication"", ""status"": ""pending"", ""enabled"": true, ""required"": false}, {""type"": ""agency_submission"", ""status"": ""pending"", ""enabled"": true, ""required"": false}]","",,
4670,REG1938,Higher Education Opportunity Act,Information Technology,Public Law No. 110-315,1766,"Section 488 requires institutions to develop plans to detect and prevent unauthorized distribution of copyrighted material on information technology systems, including offering alternatives to illegal-downloading or peer-to-peer distribution of intellectual property.

Additional Information:
Section 488 requires institutions to develop plans to detect and prevent unauthorized distribution of copyrighted material on information technology systems, including offering alternatives to illegal-downloading or peer-to-peer distribution of intellectual property.",No specific requirements provided,Information Technology,federal,t,,,2025-03-06 14:30:32.418,,,,"",,,"","","","","","","","",,,"","",,,1,,2025-03-07 15:21:09.709673,,t,,,,"[{""type"": ""attestation"", ""status"": ""pending"", ""enabled"": true, ""required"": false}, {""type"": ""website_publish"", ""status"": ""pending"", ""enabled"": true, ""required"": false}, {""type"": ""community_communication"", ""status"": ""pending"", ""enabled"": true, ""required"": false}, {""type"": ""agency_submission"", ""status"": ""pending"", ""enabled"": true, ""required"": false}]","",,
4824,REG-1741278483475,"Equal Employment Opportunity in Apprenticeship and Training, Final Rule",Civil Rights,DOL-2024-002,"",This regulation aims to ensure equal employment opportunities in apprenticeship and training programs.,Educational institutions must comply with non-discrimination and equal opportunity requirements in their apprenticeship and training programs.,Civil Rights,federal,t,,,2025-03-06 16:28:03.475,2025-03-06 16:28:03.475,2026-03-06 16:28:03.475,,"",https://www.dol.gov/agencies/eta/apprenticeship,U.S. Department of Labor,"",Employment and Training Administration,"","","","",,"",,,"","",,,1,,2025-03-07 15:21:09.709673,,t,,,,"[{""type"": ""attestation"", ""status"": ""pending"", ""enabled"": true, ""required"": false}, {""type"": ""website_publish"", ""status"": ""pending"", ""enabled"": true, ""required"": false}, {""type"": ""community_communication"", ""status"": ""pending"", ""enabled"": true, ""required"": false}, {""type"": ""agency_submission"", ""status"": ""pending"", ""enabled"": true, ""required"": false}]","",,
4676,REG2022,Bayh-Dole Act of 1980,Intellectual Property and Technology Transfer,35 U.S.C. §§ 200-212,1681,"Establishes a uniform policy for the disposition and licensing of rights to patentable inventions discovered in the course of federally-funded research.

Additional Information:
Establishes a uniform policy for the disposition and licensing of rights to patentable inventions discovered in the course of federally-funded research.",No specific requirements provided,Research,federal,t,,,2025-03-06 14:30:33.907,,,,"",,,"","","","","","","","",,,"","",,,1,,2025-03-07 15:21:09.709673,,t,,,,"[{""type"": ""attestation"", ""status"": ""pending"", ""enabled"": true, ""required"": false}, {""type"": ""website_publish"", ""status"": ""pending"", ""enabled"": true, ""required"": false}, {""type"": ""community_communication"", ""status"": ""pending"", ""enabled"": true, ""required"": false}, {""type"": ""agency_submission"", ""status"": ""pending"", ""enabled"": true, ""required"": false}]","",,
4678,REG1943,Trademark Revision Act,Intellectual Property and Technology Transfer,15 U.S.C. § 1051,"1581,1761","Subject to the principles of equity, the owner of a famous mark that is distinctive, inherently or through acquired distinctiveness, shall be entitled to an injunction against another person who, at any time after the owner's mark has become famous, commences use of a mark or trade name in commerce that is likely to cause dilution by blurring or dilution by tarnishment of the famous mark, regardless of the presence or absence of actual or likely confusion, of  competition, or of actual economic injury.

Additional Information:
Subject to the principles of equity, the owner of a famous mark that is distinctive, inherently or through acquired distinctiveness, shall be entitled to an injunction against another person who, at any time after the owner's mark has become famous, commences use of a mark or trade name in commerce that is likely to cause dilution by blurring or dilution by tarnishment of the famous mark, regardless of the presence or absence of actual or likely confusion, of  competition, or of actual economic injury.",No specific requirements provided,Research,federal,t,,,2025-03-06 14:30:34.538,,,,"",,,"","","","","","","","",,,"","",,,1,,2025-03-07 15:21:09.709673,,t,,,,"[{""type"": ""attestation"", ""status"": ""pending"", ""enabled"": true, ""required"": false}, {""type"": ""website_publish"", ""status"": ""pending"", ""enabled"": true, ""required"": false}, {""type"": ""community_communication"", ""status"": ""pending"", ""enabled"": true, ""required"": false}, {""type"": ""agency_submission"", ""status"": ""pending"", ""enabled"": true, ""required"": false}]","",,
4799,REG-1741276482793,Title VI of the Civil Rights Act of 1964,Civil Rights,Title VI of the Civil Rights Act of 1964,"","Title VI prohibits discrimination based on race, color, or national origin in programs or activities that receive federal financial assistance.","Educational institutions receiving federal funds must comply with Title VI by ensuring equal access to education for all individuals regardless of race, color, or national origin. They must not discriminate in any programs or activities based on these factors.",Civil Rights,federal,t,,,2025-03-06 15:54:42.793,2025-03-06 15:54:42.793,2026-03-06 15:54:42.793,,"",https://www.dol.gov/agencies/oasam/regulatory/statutes,U.S. Department of Labor,"",Civil Rights Center,"","","","",,"",,,"","",,,1,,2025-03-07 15:21:09.709673,,t,,,,"[{""type"": ""attestation"", ""status"": ""pending"", ""enabled"": true, ""required"": false}, {""type"": ""website_publish"", ""status"": ""pending"", ""enabled"": true, ""required"": false}, {""type"": ""community_communication"", ""status"": ""pending"", ""enabled"": true, ""required"": false}, {""type"": ""agency_submission"", ""status"": ""pending"", ""enabled"": true, ""required"": false}]","",,
4817,REG-1741278195600,Title IX of the Education Amendments of 1972; a Policy Interpretation; Title IX and Intercollegiate Athletics,Civil Rights,45 CFR Part 86,"","The regulation interprets Title IX of the Education Amendments of 1972, prohibiting sex discrimination in educational programs receiving federal assistance. It provides guidelines for compliance in intercollegiate athletics, including financial assistance, program areas, and meeting the interests and abilities of male and female students.","1. Compliance in Financial Assistance: Financial aid should be available proportionately to male and female participants. 2. Compliance in Other Program Areas: Male and female athletes should receive equivalent treatment, benefits, and opportunities. 3. Compliance in Meeting the Interests and Abilities of Male and Female Students: Athletic interests and abilities of male and female students must be equally accommodated.",Civil Rights,federal,t,,,2025-03-06 16:23:15.6,2025-03-06 16:23:15.6,2026-03-06 16:23:15.6,,"",https://www.ed.gov/about/offices/list/ocr/docs/t9interp.html#skipnav2,U.S. Department of Education,"",Office for Civil Rights,"","","","",,"",,,"","",,,1,,2025-03-07 15:21:09.709673,,t,,,,"[{""type"": ""attestation"", ""status"": ""pending"", ""enabled"": true, ""required"": false}, {""type"": ""website_publish"", ""status"": ""pending"", ""enabled"": true, ""required"": false}, {""type"": ""community_communication"", ""status"": ""pending"", ""enabled"": true, ""required"": false}, {""type"": ""agency_submission"", ""status"": ""pending"", ""enabled"": true, ""required"": false}]","",,
4684,REG1946,House and Senate Gift Ban and Ethics Rules,Lobbying and Political Activities,House and Senate Gift Ban and Ethics Rules,,"Both the House and Senate have banned gifts from registered lobbyists or private entities that retain or employ them. Non-lobbyists can give gifts valued at less than $50, such as a meal at a briefing for a Member of Congress and their staff that is valued at less than $50 per person.

Additional Information:
Both the House and Senate have banned gifts from registered lobbyists or private entities that retain or employ them. Non-lobbyists can give gifts valued at less than $50, such as a meal at a briefing for a Member of Congress and their staff that is valued at less than $50 per person.",No specific requirements provided,Other,federal,t,,,2025-03-06 14:30:36.098,,,,"",,,"","","","","","","","",,,"","",,,1,,2025-03-07 15:21:09.709673,,t,,,,"[{""type"": ""attestation"", ""status"": ""pending"", ""enabled"": true, ""required"": false}, {""type"": ""website_publish"", ""status"": ""pending"", ""enabled"": true, ""required"": false}, {""type"": ""community_communication"", ""status"": ""pending"", ""enabled"": true, ""required"": false}, {""type"": ""agency_submission"", ""status"": ""pending"", ""enabled"": true, ""required"": false}]","",,
4690,REG2028,Fair Credit Reporting Act (FCRA),Privacy & Information Security,15 U.S.C. §§ 1681-1681x,1593,"Employers, before obtaining a consumer report (including criminal background checks) must disclose in writing to the applicant or employee that it may obtain a consumer report for employment purposes, and secondly, secure the written consent of the applicant or employee.

 	Note that when using a third party consumer reporting agency to request motor vehicle record checks for employment purposes, the FCRA should be followed, and notice given to the applicant or employee.

Additional Information:
Employers, before obtaining a consumer report (including criminal background checks) must disclose in writing to the applicant or employee that it may obtain a consumer report for employment purposes, and secondly, secure the written consent of the applicant or employee.

 	Note that when using a third party consumer reporting agency to request motor vehicle record checks for employment purposes, the FCRA should be followed, and notice given to the applicant or employee.

Additional Information:
HITECH broadens HIPAA by extending coverage to business associates.

 	Covered providers must implement administrative/ physical/technical safeguards for Protected Health Information (PHI).

 	Section 13402 of HITECH requires that covered entities notify affected individuals and the Secretary of the DHHS and, in some cases, the media following the discovery of a breach of unsecured PHI.

 	Unsecured PHI is PHI that is not secured via technologies and methodologies, as defined by DHHS guidance, that make the PHI unusable, unreadable, or indecipherable to unauthorized individuals.","No specific requirements provided

Additional Requirements:
No specific requirements provided",Information Technology,federal,t,,,2025-03-06 14:30:39.34,,,,"",,,"","","","","","","","",,,"","",,,1,,2025-03-07 15:21:09.709673,,t,,,,"[{""type"": ""attestation"", ""status"": ""pending"", ""enabled"": true, ""required"": false}, {""type"": ""website_publish"", ""status"": ""pending"", ""enabled"": true, ""required"": false}, {""type"": ""community_communication"", ""status"": ""pending"", ""enabled"": true, ""required"": false}, {""type"": ""agency_submission"", ""status"": ""pending"", ""enabled"": true, ""required"": false}]","",,
4802,REG-1741276773421,Family Educational Rights and Privacy Act (FERPA) Regulations Update 2024,Privacy,20 U.S.C. § 1232g; 34 CFR Part 99,"",The Family Educational Rights and Privacy Act (FERPA) regulations have been updated in 2024 to ensure the protection of students' educational records and privacy rights.,"Educational institutions must comply with the updated FERPA regulations to safeguard the confidentiality of student records, provide parents and eligible students with access to these records, and obtain consent before disclosing personally identifiable information.",Civil Rights,federal,t,,,2025-03-06 15:59:33.421,2025-03-06 15:59:33.421,2026-03-06 15:59:33.421,,"",https://www2.ed.gov/policy/gen/guid/fpco/pdf/ferparegs.pdf,U.S. Department of Education,"",Family Policy Compliance Office (FPCO),"","","","",,"",,,"","",,,1,,2025-03-07 15:21:09.709673,,t,,,,"[{""type"": ""attestation"", ""status"": ""pending"", ""enabled"": true, ""required"": false}, {""type"": ""website_publish"", ""status"": ""pending"", ""enabled"": true, ""required"": false}, {""type"": ""community_communication"", ""status"": ""pending"", ""enabled"": true, ""required"": false}, {""type"": ""agency_submission"", ""status"": ""pending"", ""enabled"": true, ""required"": false}]","",,
4803,REG-1741276776485,Americans with Disabilities Act of 1990,Civil Rights,42 U.S. Code § 12101,"","The Americans with Disabilities Act (ADA) prohibits discrimination against individuals with disabilities in all areas of public life, including jobs, schools, transportation, and all public and private places that are open to the general public.","Educational institutions must provide reasonable accommodations to ensure individuals with disabilities have equal access to programs, services, and activities. This includes accessible facilities, communication, and technology.",Civil Rights,federal,t,,,2025-03-06 15:59:36.485,2025-03-06 15:59:36.485,2026-03-06 15:59:36.485,,"",https://www.ada.gov/,U.S. Department of Justice,"",Civil Rights Division,"","","","",,"",,,"","",,,1,,2025-03-07 15:21:09.709673,,t,,,,"[{""type"": ""attestation"", ""status"": ""pending"", ""enabled"": true, ""required"": false}, {""type"": ""website_publish"", ""status"": ""pending"", ""enabled"": true, ""required"": false}, {""type"": ""community_communication"", ""status"": ""pending"", ""enabled"": true, ""required"": false}, {""type"": ""agency_submission"", ""status"": ""pending"", ""enabled"": true, ""required"": false}]","",,
4691,REG2027,Fair and Accurate Credit Transaction Act (FACTA),Privacy & Information Security,Public Law No. 108-159,1758,"Amends the Fair Credit Reporting Act

 	Establishes requirements for maintaining information privacy, accuracy, and disposal

 	Limits the ways consumer information can be shared

Additional Information:
Amends the Fair Credit Reporting Act

 	Establishes requirements for maintaining information privacy, accuracy, and disposal

 	Limits the ways consumer information can be shared",No specific requirements provided,Information Technology,federal,t,,,2025-03-06 14:30:37.755,,,,"",,,"","","","","","","","",,,"","",,,1,,2025-03-07 15:21:09.709673,,t,,,,"[{""type"": ""attestation"", ""status"": ""pending"", ""enabled"": true, ""required"": false}, {""type"": ""website_publish"", ""status"": ""pending"", ""enabled"": true, ""required"": false}, {""type"": ""community_communication"", ""status"": ""pending"", ""enabled"": true, ""required"": false}, {""type"": ""agency_submission"", ""status"": ""pending"", ""enabled"": true, ""required"": false}]","",,
4692,REG2029,Family Educational Rights and Privacy Act (FERPA),Privacy & Information Security,20 U.S.C. § 1232g,1625,"The University must provide students the right to inspect their education records and obtain written consent to release the records to anyone other than school officials, authorized government personnel, in connection with financial aid, in an emergency, or for other specifically-allowed purposes.","20 U.S.C. § 1232g(e); 34 C.F.R. § 99.7 and 20 U.S.C. § 1092(a):
Each educational agency or institution shall annually notify students currently in attendance, of their rights under FERPA. Notification of these rights concurrent with fall registration is suggested, as the student needs to be told what information the student has identified as directory information and notified of his/her opportunity to place a hold on release of directory information.",Information Technology,federal,t,,,2014-01-26 00:00:00,,,,"20 U.S.C. § 1232g(e); 34 C.F.R. § 99.7 and 20 U.S.C. § 1092(a):
Each educational agency or institution shall annually notify students currently in attendance, of their rights under FERPA. Notification of these rights concurrent with fall registration is suggested, as the student needs to be told what information the student has identified as directory information and notified of his/her opportunity to place a hold on release of directory information.","",,"","","","","","","20 U.S.C. § 1232g(e); 34 C.F.R. § 99.7 and 20 U.S.C. § 1092(a):
Each educational agency or institution shall annually notify students currently in attendance, of their rights under FERPA. Notification of these rights concurrent with fall registration is suggested, as the student needs to be told what information the student has identified as directory information and notified of his/her opportunity to place a hold on release of directory information.","",,,"","",,,1,,2025-03-07 15:21:09.709673,,t,,,,"[{""type"": ""attestation"", ""status"": ""pending"", ""enabled"": true, ""required"": false}, {""type"": ""website_publish"", ""status"": ""pending"", ""enabled"": true, ""required"": false}, {""type"": ""community_communication"", ""status"": ""pending"", ""enabled"": true, ""required"": false}, {""type"": ""agency_submission"", ""status"": ""pending"", ""enabled"": true, ""required"": false}]","",,
4693,REG1951,Federal Information Security Management Act (FISMA),Privacy & Information Security,44 U.S.C. § 35,1716,"The act, applicable to federal agencies, also covers the University as a federal contractor where it is holding federal data pursuant to federally-funded research.

 	The Act requires that the University: 1) implement security programs and policies; 2) assess risk; and 3) periodically test controls.","",Information Technology,federal,t,,,2014-01-26 00:00:00,,,,"","",,"","","","","","","","",,,"","",,,1,,2025-03-07 15:21:09.709673,,t,,,,"[{""type"": ""attestation"", ""status"": ""pending"", ""enabled"": true, ""required"": false}, {""type"": ""website_publish"", ""status"": ""pending"", ""enabled"": true, ""required"": false}, {""type"": ""community_communication"", ""status"": ""pending"", ""enabled"": true, ""required"": false}, {""type"": ""agency_submission"", ""status"": ""pending"", ""enabled"": true, ""required"": false}]","",,
4694,REG1952,Freedom of Information Act,Privacy & Information Security,5 U.S.C. § 552,1726,Provides a process by which every person may request access to a public college or university's records or information.,"",Information Technology,federal,t,,,2014-01-26 00:00:00,,,,"","",,"","","","","","","","",,,"","",,,1,,2025-03-07 15:21:09.709673,,t,,,,"[{""type"": ""attestation"", ""status"": ""pending"", ""enabled"": true, ""required"": false}, {""type"": ""website_publish"", ""status"": ""pending"", ""enabled"": true, ""required"": false}, {""type"": ""community_communication"", ""status"": ""pending"", ""enabled"": true, ""required"": false}, {""type"": ""agency_submission"", ""status"": ""pending"", ""enabled"": true, ""required"": false}]","",,
4695,REG2030,Gramm Leach Bliley Act (GLBA),Privacy & Information Security,15 U.S.C. § 6801,1587,"Governs the collection, disclosure, and protection of consumers' personal information and personally identifiable information.

 	Requires institutions that offer consumers financial products or services like loans, financial or investment advice, or insurance to explain their information-sharing practices to their customers and to safeguard sensitive data.",Requires financial institutions to provide consumers with privacy notices at the beginning of the loan and annually.,Information Technology,federal,t,,,2014-01-26 00:00:00,,,,Requires financial institutions to provide consumers with privacy notices at the beginning of the loan and annually.,"",,"","","","","","",Requires financial institutions to provide consumers with privacy notices at the beginning of the loan and annually.,"",,,"","",,,1,,2025-03-07 15:21:09.709673,,t,,,,"[{""type"": ""attestation"", ""status"": ""pending"", ""enabled"": true, ""required"": false}, {""type"": ""website_publish"", ""status"": ""pending"", ""enabled"": true, ""required"": false}, {""type"": ""community_communication"", ""status"": ""pending"", ""enabled"": true, ""required"": false}, {""type"": ""agency_submission"", ""status"": ""pending"", ""enabled"": true, ""required"": false}]","",,
4696,REG2032,HIPAA,Privacy & Information Security,Public Law No. 104-191,1746,"Establishes national standards to protect individuals' medical records and other personal health information.

 	Requires appropriate safeguards to protect the privacy of personal health information, and sets limits and conditions on the uses and disclosures that may be made of such information without patient authorization.

 	Gives patients rights to examine and obtain a copy of their health records, and to request corrections.",Health plans must provide a Notice of Privacy Policy to enrollees once every three years and when there is a change to the policy.,Information Technology,federal,t,,,2014-01-26 00:00:00,,,,Health plans must provide a Notice of Privacy Policy to enrollees once every three years and when there is a change to the policy.,"",,"","","","","","",Health plans must provide a Notice of Privacy Policy to enrollees once every three years and when there is a change to the policy.,"",,,"","",,,1,,2025-03-07 15:21:09.709673,,t,,,,"[{""type"": ""attestation"", ""status"": ""pending"", ""enabled"": true, ""required"": false}, {""type"": ""website_publish"", ""status"": ""pending"", ""enabled"": true, ""required"": false}, {""type"": ""community_communication"", ""status"": ""pending"", ""enabled"": true, ""required"": false}, {""type"": ""agency_submission"", ""status"": ""pending"", ""enabled"": true, ""required"": false}]","",,
4697,REG2031,Health Information Technology for Economic and Clinical Health (HITECH) Act of 2009,Privacy & Information Security,Public Law No. 111-5,1774,"HITECH broadens HIPAA by extending coverage to business associates.

 	Covered providers must implement administrative/ physical/technical safeguards for Protected Health Information (PHI).

 	Section 13402 of HITECH requires that covered entities notify affected individuals and the Secretary of the DHHS and, in some cases, the media following the discovery of a breach of unsecured PHI.

 	Unsecured PHI is PHI that is not secured via technologies and methodologies, as defined by DHHS guidance, that make the PHI unusable, unreadable, or indecipherable to unauthorized individuals.","",Information Technology,federal,t,,,2014-01-26 00:00:00,,,,"","",,"","","","","","","","",,,"","",,,1,,2025-03-07 15:21:09.709673,,t,,,,"[{""type"": ""attestation"", ""status"": ""pending"", ""enabled"": true, ""required"": false}, {""type"": ""website_publish"", ""status"": ""pending"", ""enabled"": true, ""required"": false}, {""type"": ""community_communication"", ""status"": ""pending"", ""enabled"": true, ""required"": false}, {""type"": ""agency_submission"", ""status"": ""pending"", ""enabled"": true, ""required"": false}]","",,
4804,REG-1741276778573,Occupational Safety and Health Act of 1970,Safety,29 U.S.C. 651 et seq.,"",The Occupational Safety and Health Act of 1970 is a federal law that ensures safe and healthful working conditions for employees.,Employers must provide a workplace free from recognized hazards that are causing or are likely to cause death or serious physical harm to employees. They must also comply with occupational safety and health standards set by the Occupational Safety and Health Administration (OSHA).,Campus Safety,federal,t,,,2025-03-06 15:59:38.573,2025-03-06 15:59:38.573,2026-03-06 15:59:38.573,,"",https://www.osha.gov/,Occupational Safety and Health Administration,"",Department of Labor,"","","","",,"",,,"","",,,1,,2025-03-07 15:21:09.709673,,t,,,,"[{""type"": ""attestation"", ""status"": ""pending"", ""enabled"": true, ""required"": false}, {""type"": ""website_publish"", ""status"": ""pending"", ""enabled"": true, ""required"": false}, {""type"": ""community_communication"", ""status"": ""pending"", ""enabled"": true, ""required"": false}, {""type"": ""agency_submission"", ""status"": ""pending"", ""enabled"": true, ""required"": false}]","",,
4805,REG-1741277029018,Title IX and Intercollegiate Athletics Policy Interpretation 1979,Civil Rights,Title IX of the Education Amendments of 1972; 45 CFR Part 86,"","Policy interpretation providing guidance on compliance with Title IX in intercollegiate athletics. Prohibits discrimination based on sex in educational programs receiving federal assistance. Includes factors for compliance in financial assistance, other program areas, and meeting interests and abilities of male and female students.","{""Compliance in Financial Assistance (Scholarships)"":{""regulation"":""45 CFR 86.37(c)"",""details"":""Financial assistance should be available on a substantially proportional basis to male and female participants in the athletic program. Compliance measured by comparing aid available to male and female athletes.""},""Compliance in Other Program Areas"":{""regulation"":""45 CFR 86.41(c)"",""details"":""Male and female athletes should receive equivalent treatment, benefits, and opportunities in various program areas like equipment, coaching, facilities, and support services.""},""Compliance in Meeting the Interests and Abilities of Male and Female Students"":{""regulation"":""45 CFR 86.41(c)(1)"",""details"":""Athletic interests and abilities of male and female students must be equally accommodated. Selection of sports and levels of competition should effectively accommodate interests and abilities.""}}",Civil Rights,federal,t,,,2025-03-06 16:03:49.018,2025-03-06 16:03:49.018,2026-03-06 16:03:49.018,,"",https://www2.ed.gov/about/offices/list/ocr/index.html,Office for Civil Rights,"","Department of Health, Education, and Welfare","","","","",,"",,,"","",,,1,,2025-03-07 15:21:09.709673,,t,,,,"[{""type"": ""attestation"", ""status"": ""pending"", ""enabled"": true, ""required"": false}, {""type"": ""website_publish"", ""status"": ""pending"", ""enabled"": true, ""required"": false}, {""type"": ""community_communication"", ""status"": ""pending"", ""enabled"": true, ""required"": false}, {""type"": ""agency_submission"", ""status"": ""pending"", ""enabled"": true, ""required"": false}]","",,
4706,REG1920,Fair Credit Reporting Act (FCRA),Recruitment Hiring & Termination,15 U.S.C. §§ 1681-1681x,1593,"Employers, before obtaining a consumer report (including criminal background checks) must disclose in writing to the applicant or employee that it may obtain a consumer report for employment purposes, and secondly, secure the written consent of the applicant or employee.

 	Note that when using a third party consumer reporting agency to request motor vehicle record checks for employment purposes, the FCRA should be followed, and notice given to the applicant or employee.","",Human Resources,federal,t,,,2014-01-26 00:00:00,,,,"",https://www.dol.gov,Department of Labor,"","","","","","","","",,,"","",,,1,,2025-03-07 15:21:09.709673,,t,,,,"[{""type"": ""attestation"", ""status"": ""pending"", ""enabled"": true, ""required"": false}, {""type"": ""website_publish"", ""status"": ""pending"", ""enabled"": true, ""required"": false}, {""type"": ""community_communication"", ""status"": ""pending"", ""enabled"": true, ""required"": false}, {""type"": ""agency_submission"", ""status"": ""pending"", ""enabled"": true, ""required"": false}]","",,
4701,REG2034,Higher Education Act: Misrepresentation,Program Integrity Rules,20 U.S.C. § 1094,1619,"Makes the institution responsible for substantial misrepresentations made by the institution itself, a representative of the institution, or any person or entity with whom the institution has an agreement to provide educational programs, marketing, advertising, and recruiting or admissions services.

 	Broadens the definitions of misrepresentations of the nature of an institution's educational program, financial charges, or employability of its graduates.

 	Expands the sanctions that ED may impose for substantial misrepresentations.","",Academic Programs,federal,t,,,2014-01-26 00:00:00,,,,"",https://www.ed.gov,Department of Education,"","","","","","","","",,,"","",,,1,,2025-03-07 15:21:09.709673,,t,,,,"[{""type"": ""attestation"", ""status"": ""pending"", ""enabled"": true, ""required"": false}, {""type"": ""website_publish"", ""status"": ""pending"", ""enabled"": true, ""required"": false}, {""type"": ""community_communication"", ""status"": ""pending"", ""enabled"": true, ""required"": false}, {""type"": ""agency_submission"", ""status"": ""pending"", ""enabled"": true, ""required"": false}]","",,
4702,REG2035,Higher Education Act: State Authorization,Program Integrity Rules,"20 U.S.C. §§ 1001, 1002",1628,"In order for its students to be eligible for Title IV student financial assistance, an institution must be able to demonstrate to ED that it meets the legal authorization standards of every state in which it operates.

 	An institution offering distance education or correspondence courses must be authorized by each state in which the institution enrolls students, if such authorization is required by the state, in order for these programs to be Title IV eligible. Alternatively, an institution may be authorized through state authorization reciprocity agreements. Institutions must also (1) document the state process for resolving complaints from students enrolled in distance education or correspondence courses and (2) provide public and individualized disclosures to enrolled and prospective students regarding its programs offered solely through distance education or correspondence courses. (effective July 1, 2018)

 	An institution must make available, upon request, to any enrolled or prospective student a copy of the documents describing the institution's accreditation and its state, federal or tribal approval or licensing. In addition, the institution must provide students and prospective students with contact information for filing complaints with the institution's accreditor and with its state approval agency and any other relevant state official or agency.","",Academic Programs,federal,t,,,2014-01-26 00:00:00,,,,"",https://www.ed.gov,Department of Education,"","","","","","","","",,,"","",,,1,,2025-03-07 15:21:09.709673,,t,,,,"[{""type"": ""attestation"", ""status"": ""pending"", ""enabled"": true, ""required"": false}, {""type"": ""website_publish"", ""status"": ""pending"", ""enabled"": true, ""required"": false}, {""type"": ""community_communication"", ""status"": ""pending"", ""enabled"": true, ""required"": false}, {""type"": ""agency_submission"", ""status"": ""pending"", ""enabled"": true, ""required"": false}]","",,
4703,REG1918,Drug & Alcohol Testing of Transportation Employees,Recruitment Hiring & Termination,49 U.S.C. § 31144,1722,"Commercial motor vehicle operators are subject to pre-employment drug testing, and post-accident, random and reasonable suspicion drug and alcohol testing.  Testing is mandatory if the driver is involved in a fatal accident.

 	Passenger vehicle drivers are required to be tested prior to employment.

 	The Code of Federal Regulations sets forth the procedures for administering drug and alcohol testing as mandated by the DOT.","",Human Resources,federal,t,,,2014-01-26 00:00:00,,,,"",https://www.dol.gov,Department of Labor,"","","","","","","","",,,"","",,,1,,2025-03-07 15:21:09.709673,,t,,,,"[{""type"": ""attestation"", ""status"": ""pending"", ""enabled"": true, ""required"": false}, {""type"": ""website_publish"", ""status"": ""pending"", ""enabled"": true, ""required"": false}, {""type"": ""community_communication"", ""status"": ""pending"", ""enabled"": true, ""required"": false}, {""type"": ""agency_submission"", ""status"": ""pending"", ""enabled"": true, ""required"": false}]","",,
4704,REG1919,Drug Free Workplace Act,Recruitment Hiring & Termination,41 U.S.C. §§ 701-707,1689,"A federal contractor receiving $25,000 or more in funding must: 1) Certify it provides a drug-free workplace; 2) publish a statement notifying employees that unlawful manufacture, distribution, dispensing, possession, use of controlled substances is prohibited and stating what action will be taken for violations; 3) establish an ongoing drug-free awareness program; 4) require that each employee directly involved in the contract/grant work notify the employer of any criminal drug statute convictions for a violation occurring in the workplace (however, drug testing is not mandated or authorized); 5) notify the federal government of such a violation within ten days after learning of conviction; and 6) require sanctions or remedial measures for an employee convicted of a drug abuse violation in the workplace.

 	Failure to comply can lead to being barred from participation in future contract or grant activity for up to five (5) years.","",Human Resources,federal,t,,,2014-01-26 00:00:00,,,,"",https://www.dol.gov,Department of Labor,"","","","","","","","",,,"","",,,1,,2025-03-07 15:21:09.709673,,t,,,,"[{""type"": ""attestation"", ""status"": ""pending"", ""enabled"": true, ""required"": false}, {""type"": ""website_publish"", ""status"": ""pending"", ""enabled"": true, ""required"": false}, {""type"": ""community_communication"", ""status"": ""pending"", ""enabled"": true, ""required"": false}, {""type"": ""agency_submission"", ""status"": ""pending"", ""enabled"": true, ""required"": false}]","",,
4705,REG2011,Employee Polygraph Protection Act,Recruitment Hiring & Termination,29 U.S.C. §§ 2001-2009,1669,"The University may not:

 	Directly or indirectly require, request, suggest, or cause any employee or prospective employee to take or submit to any lie detector test;

 	Use, accept, refer to, or inquire concerning the results of any lie detector test of any employee or prospective employee; or

 	Discharge, discipline, discriminate against, deny employment or promotion, or threaten such action against any employee or prospective employee who a) refuses, declines, or fails to take or submit to any lie detector test, or b) on the basis of the results of any lie detector test; or 4) discharge, discipline, discriminate against, deny employment or promotion, or threaten such action against any employee or prospective employee a) who has filed a complaint or caused to be instituted any proceeding per this Act, b) has or will testify in any such proceeding, or c) exercises any right per the Act.

 	The University must post a notice of the Act, as prepared by the Secretary of Labor, in conspicuous places where notices to employees and applicants are customarily posted.","",Human Resources,federal,t,,,2014-01-26 00:00:00,,,,"",https://www.dol.gov,Department of Labor,"","","","","","","","",,,"","",,,1,,2025-03-07 15:21:09.709673,,t,,,,"[{""type"": ""attestation"", ""status"": ""pending"", ""enabled"": true, ""required"": false}, {""type"": ""website_publish"", ""status"": ""pending"", ""enabled"": true, ""required"": false}, {""type"": ""community_communication"", ""status"": ""pending"", ""enabled"": true, ""required"": false}, {""type"": ""agency_submission"", ""status"": ""pending"", ""enabled"": true, ""required"": false}]","",,
4808,REG-1741277041570,Americans with Disabilities Act of 1990,Civil Rights,42 U.S. Code § 12101,"","The Americans with Disabilities Act (ADA) prohibits discrimination against individuals with disabilities in all areas of public life, including jobs, schools, transportation, and all public and private places that are open to the general public.","Educational institutions must provide reasonable accommodations to ensure that individuals with disabilities have equal access to programs, services, and activities. This includes making facilities accessible, providing auxiliary aids and services, and modifying policies and procedures.",Civil Rights,federal,t,,,2025-03-06 16:04:01.57,2025-03-06 16:04:01.57,2026-03-06 16:04:01.57,,"",https://www.ada.gov/,U.S. Department of Justice,"",Civil Rights Division,"","","","",,"",,,"","",,,1,,2025-03-07 15:21:09.709673,,t,,,,"[{""type"": ""attestation"", ""status"": ""pending"", ""enabled"": true, ""required"": false}, {""type"": ""website_publish"", ""status"": ""pending"", ""enabled"": true, ""required"": false}, {""type"": ""community_communication"", ""status"": ""pending"", ""enabled"": true, ""required"": false}, {""type"": ""agency_submission"", ""status"": ""pending"", ""enabled"": true, ""required"": false}]","",,
4709,REG1923,Worker Adjustment and Retraining Notification Act (WARN),Recruitment Hiring & Termination,"","","The University must provide 60 days advance notice of plant closings or mass layoffs to affected workers (whether hourly or salaried, including managers or supervisors) or their representatives (i.e. labor union).

 	Notice also must be given to the state dislocated worker unit and the appropriate unit of local government.

 	Failure to comply may result in liability to each aggrieved employee for back pay and benefits for the period of violation up to 60 days, and $500 for each day of violation for failing to notify the unit of local govt.","",Human Resources,federal,t,,,2014-01-26 00:00:00,,,,"",https://www.dol.gov,Department of Labor,"","","","","","","","",,,"","",,,1,,2025-03-07 15:21:09.709673,,t,,,,"[{""type"": ""attestation"", ""status"": ""pending"", ""enabled"": true, ""required"": false}, {""type"": ""website_publish"", ""status"": ""pending"", ""enabled"": true, ""required"": false}, {""type"": ""community_communication"", ""status"": ""pending"", ""enabled"": true, ""required"": false}, {""type"": ""agency_submission"", ""status"": ""pending"", ""enabled"": true, ""required"": false}]","",,
4807,REG-1741277038571,Family Educational Rights and Privacy Act (FERPA) of 2024,Civil Rights,20 U.S. Code § 1232g,"",FERPA protects the privacy of student education records. It gives parents certain rights with respect to their children's education records.,Educational institutions must have written permission from parents or eligible students to release any information from a student's education record. They must also provide parents and eligible students the right to inspect and review the student's education records.,Civil Rights,federal,t,,,2025-03-06 16:03:58.571,2025-03-06 16:03:58.571,2026-03-06 16:03:58.571,,"",https://www2.ed.gov/policy/gen/guid/fpco/ferpa/index.html,U.S. Department of Education,"",Family Policy Compliance Office,"","","","",,"",,,"","",,,1,,2025-03-07 15:21:09.709673,,t,,,,"[{""type"": ""attestation"", ""status"": ""pending"", ""enabled"": true, ""required"": false}, {""type"": ""website_publish"", ""status"": ""pending"", ""enabled"": true, ""required"": false}, {""type"": ""community_communication"", ""status"": ""pending"", ""enabled"": true, ""required"": false}, {""type"": ""agency_submission"", ""status"": ""pending"", ""enabled"": true, ""required"": false}]","",,
4819,REG-1741278256766,"Equal Employment Opportunity in Apprenticeship and Training, Final Rule",Civil Rights,DOL-2024-001,"",This regulation aims to ensure equal employment opportunities in apprenticeship and training programs.,Educational institutions must comply with non-discrimination and equal opportunity requirements in their apprenticeship and training programs.,Civil Rights,federal,t,,,2025-03-06 16:24:16.766,2025-03-06 16:24:16.766,2026-03-06 16:24:16.766,,"",https://www.dol.gov/agencies/eta/apprenticeship,U.S. Department of Labor,"",Employment and Training Administration,"","","","",,"",,,"","",,,1,,2025-03-07 15:21:09.709673,,t,,,,"[{""type"": ""attestation"", ""status"": ""pending"", ""enabled"": true, ""required"": false}, {""type"": ""website_publish"", ""status"": ""pending"", ""enabled"": true, ""required"": false}, {""type"": ""community_communication"", ""status"": ""pending"", ""enabled"": true, ""required"": false}, {""type"": ""agency_submission"", ""status"": ""pending"", ""enabled"": true, ""required"": false}]","",,
4716,REG4219,Native American Graves Protection and Repatriation Act (NAGPRA),Research,25 U.S.C. 32,4220,"<li style=""list-style-type: none;"">

 	Requires federal agencies and institutions that receive federal funding to repatriate or transfer human remains, funerary objects, sacred objects, and objects of cultural patrimony to lineal descendants, Native American tribes and Native Hawaiian organizations.

 	Establishes procedures for the inadvertent discovery or planned excavation of Native American cultural items on federal or tribal lands.

 	Criminal enforcement codified at 18 U.S. Code § 1170.

Additional Information:
<li style=""list-style-type: none;"">

 	Requires federal agencies and institutions that receive federal funding to repatriate or transfer human remains, funerary objects, sacred objects, and objects of cultural patrimony to lineal descendants, Native American tribes and Native Hawaiian organizations.

 	Establishes procedures for the inadvertent discovery or planned excavation of Native American cultural items on federal or tribal lands.

 	Criminal enforcement codified at 18 U.S. Code § 1170.",No specific requirements provided,Research,federal,t,,,2025-03-06 14:30:44.058,,,,"",,,"","","","","","","","",,,"","",,,1,,2025-03-07 15:21:09.709673,,t,,,,"[{""type"": ""attestation"", ""status"": ""pending"", ""enabled"": true, ""required"": false}, {""type"": ""website_publish"", ""status"": ""pending"", ""enabled"": true, ""required"": false}, {""type"": ""community_communication"", ""status"": ""pending"", ""enabled"": true, ""required"": false}, {""type"": ""agency_submission"", ""status"": ""pending"", ""enabled"": true, ""required"": false}]","",,
4713,REG2038,Export Administration Regulations,Research,Export Administration Regulations,1696,"The Export Administration Regulations (EAR) govern export of goods and services on the Commerce Control List (CCL).

 	Most research done at universities should be exempt from the EAR as long as the institution has not accepted restrictions on publication of results and thus falls under the fundamental research exclusion. ""Fundamental research"" means basic and applied research in science and engineering, the results of which ordinarily are published and shared broadly within the scientific community. The exemption for fundamental research is codified at 15 C.F.R. § 734.8.

Additional Information:
The Export Administration Regulations (EAR) govern export of goods and services on the Commerce Control List (CCL).

 	Most research done at universities should be exempt from the EAR as long as the institution has not accepted restrictions on publication of results and thus falls under the fundamental research exclusion. ""Fundamental research"" means basic and applied research in science and engineering, the results of which ordinarily are published and shared broadly within the scientific community. The exemption for fundamental research is codified at 15 C.F.R. § 734.8.

Additional Information:
Institutions engaged in federally-funded biomedical, behavioral, clinical, or other research in which identifiable, sensitive information is collected must take certain measures to protect the privacy of the subjects of such research.

 	Among other requirements, institutions must have written policies and procedures for addressing allegations of research misconduct that meet the requirements of this part and must respond to each allegation of research misconduct for which the institution is responsible under this part in a thorough, competent, objective and fair manner.

Additional Information:
These regulations describe standards to be followed by Institutions that apply for or receive research funding from PHS Awarding Components, including the National Institutes of Health (NIH), for grants, cooperative agreements, and research contracts. The 2011 revised regulations were written to increase accountability, add transparency, enhance regulatory compliance and effective Institutional management of Investigators’ financial conflicts of interest, and strengthen NIH’s compliance oversight. The primary goal is to promote objectivity by establishing standards that provide a reasonable expectation that the design, conduct, and reporting of research funded under PHS grants, cooperative agreements and contracts will be free from bias resulting from Investigator financial conflicts of interest.","No specific requirements provided

Additional Requirements:
No specific requirements provided

Additional Requirements:
No specific requirements provided",Research,federal,t,,,2025-03-06 14:30:44.751,,,,"",,,"","","","","","","","",,,"","",,,1,,2025-03-07 15:21:09.709673,,t,,,,"[{""type"": ""attestation"", ""status"": ""pending"", ""enabled"": true, ""required"": false}, {""type"": ""website_publish"", ""status"": ""pending"", ""enabled"": true, ""required"": false}, {""type"": ""community_communication"", ""status"": ""pending"", ""enabled"": true, ""required"": false}, {""type"": ""agency_submission"", ""status"": ""pending"", ""enabled"": true, ""required"": false}]","",,
4717,REG2037,Protection of Human Subjects Regulations (Common Rule),Research,"","","Institutions must provide a written assurance application that they will comply with the Common Rule requirements. These requirements include written procedures for reporting to the institutional review board (IRB), institutional officials, and the department or agency head of unanticipated problems involving risks to subjects or serious or continuing non-compliance, and any suspension or termination of research.

 	Human subjects research must undergo review and be approved by the designated IRB.

 	With certain exceptions, investigators must obtain informed consent from any subject used for human subjects research. (Certain requirements regarding information that must be given to prospective subjects as part of the informed consent process take effect January 19, 2018.)

 	Effective January 19, 2020, U.S.-based institutions engaged in cooperative research must use a single IRB for that portion of the research that takes place within the U.S., with certain exceptions.","",Research,federal,t,,,2014-01-26 00:00:00,,,,"","",,"","","","","","","","",,,"","",,,1,,2025-03-07 15:21:09.709673,,t,,,,"[{""type"": ""attestation"", ""status"": ""pending"", ""enabled"": true, ""required"": false}, {""type"": ""website_publish"", ""status"": ""pending"", ""enabled"": true, ""required"": false}, {""type"": ""community_communication"", ""status"": ""pending"", ""enabled"": true, ""required"": false}, {""type"": ""agency_submission"", ""status"": ""pending"", ""enabled"": true, ""required"": false}]","",,
4718,REG2039,Public Health Service Policies on Research Misconduct,Research,42 U.S.C. § 241,1696,"Institutions engaged in federally-funded biomedical, behavioral, clinical, or other research in which identifiable, sensitive information is collected must take certain measures to protect the privacy of the subjects of such research.

 	Among other requirements, institutions must have written policies and procedures for addressing allegations of research misconduct that meet the requirements of this part and must respond to each allegation of research misconduct for which the institution is responsible under this part in a thorough, competent, objective and fair manner.","",Research,federal,t,,,2014-01-26 00:00:00,,,,"","",,"","","","","","","","",,,"","",,,1,,2025-03-07 15:21:09.709673,,t,,,,"[{""type"": ""attestation"", ""status"": ""pending"", ""enabled"": true, ""required"": false}, {""type"": ""website_publish"", ""status"": ""pending"", ""enabled"": true, ""required"": false}, {""type"": ""community_communication"", ""status"": ""pending"", ""enabled"": true, ""required"": false}, {""type"": ""agency_submission"", ""status"": ""pending"", ""enabled"": true, ""required"": false}]","",,
4719,REG3643,Responsibility of Applicants for Promoting Objectivity in Research for which PHS Funding is Sought,Research,"","","These regulations describe standards to be followed by Institutions that apply for or receive research funding from PHS Awarding Components, including the National Institutes of Health (NIH), for grants, cooperative agreements, and research contracts. The 2011 revised regulations were written to increase accountability, add transparency, enhance regulatory compliance and effective Institutional management of Investigators’ financial conflicts of interest, and strengthen NIH’s compliance oversight. The primary goal is to promote objectivity by establishing standards that provide a reasonable expectation that the design, conduct, and reporting of research funded under PHS grants, cooperative agreements and contracts will be free from bias resulting from Investigator financial conflicts of interest.","",Research,federal,t,,,2020-03-02 00:00:00,,,,"","",,"","","","","","","","",,,"","",,,1,,2025-03-07 15:21:09.709673,,t,,,,"[{""type"": ""attestation"", ""status"": ""pending"", ""enabled"": true, ""required"": false}, {""type"": ""website_publish"", ""status"": ""pending"", ""enabled"": true, ""required"": false}, {""type"": ""community_communication"", ""status"": ""pending"", ""enabled"": true, ""required"": false}, {""type"": ""agency_submission"", ""status"": ""pending"", ""enabled"": true, ""required"": false}]","",,
4720,REG1977,Small Unmanned Aircraft Systems,Research,"","","Institutions are permitted to use small unmanned aircraft systems (UAS) in the National Airspace System for purposes that include research and development and educational/academic uses, provided that the institution follows operation and certification requirements.
An uncertified person, such as a student, may manipulate the controls of a small UAS, provided that: (1) They are under the direct supervision of a certified remote pilot in command; and (2) the remote pilot in command is capable of taking over controls at any time during the flight.","",Research,federal,t,,,2017-03-21 00:00:00,,,,"","",,"","","","","","","","",,,"","",,,1,,2025-03-07 15:21:09.709673,,t,,,,"[{""type"": ""attestation"", ""status"": ""pending"", ""enabled"": true, ""required"": false}, {""type"": ""website_publish"", ""status"": ""pending"", ""enabled"": true, ""required"": false}, {""type"": ""community_communication"", ""status"": ""pending"", ""enabled"": true, ""required"": false}, {""type"": ""agency_submission"", ""status"": ""pending"", ""enabled"": true, ""required"": false}]","",,
4722,REG1925,Employee Annuities,Retirement,26 U.S.C. § 403,1648,"If an annuity contract is purchased by an employer for an employee under a plan which meets the requirements of section 404(a)(2) (whether or not the employer deducts the amounts paid for the contract under such section), the amount actually distributed to any distributee under the contract shall be taxable to the distributee (in the year in which so distributed) under section 72 (relating to annuities).",Reporting by the last day of 7th month after end of plan year. An automatic extension of up to 2 months may be obtained by filing,Human Resources,federal,t,,,2014-01-26 00:00:00,,,,Reporting by the last day of 7th month after end of plan year. An automatic extension of up to 2 months may be obtained by filing,https://www.dol.gov,Department of Labor,"","","","","","",Reporting by the last day of 7th month after end of plan year. An automatic extension of up to 2 months may be obtained by filing,"",,,"","",,,1,,2025-03-07 15:21:09.709673,,t,,,,"[{""type"": ""attestation"", ""status"": ""pending"", ""enabled"": true, ""required"": false}, {""type"": ""website_publish"", ""status"": ""pending"", ""enabled"": true, ""required"": false}, {""type"": ""community_communication"", ""status"": ""pending"", ""enabled"": true, ""required"": false}, {""type"": ""agency_submission"", ""status"": ""pending"", ""enabled"": true, ""required"": false}]","",,
4723,REG1926,Employee Retirement Income Security Act of 1974 (ERISA),Retirement,29 U.S.C. Chapter 18,1660,"Sets minimum standards for participation, vesting, benefit accrual and funding pension plans.

 	Requires employers to regularly provide participants with information about the plan including information about plan features and funding.

 	Requires accountability of plan fiduciaries and gives participants the right to sue for benefits and breaches of fiduciary duty.",The administrator of the University’s employee benefit plan must file,Human Resources,federal,t,,,2014-01-26 00:00:00,,,,The administrator of the University’s employee benefit plan must file,https://www.dol.gov,Department of Labor,"","","","","","",The administrator of the University’s employee benefit plan must file,"",,,"","",,,1,,2025-03-07 15:21:09.709673,,t,,,,"[{""type"": ""attestation"", ""status"": ""pending"", ""enabled"": true, ""required"": false}, {""type"": ""website_publish"", ""status"": ""pending"", ""enabled"": true, ""required"": false}, {""type"": ""community_communication"", ""status"": ""pending"", ""enabled"": true, ""required"": false}, {""type"": ""agency_submission"", ""status"": ""pending"", ""enabled"": true, ""required"": false}]","",,
4724,REG1927,Nonqualified Deferred Inclusion,Retirement,26 U.S.C. § 409A,1649,"If at any time during a taxable year a nonqualified deferred compensation plan (I) fails to meet the distribution, acceleration, and election requirements of 26 U.S.C. § 409A(a) paragraphs (2), (3), and (4), or (II) is not operated in accordance with such requirements, all compensation deferred under the plan for the taxable year and all preceding tax able years shall be includible in gross income for the taxable year to the extent not subject to a substantial risk of forfeiture and not previously included in gross income.",Reporting due by the last day of 7th month after end of plan year. An automatic extension of up to 2 months may be obtained by filing,Human Resources,federal,t,,,2014-01-26 00:00:00,,,,Reporting due by the last day of 7th month after end of plan year. An automatic extension of up to 2 months may be obtained by filing,https://www.dol.gov,Department of Labor,"","","","","","",Reporting due by the last day of 7th month after end of plan year. An automatic extension of up to 2 months may be obtained by filing,"",,,"","",,,1,,2025-03-07 15:21:09.709673,,t,,,,"[{""type"": ""attestation"", ""status"": ""pending"", ""enabled"": true, ""required"": false}, {""type"": ""website_publish"", ""status"": ""pending"", ""enabled"": true, ""required"": false}, {""type"": ""community_communication"", ""status"": ""pending"", ""enabled"": true, ""required"": false}, {""type"": ""agency_submission"", ""status"": ""pending"", ""enabled"": true, ""required"": false}]","",,
4809,REG-1741277043984,Occupational Safety and Health Act of 1970,Safety,29 U.S.C. 651 et seq.,"",The Occupational Safety and Health Act of 1970 is a federal law that ensures safe and healthful working conditions for employees.,Employers must provide a workplace free from recognized hazards that are causing or are likely to cause death or serious physical harm to employees. They must also comply with occupational safety and health standards set by the Occupational Safety and Health Administration (OSHA).,Campus Safety,federal,t,,,2025-03-06 16:04:03.984,2025-03-06 16:04:03.984,2026-03-06 16:04:03.984,,"",https://www.osha.gov/,Occupational Safety and Health Administration,"",Department of Labor,"","","","",,"",,,"","",,,1,,2025-03-07 15:21:09.709673,,t,,,,"[{""type"": ""attestation"", ""status"": ""pending"", ""enabled"": true, ""required"": false}, {""type"": ""website_publish"", ""status"": ""pending"", ""enabled"": true, ""required"": false}, {""type"": ""community_communication"", ""status"": ""pending"", ""enabled"": true, ""required"": false}, {""type"": ""agency_submission"", ""status"": ""pending"", ""enabled"": true, ""required"": false}]","",,
4820,REG-1741278258920,"Equal Employment Opportunity in Apprenticeship and Training, Final Rule",Civil Rights,DOL-2024-002,"",This regulation aims to ensure equal employment opportunities in apprenticeship and training programs.,"Educational institutions must comply with non-discrimination requirements, provide equal opportunities for all individuals, and maintain records of apprenticeship and training programs.",Civil Rights,federal,t,,,2025-03-06 16:24:18.92,2025-03-06 16:24:18.92,2026-03-06 16:24:18.92,,"",https://www.dol.gov/agencies/eta/apprenticeship,U.S. Department of Labor,"",Employment and Training Administration,"","","","",,"",,,"","",,,1,,2025-03-07 15:21:09.709673,,t,,,,"[{""type"": ""attestation"", ""status"": ""pending"", ""enabled"": true, ""required"": false}, {""type"": ""website_publish"", ""status"": ""pending"", ""enabled"": true, ""required"": false}, {""type"": ""community_communication"", ""status"": ""pending"", ""enabled"": true, ""required"": false}, {""type"": ""agency_submission"", ""status"": ""pending"", ""enabled"": true, ""required"": false}]","",,
4726,REG2040,Campus Sex Crimes Prevention Act (§ 1601 of the Victims of Trafficking and Violence Protection Act of 2000),Sexual Misconduct,Public Law No. 106-386 (Title VI),1753,"The Campus Sex Crimes Prevention Act requires sex offenders, who must register under state law, to provide notice of enrollment or employment at any institution of higher education (IHE) in that state where the offender resides, as well as notice of each change of enrollment or employment status at the IHE. In turn, this information will be made available by the state authorities to the local law enforcement agency that has jurisdiction where the IHE is located.",Institution must issue a statement advising the campus community on where information concerning registered sex offenders can be obtained. Notification may be accomplished by adding the statement to the Annual Security Report required by the Campus Security Act. Suggested deadline of October 1st of each year to coincide with the Annual Security Report.,Campus Safety,federal,t,,,2014-01-26 00:00:00,,,,Institution must issue a statement advising the campus community on where information concerning registered sex offenders can be obtained. Notification may be accomplished by adding the statement to the Annual Security Report required by the Campus Security Act. Suggested deadline of October 1st of each year to coincide with the Annual Security Report.,https://www.ed.gov,Department of Education,"","","","","","",Institution must issue a statement advising the campus community on where information concerning registered sex offenders can be obtained. Notification may be accomplished by adding the statement to the Annual Security Report required by the Campus Security Act. Suggested deadline of October 1st of each year to coincide with the Annual Security Report.,"",,,"","",,,1,,2025-03-07 15:21:09.709673,,t,,,,"[{""type"": ""attestation"", ""status"": ""pending"", ""enabled"": true, ""required"": false}, {""type"": ""website_publish"", ""status"": ""pending"", ""enabled"": true, ""required"": false}, {""type"": ""community_communication"", ""status"": ""pending"", ""enabled"": true, ""required"": false}, {""type"": ""agency_submission"", ""status"": ""pending"", ""enabled"": true, ""required"": false}]","",,
4728,REG2042,Title IX of the Education Amendment of 1972,Sexual Misconduct,20 U.S.C. §§ 1681-1688,1633,"Prohibits discrimination on the basis of sex in education programs or activities receiving federal financial assistance including employment.

 	Title IX protects students from sexual harassment in educational programs or activities operated by recipients of federal funding. The protection against sexual harassment derives from the general prohibitions against sex discrimination contained in the Title IX common rule.

 	ED regulations define sexual harassment, including sexual assault, as unlawful sex discrimination and set forth obligations colleges and universities must meet when responding to reports of sexual harassment.

 	Any grievance records relating to a Title IX violation or complaint must be retained for the period of time cited in state law for personal injury actions. Under ED regulations governing sexual harassment, grievance records relating to a Title IX violation or complaint must be retained for seven years.

 	<li style=""list-style-type: none;"">","",Academic Programs,federal,t,,,2021-08-14 00:00:00,,,,"",https://www.ed.gov,Department of Education,"","","","","","","","",,,"","",,,1,,2025-03-07 15:21:09.709673,,t,,,,"[{""type"": ""attestation"", ""status"": ""pending"", ""enabled"": true, ""required"": false}, {""type"": ""website_publish"", ""status"": ""pending"", ""enabled"": true, ""required"": false}, {""type"": ""community_communication"", ""status"": ""pending"", ""enabled"": true, ""required"": false}, {""type"": ""agency_submission"", ""status"": ""pending"", ""enabled"": true, ""required"": false}]","",,
4729,REG2043,Title VII of the Civil Rights Act of 1964,Sexual Misconduct,42 U.S.C. §§ 2000e-2000e-17,1706,"Title VII prohibits discrimination in hiring, firing, training, promotion, discipline, or other workplace decisions on the basis of an employee or applicant's race, color, sex, national origin, or religion.

 	Sexual harassment is also prohibited under this law.","",Campus Safety,federal,t,,,2014-01-26 00:00:00,,,,"",https://www.ed.gov,Department of Education,"","","","","","","","",,,"","",,,1,,2025-03-07 15:21:09.709673,,t,,,,"[{""type"": ""attestation"", ""status"": ""pending"", ""enabled"": true, ""required"": false}, {""type"": ""website_publish"", ""status"": ""pending"", ""enabled"": true, ""required"": false}, {""type"": ""community_communication"", ""status"": ""pending"", ""enabled"": true, ""required"": false}, {""type"": ""agency_submission"", ""status"": ""pending"", ""enabled"": true, ""required"": false}]","",,
4762,REG-1741205639642,Regulation ID TEST-123,Data Privacy and Protection,DPA 2023 §5301,"","Regulation ID TEST-123 establishes stringent guidelines for the collection, storage, and management of personal data by organizations to enhance privacy protection. It mandates comprehensive data management practices and imposes penalties for non-compliance, aiming to safeguard individuals' privacy rights.","{""Organizations must obtain explicit consent from individuals before collecting personal data."",""Data must be encrypted during transmission and storage."",""A data protection officer must be appointed if the organization processes large volumes of sensitive data."",""Regular audits must be conducted to ensure compliance with the regulation.""}",Data Protection,federal,t,,,2025-03-05 20:13:59.642,2025-03-05 20:13:59.642,2026-03-05 20:13:59.642,,"",https://www.dataprotectionagency.gov,Data Protection Agency,"",Department of Data Security,"","","","",,"",,,"","",,,1,,2025-03-07 15:21:09.709673,,t,,,,"[{""type"": ""attestation"", ""status"": ""pending"", ""enabled"": true, ""required"": false}, {""type"": ""website_publish"", ""status"": ""pending"", ""enabled"": true, ""required"": false}, {""type"": ""community_communication"", ""status"": ""pending"", ""enabled"": true, ""required"": false}, {""type"": ""agency_submission"", ""status"": ""pending"", ""enabled"": true, ""required"": false}]","",,
4730,REG1958,Byrd Amendment,Tax,31 U.S.C. § 1352,1675,"Requires disclosure of lobbying activities when receiving federal contracts, grants, loans or cooperative agreements.","Requires certification and disclosure with each submission for consideration of a federal contract, grant or cooperative agreement exceeding $100,000 or an award of a federal loan or commitment providing for the U.S. to insure or guarantee a loan exceeding $150,000.

Federal contractors, grantees and those receiving federal loans and cooperative agreements must also report lobbying expenditures from non-federal sources which they used to obtain such federal program monies or contracts.",Finance,federal,t,,,2014-01-26 00:00:00,,,,"Requires certification and disclosure with each submission for consideration of a federal contract, grant or cooperative agreement exceeding $100,000 or an award of a federal loan or commitment providing for the U.S. to insure or guarantee a loan exceeding $150,000.

Federal contractors, grantees and those receiving federal loans and cooperative agreements must also report lobbying expenditures from non-federal sources which they used to obtain such federal program monies or contracts.","",,"","","","","","","Requires certification and disclosure with each submission for consideration of a federal contract, grant or cooperative agreement exceeding $100,000 or an award of a federal loan or commitment providing for the U.S. to insure or guarantee a loan exceeding $150,000.

Federal contractors, grantees and those receiving federal loans and cooperative agreements must also report lobbying expenditures from non-federal sources which they used to obtain such federal program monies or contracts.","",,,"","",,,1,,2025-03-07 15:21:09.709673,,t,,,,"[{""type"": ""attestation"", ""status"": ""pending"", ""enabled"": true, ""required"": false}, {""type"": ""website_publish"", ""status"": ""pending"", ""enabled"": true, ""required"": false}, {""type"": ""community_communication"", ""status"": ""pending"", ""enabled"": true, ""required"": false}, {""type"": ""agency_submission"", ""status"": ""pending"", ""enabled"": true, ""required"": false}]","",,
4732,REG2044,Charitable Gift Annuity Antitrust Relief Act,Tax,15 U.S.C. § 37,"1586,1741",Exempts IRC § 501(c)(3) organizations from liability under federal antitrust laws for using or agreeing to use uniform rates in issuing gift annuities.,"",Finance,federal,t,,,2014-01-26 00:00:00,,,,"","",,"","","","","","","","",,,"","",,,1,,2025-03-07 15:21:09.709673,,t,,,,"[{""type"": ""attestation"", ""status"": ""pending"", ""enabled"": true, ""required"": false}, {""type"": ""website_publish"", ""status"": ""pending"", ""enabled"": true, ""required"": false}, {""type"": ""community_communication"", ""status"": ""pending"", ""enabled"": true, ""required"": false}, {""type"": ""agency_submission"", ""status"": ""pending"", ""enabled"": true, ""required"": false}]","",,
4733,REG1960,Deferred Compensation,Tax,"","","Any amount of compensation deferred under an eligible deferred compensation plan, and any income attributable to the amounts so deferred, shall be includible in gross income only for the taxable year in which such compensation or other income.",Reporting due by the Administrator by the last day of 7th month after end of plan year. An automatic extension of up to 2 months may be obtained by filing Form 5558 with the IRS before the return/report’s regular due date.,Finance,federal,t,,,2014-01-26 00:00:00,,,,Reporting due by the Administrator by the last day of 7th month after end of plan year. An automatic extension of up to 2 months may be obtained by filing Form 5558 with the IRS before the return/report’s regular due date.,"",,"","","","","","",Reporting due by the Administrator by the last day of 7th month after end of plan year. An automatic extension of up to 2 months may be obtained by filing Form 5558 with the IRS before the return/report’s regular due date.,"",,,"","",,,1,,2025-03-07 15:21:09.709673,,t,,,,"[{""type"": ""attestation"", ""status"": ""pending"", ""enabled"": true, ""required"": false}, {""type"": ""website_publish"", ""status"": ""pending"", ""enabled"": true, ""required"": false}, {""type"": ""community_communication"", ""status"": ""pending"", ""enabled"": true, ""required"": false}, {""type"": ""agency_submission"", ""status"": ""pending"", ""enabled"": true, ""required"": false}]","",,
4734,REG1961,Employee Annuities,Tax,26 U.S.C. § 403,1648,"If an annuity contract is purchased by an employer for an employee under a plan which meets the requirements of section 404(a)(2) (whether or not the employer deducts the amounts paid for the contract under such section), the amount actually distributed to any distributee under the contract shall be taxable to the distributee (in the year in which so distributed) under section 72 (relating to annuities).",Reporting due by the Administrator by the last day of 7th month after end of plan year. An automatic extension of up to 2 months may be obtained by filing Form 5558 with the IRS before the return/report’s regular due date.,Finance,federal,t,,,2014-01-26 00:00:00,,,,Reporting due by the Administrator by the last day of 7th month after end of plan year. An automatic extension of up to 2 months may be obtained by filing Form 5558 with the IRS before the return/report’s regular due date.,"",,"","","","","","",Reporting due by the Administrator by the last day of 7th month after end of plan year. An automatic extension of up to 2 months may be obtained by filing Form 5558 with the IRS before the return/report’s regular due date.,"",,,"","",,,1,,2025-03-07 15:21:09.709673,,t,,,,"[{""type"": ""attestation"", ""status"": ""pending"", ""enabled"": true, ""required"": false}, {""type"": ""website_publish"", ""status"": ""pending"", ""enabled"": true, ""required"": false}, {""type"": ""community_communication"", ""status"": ""pending"", ""enabled"": true, ""required"": false}, {""type"": ""agency_submission"", ""status"": ""pending"", ""enabled"": true, ""required"": false}]","",,
4735,REG1962,Federal Unemployment Tax Act,Tax,26 U.S.C. §§ 3301-3311,1656,"Provides for payments of unemployment compensation to workers who have lost their jobs.

 	If your FUTA tax is more than $500 for the calendar year, you must deposit at least one quarterly payment.  If not, alternate rules apply.","",Finance,federal,t,,,2014-01-26 00:00:00,,,,"",https://www.dol.gov,Department of Labor,"","","","","","","","",,,"","",,,1,,2025-03-07 15:21:09.709673,,t,,,,"[{""type"": ""attestation"", ""status"": ""pending"", ""enabled"": true, ""required"": false}, {""type"": ""website_publish"", ""status"": ""pending"", ""enabled"": true, ""required"": false}, {""type"": ""community_communication"", ""status"": ""pending"", ""enabled"": true, ""required"": false}, {""type"": ""agency_submission"", ""status"": ""pending"", ""enabled"": true, ""required"": false}]","",,
4737,REG1963,Fringe Benefits,Tax,26 U.S.C. § 132,1645,"Any property or service (or cash under certain circumstances) provided to an employee in addition to or in lieu of regular wages will be a taxable fringe benefit to the employee, unless specifically excluded by statute.

 	Any fringe benefit is taxable and must be included in the recipient's pay unless the law specifically excludes it.

 	Must report the actual value on Forms 941 (or Form 944) and W-2.

 	The employer can use a separate Form W-2 for fringe benefits and any other benefit information.",The actual value of fringe benefits provided during a calendar year (or other period as explained under,Finance,federal,t,,,2014-01-26 00:00:00,,,,The actual value of fringe benefits provided during a calendar year (or other period as explained under,"",,"","","","","","",The actual value of fringe benefits provided during a calendar year (or other period as explained under,"",,,"","",,,1,,2025-03-07 15:21:09.709673,,t,,,,"[{""type"": ""attestation"", ""status"": ""pending"", ""enabled"": true, ""required"": false}, {""type"": ""website_publish"", ""status"": ""pending"", ""enabled"": true, ""required"": false}, {""type"": ""community_communication"", ""status"": ""pending"", ""enabled"": true, ""required"": false}, {""type"": ""agency_submission"", ""status"": ""pending"", ""enabled"": true, ""required"": false}]","",,
4738,REG1964,Independent Contractors,Tax,"","","If an employee is mistakenly classified as an independent contractor and the employer has no reasonable basis for doing so, the employer may be held liable for employment taxes for that worker.

 	In order to qualify as independent contractors, the individual would need to meet the Internal Revenue Service (IRS) requirements. The IRS regulatory definition of employee"" is set forth in 26 C.F.R. § 31.3401 (c) -1(b).

 	The Fair Labor Standards Act utilizes a totality-of-the-circumstances analysis of the economic reality test in which the factors do not have a predetermined weight and are considered in view of the economic reality of the whole activity. There are six non-exclusive factors to be considered: (1) the opportunity for profit or loss depending on managerial skill, (2) investments by the worker and the potential employer, (3) the degree of permanence of the work relationships, (4) the nature and degree of the employer’s control, (5) the extent to which the work performed is an integral part of the employer’s business, and (6) the extent and nature of the worker’s skill and initiative.","Form 1099-MISC must be filed with the IRS if the employer makes payments to independent contractors in the amount of $600 or more during the year.

A copy of same must be provided to the independent contractor by January 31 of the following year.",Finance,federal,t,,,2014-01-26 00:00:00,,,,"Form 1099-MISC must be filed with the IRS if the employer makes payments to independent contractors in the amount of $600 or more during the year.

A copy of same must be provided to the independent contractor by January 31 of the following year.","",,"","","","","","","Form 1099-MISC must be filed with the IRS if the employer makes payments to independent contractors in the amount of $600 or more during the year.

A copy of same must be provided to the independent contractor by January 31 of the following year.","",,,"","",,,1,,2025-03-07 15:21:09.709673,,t,,,,"[{""type"": ""attestation"", ""status"": ""pending"", ""enabled"": true, ""required"": false}, {""type"": ""website_publish"", ""status"": ""pending"", ""enabled"": true, ""required"": false}, {""type"": ""community_communication"", ""status"": ""pending"", ""enabled"": true, ""required"": false}, {""type"": ""agency_submission"", ""status"": ""pending"", ""enabled"": true, ""required"": false}]","",,
4739,REG1965,Industrial Alcohol User Permits and Special Tax,Tax,26 U.S.C. §§ 5001-5692,1657,"Institutions that procure, use, sell, and/or recover denatured distilled spirits for industrial purposes are required to obtain a permit from the ATF and pay an occupational tax of $250 per year.

 	However, a scientific university, college of learning, or institution of scientific research which holds a permit to procure and use specially denatured spirits is exempt from payment of the tax if: (i) The institution procures less than 25 gallons of specially denatured spirits per calendar year; and (ii) such spirits are procured for use exclusively for experimental or research use and not for consumption or sale.","Unless otherwise exempt, the last day for payment of such tax shall be the 14th day after the end of the semimonthly period.",Finance,federal,t,,,2014-01-26 00:00:00,,,,"Unless otherwise exempt, the last day for payment of such tax shall be the 14th day after the end of the semimonthly period.","",,"","","","","","","Unless otherwise exempt, the last day for payment of such tax shall be the 14th day after the end of the semimonthly period.","",,,"","",,,1,,2025-03-07 15:21:09.709673,,t,,,,"[{""type"": ""attestation"", ""status"": ""pending"", ""enabled"": true, ""required"": false}, {""type"": ""website_publish"", ""status"": ""pending"", ""enabled"": true, ""required"": false}, {""type"": ""community_communication"", ""status"": ""pending"", ""enabled"": true, ""required"": false}, {""type"": ""agency_submission"", ""status"": ""pending"", ""enabled"": true, ""required"": false}]","",,
4740,REG1966,Nonqualified Deferred Inclusion,Tax,26 U.S.C. § 409A,1649,"If at any time during a taxable year a nonqualified deferred compensation plan I) fails to meet the requirements of paragraphs (2), (3), and (4), or (II) is not operated in accordance with such requirements, all compensation deferred under the plan for the taxable year and all preceding taxable years shall be includible in gross income for the taxable year to the extent not subject to a substantial risk of forfeiture and not previously included in gross income.",Reporting due by the last day of 7th month after end of plan year. An automatic extension of up to 2 months may be obtained by filing Form 5558 with the IRS before the return/report’s regular due date.,Finance,federal,t,,,2014-01-26 00:00:00,,,,Reporting due by the last day of 7th month after end of plan year. An automatic extension of up to 2 months may be obtained by filing Form 5558 with the IRS before the return/report’s regular due date.,"",,"","","","","","",Reporting due by the last day of 7th month after end of plan year. An automatic extension of up to 2 months may be obtained by filing Form 5558 with the IRS before the return/report’s regular due date.,"",,,"","",,,1,,2025-03-07 15:21:09.709673,,t,,,,"[{""type"": ""attestation"", ""status"": ""pending"", ""enabled"": true, ""required"": false}, {""type"": ""website_publish"", ""status"": ""pending"", ""enabled"": true, ""required"": false}, {""type"": ""community_communication"", ""status"": ""pending"", ""enabled"": true, ""required"": false}, {""type"": ""agency_submission"", ""status"": ""pending"", ""enabled"": true, ""required"": false}]","",,
4741,REG1967,Public Disclosure of Material,Tax,26 U.S.C. § 6104(d),1654,"The documents that must be made available to the public are: copies of the application for tax exemption (for those organizations which filed before July 15, 1987, this requirement only applies if the organization has a copy of the application on July 15, 1987); and copies of the organization's three most recent annual information returns.

 	Each annual information return must be made available for a period of three years beginning on the date the return is required to be filed, or on the date it is actually filed, whichever is later.

 	Generally, the annual return information includes Forms 990, 990-EZ, 990-BL, and Form 1065, as well as all schedules and attachments filed with the IRS.

 	The tax-exempt organization does not have to identify the names and addresses of the contributors to the organization.

 	For those tax returns filed after August 17, 2006, Form 990-T must also be made available.","",Finance,federal,t,,,2014-01-26 00:00:00,,,,"","",,"","","","","","","","",,,"","",,,1,,2025-03-07 15:21:09.709673,,t,,,,"[{""type"": ""attestation"", ""status"": ""pending"", ""enabled"": true, ""required"": false}, {""type"": ""website_publish"", ""status"": ""pending"", ""enabled"": true, ""required"": false}, {""type"": ""community_communication"", ""status"": ""pending"", ""enabled"": true, ""required"": false}, {""type"": ""agency_submission"", ""status"": ""pending"", ""enabled"": true, ""required"": false}]","",,
4748,REG1931,National Labor Relations Act,Unions,"","","It is an unfair labor practice for the University to: 1) Interfere with, restrain, or coerce employees in the exercise of their rights; 2) dominate or interfere with the formation or administration of any labor organization; 3) discriminate in any term or condition of employment; 4) encourage or discourage membership in any labor organization; or 5) refuse to bargain collectively with a labor organization's representatives.","",Human Resources,federal,t,,,2014-01-26 00:00:00,,,,"",https://www.dol.gov,Department of Labor,"","","","","","","","",,,"","",,,1,,2025-03-07 15:21:09.709673,,t,,,,"[{""type"": ""attestation"", ""status"": ""pending"", ""enabled"": true, ""required"": false}, {""type"": ""website_publish"", ""status"": ""pending"", ""enabled"": true, ""required"": false}, {""type"": ""community_communication"", ""status"": ""pending"", ""enabled"": true, ""required"": false}, {""type"": ""agency_submission"", ""status"": ""pending"", ""enabled"": true, ""required"": false}]","",,
4742,REG1968,Qualified Pensions,Tax,26 U.S.C. § 401,1647,"A trust created or organized in the United States and forming part of a stock bonus, pension, or profit-sharing plan of an employer for the exclusive benefit of his employees or their beneficiaries shall constitute a qualified trust.",Reporting due by the last day of 7th month after end of plan year. An automatic extension of up to 2 months may be obtained by filing Form 5558 with the IRS before the report’s regular due date.,Finance,federal,t,,,2014-01-26 00:00:00,,,,Reporting due by the last day of 7th month after end of plan year. An automatic extension of up to 2 months may be obtained by filing Form 5558 with the IRS before the report’s regular due date.,"",,"","","","","","",Reporting due by the last day of 7th month after end of plan year. An automatic extension of up to 2 months may be obtained by filing Form 5558 with the IRS before the report’s regular due date.,"",,,"","",,,1,,2025-03-07 15:21:09.709673,,t,,,,"[{""type"": ""attestation"", ""status"": ""pending"", ""enabled"": true, ""required"": false}, {""type"": ""website_publish"", ""status"": ""pending"", ""enabled"": true, ""required"": false}, {""type"": ""community_communication"", ""status"": ""pending"", ""enabled"": true, ""required"": false}, {""type"": ""agency_submission"", ""status"": ""pending"", ""enabled"": true, ""required"": false}]","",,
4743,REG2045,Qualified Tuition and Student Loan Interest Reporting,Tax,26 U.S.C. Sec. 6050S,1658,"Institutions must report (1) qualified tuition and related expenses and (2) student loan interest to the IRS.

 	Institutions must also provide payors with a statement that includes the tax information furnished to the IRS.","Institutions must complete Form 1098-T (qualified tuition payments) and Form 1098-E (student loan interest payments), both of which must be filed with the IRS on or before February 28th, or March 31st if filed electronically.

The required statement to all persons who made qualified tuition or student loan interest payments must be sent to the payor on or before January 31st of the year following the calendar year in which payments were received or amounts were billed for qualified tuition and related expenses, or in which the student loan interest payments were received. The statement may simply be a copy of Form 1098-T or Form 1098-E, respectively.

Institutions must certify that they have met the regulatory requirements for soliciting student taxpayer identification numbers (TINs) at least once during the year.",Finance,federal,t,,,2014-01-26 00:00:00,,,,"Institutions must complete Form 1098-T (qualified tuition payments) and Form 1098-E (student loan interest payments), both of which must be filed with the IRS on or before February 28th, or March 31st if filed electronically.

The required statement to all persons who made qualified tuition or student loan interest payments must be sent to the payor on or before January 31st of the year following the calendar year in which payments were received or amounts were billed for qualified tuition and related expenses, or in which the student loan interest payments were received. The statement may simply be a copy of Form 1098-T or Form 1098-E, respectively.

Institutions must certify that they have met the regulatory requirements for soliciting student taxpayer identification numbers (TINs) at least once during the year.","",,"","","","","","","Institutions must complete Form 1098-T (qualified tuition payments) and Form 1098-E (student loan interest payments), both of which must be filed with the IRS on or before February 28th, or March 31st if filed electronically.

The required statement to all persons who made qualified tuition or student loan interest payments must be sent to the payor on or before January 31st of the year following the calendar year in which payments were received or amounts were billed for qualified tuition and related expenses, or in which the student loan interest payments were received. The statement may simply be a copy of Form 1098-T or Form 1098-E, respectively.

Institutions must certify that they have met the regulatory requirements for soliciting student taxpayer identification numbers (TINs) at least once during the year.","",,,"","",,,1,,2025-03-07 15:21:09.709673,,t,,,,"[{""type"": ""attestation"", ""status"": ""pending"", ""enabled"": true, ""required"": false}, {""type"": ""website_publish"", ""status"": ""pending"", ""enabled"": true, ""required"": false}, {""type"": ""community_communication"", ""status"": ""pending"", ""enabled"": true, ""required"": false}, {""type"": ""agency_submission"", ""status"": ""pending"", ""enabled"": true, ""required"": false}]","",,
4744,REG1969,Reporting of Payments of Royalties,Tax,20 U.S.C. § 6041,"1626,1652","Those who make payments to attorneys aggregating $600 or more per calendar year in connection with legal services must file an information return for such payments.

 	This requirement applies whether or not the services were performed for the payor, so for example, if the university was a defendant in a lawsuit, and was required to pay attorney's fees, this rule would apply.

 	The filer must also provide to the attorney a written statement of the information required to be included on the return.

 	Note that employers must report entire settlement amounts, including the amount paid to the attorneys, as income to the plaintiff, and also prepare a Form 1099 reporting the amount paid to the attorneys as income to the attorneys.","Annual reporting is required for payments:


Of $400 or more made for non-payroll purposes;
Of $10 or more made for royalties; and
Made to attorneys not performing services under a contract with the university.

Reporting is done on Form 1099-MISC. Deadline to payment recipients is January 31st. Deadline for reporting to the IRS is February 28th.",Finance,federal,t,,,2014-01-26 00:00:00,,,,"Annual reporting is required for payments:


Of $400 or more made for non-payroll purposes;
Of $10 or more made for royalties; and
Made to attorneys not performing services under a contract with the university.

Reporting is done on Form 1099-MISC. Deadline to payment recipients is January 31st. Deadline for reporting to the IRS is February 28th.","",,"","","","","","","Annual reporting is required for payments:


Of $400 or more made for non-payroll purposes;
Of $10 or more made for royalties; and
Made to attorneys not performing services under a contract with the university.

Reporting is done on Form 1099-MISC. Deadline to payment recipients is January 31st. Deadline for reporting to the IRS is February 28th.","",,,"","",,,1,,2025-03-07 15:21:09.709673,,t,,,,"[{""type"": ""attestation"", ""status"": ""pending"", ""enabled"": true, ""required"": false}, {""type"": ""website_publish"", ""status"": ""pending"", ""enabled"": true, ""required"": false}, {""type"": ""community_communication"", ""status"": ""pending"", ""enabled"": true, ""required"": false}, {""type"": ""agency_submission"", ""status"": ""pending"", ""enabled"": true, ""required"": false}]","",,
4745,REG1970,Small Business Job Protection Act,Tax,"","","Minimum distributions from tax-qualified retirement plans will not be required for workers over age 70.
Benefits for those workers still working after age 70 must be actuarially adjusted for those who are participating in defined benefit plans.","Under the new rule, which commenced in 1997, distributions will not need to be made until April 1 of the year following the later of the year the employee attains age 70, or the year the employee retires.

Five-percent owners and IRA holders are still subject to the minimum distribution rule, that is, they will need to start receiving distributions by April 1 of the year following attaining age 70 even if they are still working.",Finance,federal,t,,,2014-01-26 00:00:00,,,,"Under the new rule, which commenced in 1997, distributions will not need to be made until April 1 of the year following the later of the year the employee attains age 70, or the year the employee retires.

Five-percent owners and IRA holders are still subject to the minimum distribution rule, that is, they will need to start receiving distributions by April 1 of the year following attaining age 70 even if they are still working.","",,"","","","","","","Under the new rule, which commenced in 1997, distributions will not need to be made until April 1 of the year following the later of the year the employee attains age 70, or the year the employee retires.

Five-percent owners and IRA holders are still subject to the minimum distribution rule, that is, they will need to start receiving distributions by April 1 of the year following attaining age 70 even if they are still working.","",,,"","",,,1,,2025-03-07 15:21:09.709673,,t,,,,"[{""type"": ""attestation"", ""status"": ""pending"", ""enabled"": true, ""required"": false}, {""type"": ""website_publish"", ""status"": ""pending"", ""enabled"": true, ""required"": false}, {""type"": ""community_communication"", ""status"": ""pending"", ""enabled"": true, ""required"": false}, {""type"": ""agency_submission"", ""status"": ""pending"", ""enabled"": true, ""required"": false}]","",,
4749,REG1932,"Consumer Credit Protection Act, Title III (CCPA) – Garnishments",Wages,15 U.S.C. § 1673,1582,"Per Title III of the CCPA the maximum part of an employee's total disposable earnings subject to garnishment in any workweek may not exceed the lesser of 25% of disposable earnings for that week or the amount by which disposable earnings for that week exceeds 30 times the federal minimum wage rate in effect at the time the earnings are payable. 1674 prohibits firing an employee because of garnishment and imposes a $1,000 fine for doing so.","",Finance,federal,t,,,2014-01-26 00:00:00,,,,"",https://www.dol.gov,Department of Labor,"","","","","","","","",,,"","",,,1,,2025-03-07 15:21:09.709673,,t,,,,"[{""type"": ""attestation"", ""status"": ""pending"", ""enabled"": true, ""required"": false}, {""type"": ""website_publish"", ""status"": ""pending"", ""enabled"": true, ""required"": false}, {""type"": ""community_communication"", ""status"": ""pending"", ""enabled"": true, ""required"": false}, {""type"": ""agency_submission"", ""status"": ""pending"", ""enabled"": true, ""required"": false}]","",,
4750,REG2013,Fair Labor Standards Act (FLSA),Wages,29 U.S.C. §§ 201-219,1670,"Establishes minimum wage.

 	Guarantees time and a half overtime for some employees.

 	Establishes requirements for break time and places for nursing mothers.

 	The University must preserve for 3 years:



 	<li style=""list-style-type: none;"">

 	All payroll records or other records containing employee data from the last date of entry

 	From their last effective date collective bargaining agreements and amendments, plans, trusts, employment and individual contracts, written agreements or memoranda summarizing the terms of oral agreements, and certificates and notices






 	The University must preserve for two years:



 	<li style=""list-style-type: none;"">

 	Basic employment and earnings records

 	Wage rate tables

 	Records of additions to or additions to or deductions from wages paid

 	All records used in determining original, operating and maintenance costs, and depreciation and interest charges","",Finance,federal,t,,,2014-01-26 00:00:00,,,,"",https://www.dol.gov,Department of Labor,"","","","","","","","",,,"","",,,1,,2025-03-07 15:21:09.709673,,t,,,,"[{""type"": ""attestation"", ""status"": ""pending"", ""enabled"": true, ""required"": false}, {""type"": ""website_publish"", ""status"": ""pending"", ""enabled"": true, ""required"": false}, {""type"": ""community_communication"", ""status"": ""pending"", ""enabled"": true, ""required"": false}, {""type"": ""agency_submission"", ""status"": ""pending"", ""enabled"": true, ""required"": false}]","",,
4460,REG1786,Americans with Disabilities Act of 1990,Academic Programs,42 U.S.C. §§ 12101-12213,1701,"Provides broad nondiscrimination protection in employment, public services, and public accommodations (including colleges and universities) for individuals with disabilities.

 	Requires reasonable accommodations (e.g., a modification or adjustment to the status quo inherent in the program or activity) to allow a qualified person with a disability to participate fully in the educational or academic programs and activities of the university.

 	Enforced by multiple federal agencies, including the U.S. Department of Justice, U.S. Department of Labor, U.S. Department of Education, and the U.S. Equal Employment Opportunity Commission.

Additional Information:
Provides broad nondiscrimination protection in employment, public services, and public accommodations (including colleges and universities) for individuals with disabilities.

 	Requires reasonable accommodations (e.g., a modification or adjustment to the status quo inherent in the program or activity) to allow a qualified person with a disability to participate fully in the educational or academic programs and activities of the university.

 	Enforced by multiple federal agencies, including the U.S. Department of Justice, U.S. Department of Labor, U.S. Department of Education, and the U.S. Equal Employment Opportunity Commission.",No specific requirements provided,Academic Programs,federal,t,,,2025-03-06 14:29:45.802,,,,"",https://www.ed.gov,Department of Education,"","","","","","","","",,,"","",,,1,,2025-03-07 15:21:09.709673,,t,,,,"[{""type"": ""attestation"", ""status"": ""pending"", ""enabled"": true, ""required"": false}, {""type"": ""website_publish"", ""status"": ""pending"", ""enabled"": true, ""required"": false}, {""type"": ""community_communication"", ""status"": ""pending"", ""enabled"": true, ""required"": false}, {""type"": ""agency_submission"", ""status"": ""pending"", ""enabled"": true, ""required"": false}]","",,
4467,REG2051,Teacher Preparation Programs,"Academic Programs,Financial Aid",20 U.S.C. §§ 1022 - 1022h,1630,"Provides that an institution with a teacher preparation program must report, among other things:
(1) whether it satisfied its annual goal for increasing the number of teachers in areas of shortage;
(2) the steps the institution is taking to improve its performance on these goals;
(3) program information, including admissions criteria and information related to supervised clinical experience;
(4) pass rates, including the percentage of students who have finished all nonclinical coursework and passed the state teacher licensing exam, the average score for all students who took the state teacher licensing exam, and a comparison between the pass rates of the institution and the state;
(7) a statement on the program's accreditation approval;
(8) whether the program has been designated low-performing by the state;
(9) a description of the activities undertaken to assist teachers with integrating technology into curricula and instruction; and
(10) a description of the activities undertaken to prepare teachers to teach students with disabilities effectively.

 	On an annual basis, the institution must report on the quality of teacher preparation and other information using the institutional report card prescribed by the Department of Education. The report card must also be posted on the institution's web site.

Additional Information:
Provides that an institution with a teacher preparation program must report, among other things:
(1) whether it satisfied its annual goal for increasing the number of teachers in areas of shortage;
(2) the steps the institution is taking to improve its performance on these goals;
(3) program information, including admissions criteria and information related to supervised clinical experience;
(4) pass rates, including the percentage of students who have finished all nonclinical coursework and passed the state teacher licensing exam, the average score for all students who took the state teacher licensing exam, and a comparison between the pass rates of the institution and the state;
(7) a statement on the program's accreditation approval;
(8) whether the program has been designated low-performing by the state;
(9) a description of the activities undertaken to assist teachers with integrating technology into curricula and instruction; and
(10) a description of the activities undertaken to prepare teachers to teach students with disabilities effectively.

 	On an annual basis, the institution must report on the quality of teacher preparation and other information using the institutional report card prescribed by the Department of Education. The report card must also be posted on the institution's web site.","An institution must submit its report to the state by April 30.

By October 31, states must submit their annual reports to the Department of Education.

Additional Requirements:
An institution must submit its report to the state by April 30.

By October 31, states must submit their annual reports to the Department of Education.",Academic Programs,federal,t,,,2025-03-06 14:29:47.841,,,,"An institution must submit its report to the state by April 30.

By October 31, states must submit their annual reports to the Department of Education.",https://www.ed.gov,Department of Education,"","","","","","","An institution must submit its report to the state by April 30.

By October 31, states must submit their annual reports to the Department of Education.","",,,"","",,,1,,2025-03-07 15:21:09.709673,,t,,,,"[{""type"": ""attestation"", ""status"": ""pending"", ""enabled"": true, ""required"": false}, {""type"": ""website_publish"", ""status"": ""pending"", ""enabled"": true, ""required"": false}, {""type"": ""community_communication"", ""status"": ""pending"", ""enabled"": true, ""required"": false}, {""type"": ""agency_submission"", ""status"": ""pending"", ""enabled"": true, ""required"": false}]","",,
4468,REG1792,Bankruptcy Abuse Prevention & Consumer Protection Act of 2005,Accounting,11 U.S.C. §§ 101-1532,"1579,1762","Prohibits the discharge of most student loans in bankruptcy, when the loans were obtained from the government or non-profit higher educational institutions.

 	There is an exception for undue hardship and for loans that became due more than seven years before the filing of the petition.

Additional Information:
Prohibits the discharge of most student loans in bankruptcy, when the loans were obtained from the government or non-profit higher educational institutions.

 	There is an exception for undue hardship and for loans that became due more than seven years before the filing of the petition.

Additional Information:
Requires employers to advise applicants if employment was denied based on a credit report.

 	Employers, before obtaining a consumer report (including criminal background checks), must disclose in writing to the applicant or employee that it may obtain a consumer report for employment purposes, and secondly, secure the written consent of the applicant or employee.

 	When using a third-party consumer reporting agency to request motor vehicle record checks for employment purposes, notice must be given to the applicant or employee.

 	Employers must certify to the consumer reporting agency that they will comply with the Act's disclosure requirements and that any information obtained will not be used in violation of any applicable federal or state equal employment opportunity law or regulation.","No specific requirements provided

Additional Requirements:
No specific requirements provided",Finance,federal,t,,,2025-03-06 14:29:48.538,,,,"",,,"","","","","","","","",,,"","",,,1,,2025-03-07 15:21:09.709673,,t,,,,"[{""type"": ""attestation"", ""status"": ""pending"", ""enabled"": true, ""required"": false}, {""type"": ""website_publish"", ""status"": ""pending"", ""enabled"": true, ""required"": false}, {""type"": ""community_communication"", ""status"": ""pending"", ""enabled"": true, ""required"": false}, {""type"": ""agency_submission"", ""status"": ""pending"", ""enabled"": true, ""required"": false}]","",,
4469,REG1793,Clayton Antitrust Act of 1914,Accounting,15 U.S.C. §§ 12-27,1590,"Enacted as a supplement to the Sherman Act.

 	Prohibits price discrimination; conditioning sales on exclusive dealing; mergers and acquisitions when they may substantially reduce competition; and serving on the board of directors for two competing companies.

Additional Information:
Enacted as a supplement to the Sherman Act.

 	Prohibits price discrimination; conditioning sales on exclusive dealing; mergers and acquisitions when they may substantially reduce competition; and serving on the board of directors for two competing companies.

Additional Information:
FICA defines which employers and employees are subject to taxation and levies the tax.

 	Provides that service performed in the employ of a school, college, or university by a student who is enrolled and regularly attending classes at such school, college, or university is exempt from the FICA tax.

 	An employer must pay social security taxes on employees but an exemption exists for most students also working for the university and for clergy whose services are performed in the exercise of their ministry.

Additional Information:
<li style=""list-style-type: none"">

 	Provides for payments of unemployment compensation to workers who have lost their jobs.

 	If an employer’s FUTA tax is more than $500 for the calendar year, the employer must deposit at least one quarterly payment.  If not, alternate rules apply. See IRS Publication: Topic Number 759 - Form 940 – Employer's Annual Federal Unemployment (FUTA) Tax Return – Filing and Deposit Requirements","No specific requirements provided

Additional Requirements:
No specific requirements provided

Additional Requirements:
No specific requirements provided",Finance,federal,t,,,2025-03-06 14:29:49.027,,,,"",,,"","","","","","","","",,,"","",,,1,,2025-03-07 15:21:09.709673,,t,,,,"[{""type"": ""attestation"", ""status"": ""pending"", ""enabled"": true, ""required"": false}, {""type"": ""website_publish"", ""status"": ""pending"", ""enabled"": true, ""required"": false}, {""type"": ""community_communication"", ""status"": ""pending"", ""enabled"": true, ""required"": false}, {""type"": ""agency_submission"", ""status"": ""pending"", ""enabled"": true, ""required"": false}]","",,
4471,REG1794,Federal Insurance Contributions Act (FICA),Accounting,26 U.S.C. §§ 3101-3128,1655,"FICA defines which employers and employees are subject to taxation and levies the tax.

 	Provides that service performed in the employ of a school, college, or university by a student who is enrolled and regularly attending classes at such school, college, or university is exempt from the FICA tax.

 	An employer must pay social security taxes on employees but an exemption exists for most students also working for the university and for clergy whose services are performed in the exercise of their ministry.

Additional Information:
Institutions must report to the IRS

(1) qualified tuition and related expenses and
(2) student loan interest to the IRS.

 	Institutions must also provide payors with a statement that includes the tax information furnished to the IRS.","Institutions must complete Form 1098-T (qualified tuition payments) and Form 1098-E (student loan interest payments), both of which must be filed with the IRS on or before February 28th, or March 31st if filed electronically.

The required statement to all persons who made qualified tuition or student loan interest payments must be sent to the payor on or before January 31st of the year following the calendar year in which payments were received or amounts were billed for qualified tuition and related expenses, or in which the student loan interest payments were received. The statement may simply be a copy of Form 1098-T or Form 1098-E, respectively.

Institutions must certify that they have met the regulatory requirements for soliciting student taxpayer identification numbers (TINs) at least once during the year.",Finance,federal,t,,,2025-03-06 14:29:49.61,,,,"",,,"","","","","","","","",,,"","",,,1,,2025-03-07 15:21:09.709673,,t,,,,"[{""type"": ""attestation"", ""status"": ""pending"", ""enabled"": true, ""required"": false}, {""type"": ""website_publish"", ""status"": ""pending"", ""enabled"": true, ""required"": false}, {""type"": ""community_communication"", ""status"": ""pending"", ""enabled"": true, ""required"": false}, {""type"": ""agency_submission"", ""status"": ""pending"", ""enabled"": true, ""required"": false}]","",,
4473,REG1795,Higher Education Act – Disclosure of Foreign Gifts,Accounting,20 U.S.C. § 1011f,1608,"The University is required to submit a disclosure report for gifts and contracts of $250,000 or more with a foreign source to the Department of Education. This page serves as a repository for all relevant data, information, guidance, and training related to the required foreign gift and contract reporting.

Additional Information:
Designed to protect investors by improving the accuracy and reliability of corporate disclosures made pursuant to the securities laws.

 	Does not apply to public entities but may represent best practices.

 	18 U.S. Code § 1519 makes destruction, alteration, or falsification of records in federal investigations, bankruptcy, or any matter within the jurisdiction of a federal department or agency a crime punishable by fines and up to 20 years imprisonment, and applies to all individuals, not just publicly traded corporations.

 	Bars independent auditors from providing certain non-audit services to the client institution.","By January 31st or July 31st of each year, whichever is sooner depending on the time of the gift, a postsecondary institution must file a disclosure report about ownership or control by, or contracts with or gifts from foreign sources.
The institution shall file a disclosure report with the Department of Education for gifts and contracts of $250,000 or more received within a calendar year.

Additional Requirements:
No specific requirements provided",Academic Programs,federal,t,,,2025-03-06 14:29:50.104,,,,"By January 31st or July 31st of each year, whichever is sooner depending on the time of the gift, a postsecondary institution must file a disclosure report about ownership or control by, or contracts with or gifts from foreign sources.
The institution shall file a disclosure report with the Department of Education for gifts and contracts of $250,000 or more received within a calendar year.",https://www.ed.gov,Department of Education,"","","","","","","By January 31st or July 31st of each year, whichever is sooner depending on the time of the gift, a postsecondary institution must file a disclosure report about ownership or control by, or contracts with or gifts from foreign sources.
The institution shall file a disclosure report with the Department of Education for gifts and contracts of $250,000 or more received within a calendar year.","",,,"","",,,1,,2025-03-07 15:21:09.709673,,t,,,,"[{""type"": ""attestation"", ""status"": ""pending"", ""enabled"": true, ""required"": false}, {""type"": ""website_publish"", ""status"": ""pending"", ""enabled"": true, ""required"": false}, {""type"": ""community_communication"", ""status"": ""pending"", ""enabled"": true, ""required"": false}, {""type"": ""agency_submission"", ""status"": ""pending"", ""enabled"": true, ""required"": false}]","",,
4483,REG3218,Higher Education Act: Institutional and Financial Assistance Information for Students,Accreditation,Higher Education Act: Institutional and Financial Assistance Information for Students,,"Each school must make available to prospective and enrolled students:

 	Names of associations, agencies, or governmental bodies that accredit, approve, or license the school and its programs; and

 	Procedures for obtaining or reviewing documents describing accreditation, approval, or licensing.





20 U.S.C. § 1092(a)(1)(J); 34 CFR 668.43

Additional Information:
Each school must make available to prospective and enrolled students:

 	Names of associations, agencies, or governmental bodies that accredit, approve, or license the school and its programs; and

 	Procedures for obtaining or reviewing documents describing accreditation, approval, or licensing.





20 U.S.C. § 1092(a)(1)(J); 34 CFR 668.43",No specific requirements provided,Academic Programs,federal,t,,,2025-03-06 14:29:51.819,,,,"",https://www.ed.gov,Department of Education,"","","","","","","","",,,"","",,,1,,2025-03-07 15:21:09.709673,,t,,,,"[{""type"": ""attestation"", ""status"": ""pending"", ""enabled"": true, ""required"": false}, {""type"": ""website_publish"", ""status"": ""pending"", ""enabled"": true, ""required"": false}, {""type"": ""community_communication"", ""status"": ""pending"", ""enabled"": true, ""required"": false}, {""type"": ""agency_submission"", ""status"": ""pending"", ""enabled"": true, ""required"": false}]","",,
4491,REG1802,Equity in Athletics Disclosure Act (EADA),Athletics,20 U.S.C. § 1092(g),1617,"The Equity in Athletics Disclosure Act requires co-educational institutions of postsecondary education that participate in a Title IV federal student financial assistance program and have an intercollegiate athletic program, to prepare an annual report to the Department of Education on athletic participation, staffing, and revenues and expenses, by men's and women's teams.

Additional Information:
The Equity in Athletics Disclosure Act requires co-educational institutions of postsecondary education that participate in a Title IV federal student financial assistance program and have an intercollegiate athletic program, to prepare an annual report to the Department of Education on athletic participation, staffing, and revenues and expenses, by men's and women's teams.","Each coed institution of higher education that participates in Title IV programs, and has an intercollegiate athletic program, must no later than October 15th of each year, make available on request to enrolled students, prospective students, and the public, the report required to be produced under this law. Within 15 days of making the report available to students, prospective students, and the public, (i.e., no later than October 30th of each year) the school must submit the report to the Secretary of Education.

Additional Requirements:
Each coed institution of higher education that participates in Title IV programs, and has an intercollegiate athletic program, must no later than October 15th of each year, make available on request to enrolled students, prospective students, and the public, the report required to be produced under this law. Within 15 days of making the report available to students, prospective students, and the public, (i.e., no later than October 30th of each year) the school must submit the report to the Secretary of Education.",Academic Programs,federal,t,,,2025-03-06 14:29:53.863,,,,"Each coed institution of higher education that participates in Title IV programs, and has an intercollegiate athletic program, must no later than October 15th of each year, make available on request to enrolled students, prospective students, and the public, the report required to be produced under this law. Within 15 days of making the report available to students, prospective students, and the public, (i.e., no later than October 30th of each year) the school must submit the report to the Secretary of Education.",https://www.ed.gov,Department of Education,"","","","","","","Each coed institution of higher education that participates in Title IV programs, and has an intercollegiate athletic program, must no later than October 15th of each year, make available on request to enrolled students, prospective students, and the public, the report required to be produced under this law. Within 15 days of making the report available to students, prospective students, and the public, (i.e., no later than October 30th of each year) the school must submit the report to the Secretary of Education.","",,,"","",,,1,,2025-03-07 15:21:09.709673,,t,,,,"[{""type"": ""attestation"", ""status"": ""pending"", ""enabled"": true, ""required"": false}, {""type"": ""website_publish"", ""status"": ""pending"", ""enabled"": true, ""required"": false}, {""type"": ""community_communication"", ""status"": ""pending"", ""enabled"": true, ""required"": false}, {""type"": ""agency_submission"", ""status"": ""pending"", ""enabled"": true, ""required"": false}]","",,
4513,REG2048,Higher Education Act: Foreign Gift and Contract Reports,Contracts & Procurement,20 U.S.C. § 1011f,1608,"Whenever an institution is owned or controlled by a foreign source, or receives gifts from or enter into contracts with a foreign source totaling more than $250,000 within a calendar year, the institution shall file a disclosure report with the Secretary of Education on January 31 or July 31, whichever is sooner. This page serves as a repository for all relevant data, information, guidance, and training related to the required foreign gift and contract reporting.

Additional Information:
Whenever an institution is owned or controlled by a foreign source, or receives gifts from or enter into contracts with a foreign source totaling more than $250,000 within a calendar year, the institution shall file a disclosure report with the Secretary of Education on January 31 or July 31, whichever is sooner. This page serves as a repository for all relevant data, information, guidance, and training related to the required foreign gift and contract reporting.","January 31 or July 31 (if applicable)

Additional Requirements:
January 31 or July 31 (if applicable)",Academic Programs,federal,t,,,2025-03-06 14:29:59.521,,,,January 31 or July 31 (if applicable),https://www.ed.gov,Department of Education,"","","","","","",January 31 or July 31 (if applicable),"",,,"","",,,1,,2025-03-07 15:21:09.709673,,t,,,,"[{""type"": ""attestation"", ""status"": ""pending"", ""enabled"": true, ""required"": false}, {""type"": ""website_publish"", ""status"": ""pending"", ""enabled"": true, ""required"": false}, {""type"": ""community_communication"", ""status"": ""pending"", ""enabled"": true, ""required"": false}, {""type"": ""agency_submission"", ""status"": ""pending"", ""enabled"": true, ""required"": false}]","",,
4507,REG3248,Anti-discrimination laws for federal contractors,Contracts & Procurement,Anti-discrimination laws for federal contractors,,"For information about anti-discrimination laws applicable to federal contractors, including colleges and universities, see Human Resources: Discrimination section of the Compliance Matrix.

Additional Information:
For information about anti-discrimination laws applicable to federal contractors, including colleges and universities, see Human Resources: Discrimination section of the Compliance Matrix.",No specific requirements provided,Finance,federal,t,,,2025-03-06 14:29:57.988,,,,"",,,"","","","","","","","",,,"","",,,1,,2025-03-07 15:21:09.709673,,t,,,,"[{""type"": ""attestation"", ""status"": ""pending"", ""enabled"": true, ""required"": false}, {""type"": ""website_publish"", ""status"": ""pending"", ""enabled"": true, ""required"": false}, {""type"": ""community_communication"", ""status"": ""pending"", ""enabled"": true, ""required"": false}, {""type"": ""agency_submission"", ""status"": ""pending"", ""enabled"": true, ""required"": false}]","",,
4508,REG1815,Byrd Amendment,Contracts & Procurement,31 U.S.C. § 1352,1675,"Prohibits grantees from lobbying with federal funds.

 	Requires disclosure of lobbying activities when receiving federal contracts, grants, loans or cooperative agreements.

Additional Information:
Prohibits grantees from lobbying with federal funds.

 	Requires disclosure of lobbying activities when receiving federal contracts, grants, loans or cooperative agreements.","Requires certification and disclosure with each submission for consideration of a federal contract, grant or cooperative agreement exceeding $100,000 or an award of a federal loan or commitment providing for the U.S. to insure or guarantee a loan exceeding $150,000.

Federal contractors, grantees and those receiving federal loans and cooperative agreements must also report lobbying expenditures from non-federal sources to obtain such federal program monies or contracts.

Additional Requirements:
Requires certification and disclosure with each submission for consideration of a federal contract, grant or cooperative agreement exceeding $100,000 or an award of a federal loan or commitment providing for the U.S. to insure or guarantee a loan exceeding $150,000.

Federal contractors, grantees and those receiving federal loans and cooperative agreements must also report lobbying expenditures from non-federal sources to obtain such federal program monies or contracts.",Finance,federal,t,,,2025-03-06 14:29:58.204,,,,"Requires certification and disclosure with each submission for consideration of a federal contract, grant or cooperative agreement exceeding $100,000 or an award of a federal loan or commitment providing for the U.S. to insure or guarantee a loan exceeding $150,000.

Federal contractors, grantees and those receiving federal loans and cooperative agreements must also report lobbying expenditures from non-federal sources to obtain such federal program monies or contracts.",,,"","","","","","","Requires certification and disclosure with each submission for consideration of a federal contract, grant or cooperative agreement exceeding $100,000 or an award of a federal loan or commitment providing for the U.S. to insure or guarantee a loan exceeding $150,000.

Federal contractors, grantees and those receiving federal loans and cooperative agreements must also report lobbying expenditures from non-federal sources to obtain such federal program monies or contracts.","",,,"","",,,1,,2025-03-07 15:21:09.709673,,t,,,,"[{""type"": ""attestation"", ""status"": ""pending"", ""enabled"": true, ""required"": false}, {""type"": ""website_publish"", ""status"": ""pending"", ""enabled"": true, ""required"": false}, {""type"": ""community_communication"", ""status"": ""pending"", ""enabled"": true, ""required"": false}, {""type"": ""agency_submission"", ""status"": ""pending"", ""enabled"": true, ""required"": false}]","",,
4643,REG1888,Federal Sentencing Guidelines,Governance,18 U.S.C. chapters 227-235,"1603,1659","The guidelines at §8B2.1 set forth the requirements for an effective compliance and ethics program for organizations. Organizations are vicariously liable under federal criminal law for acts committed by their agents. The definition of ""organization"" at 18 U.S.C. §18 includes non-profits such as a university.

Additional Information:
The guidelines at §8B2.1 set forth the requirements for an effective compliance and ethics program for organizations. Organizations are vicariously liable under federal criminal law for acts committed by their agents. The definition of ""organization"" at 18 U.S.C. §18 includes non-profits such as a university.",No specific requirements provided,Other,federal,t,,,2025-03-06 14:30:27.128,,,,"",,,"","","","","","","","",,,"","",,,1,,2025-03-07 15:21:09.709673,,t,,,,"[{""type"": ""attestation"", ""status"": ""pending"", ""enabled"": true, ""required"": false}, {""type"": ""website_publish"", ""status"": ""pending"", ""enabled"": true, ""required"": false}, {""type"": ""community_communication"", ""status"": ""pending"", ""enabled"": true, ""required"": false}, {""type"": ""agency_submission"", ""status"": ""pending"", ""enabled"": true, ""required"": false}]","",,
4509,REG1816,Copeland Anti-Kickback Act,Contracts & Procurement,18 U.S.C. § 874,"1600,1687","Prohibits inducement of kickbacks from public works employees.

 	Requires contractors and subcontractors on public buildings or works financed by loans or grants from the U.S. to furnish a weekly statement of wages paid. This requirement does not apply to any contract of $2,000 or less.

Additional Information:
Prohibits inducement of kickbacks from public works employees.

 	Requires contractors and subcontractors on public buildings or works financed by loans or grants from the U.S. to furnish a weekly statement of wages paid. This requirement does not apply to any contract of $2,000 or less.","Requires contractors and subcontractors on public buildings or works financed by loans or grants from the U.S. to furnish a weekly statement of wages paid. This requirement does not apply to any contract of $2,000 or less.

Additional Requirements:
Requires contractors and subcontractors on public buildings or works financed by loans or grants from the U.S. to furnish a weekly statement of wages paid. This requirement does not apply to any contract of $2,000 or less.",Finance,federal,t,,,2025-03-06 14:29:58.427,,,,"Requires contractors and subcontractors on public buildings or works financed by loans or grants from the U.S. to furnish a weekly statement of wages paid. This requirement does not apply to any contract of $2,000 or less.",,,"","","","","","","Requires contractors and subcontractors on public buildings or works financed by loans or grants from the U.S. to furnish a weekly statement of wages paid. This requirement does not apply to any contract of $2,000 or less.","",,,"","",,,1,,2025-03-07 15:21:09.709673,,t,,,,"[{""type"": ""attestation"", ""status"": ""pending"", ""enabled"": true, ""required"": false}, {""type"": ""website_publish"", ""status"": ""pending"", ""enabled"": true, ""required"": false}, {""type"": ""community_communication"", ""status"": ""pending"", ""enabled"": true, ""required"": false}, {""type"": ""agency_submission"", ""status"": ""pending"", ""enabled"": true, ""required"": false}]","",,
4518,REG1998,Copyright Term Extension Act,Copyright & Trademark,Public Law No. 10-298,1751,"Extends by 20 years the length of protection afforded to copyrighted works, and thus lengthens the amount of time it will take for a work to enter the public domain.

 	For copyrights in their renewal term at the time of the effective date of this new law, the term of copyright is extended to 95 years from the date the copyright was originally secured.

 	For works created but not published or registered before January 1, 1978, the term endures for life of the author plus 70 years, but in no case will expire earlier than December 31, 2002.

 	If the work is published before December 31, 2002, the term will not expire before December 31, 2047.

 	Includes an exception that allows libraries, archives and nonprofit educational institutions to treat a copyrighted work in the last 20 years of protection as if it were in the public domain for purposes of preservation, scholarship or research.

 	Conditions that apply to this usage in the last 20 years require a good faith investigation to determine that the work is not subject to normal commercial exploitation, the work or phone record cannot be obtained at a reasonable price, and use of the work stops if the copyright owner provides notice to the contrary.

Additional Information:
Extends by 20 years the length of protection afforded to copyrighted works, and thus lengthens the amount of time it will take for a work to enter the public domain.

 	For copyrights in their renewal term at the time of the effective date of this new law, the term of copyright is extended to 95 years from the date the copyright was originally secured.

 	For works created but not published or registered before January 1, 1978, the term endures for life of the author plus 70 years, but in no case will expire earlier than December 31, 2002.

 	If the work is published before December 31, 2002, the term will not expire before December 31, 2047.

 	Includes an exception that allows libraries, archives and nonprofit educational institutions to treat a copyrighted work in the last 20 years of protection as if it were in the public domain for purposes of preservation, scholarship or research.

 	Conditions that apply to this usage in the last 20 years require a good faith investigation to determine that the work is not subject to normal commercial exploitation, the work or phone record cannot be obtained at a reasonable price, and use of the work stops if the copyright owner provides notice to the contrary.",No specific requirements provided,Information Technology,federal,t,,,2025-03-06 14:30:00.623,,,,"",,,"","","","","","","","",,,"","",,,1,,2025-03-07 15:21:09.709673,,t,,,,"[{""type"": ""attestation"", ""status"": ""pending"", ""enabled"": true, ""required"": false}, {""type"": ""website_publish"", ""status"": ""pending"", ""enabled"": true, ""required"": false}, {""type"": ""community_communication"", ""status"": ""pending"", ""enabled"": true, ""required"": false}, {""type"": ""agency_submission"", ""status"": ""pending"", ""enabled"": true, ""required"": false}]","",,
4519,REG1819,Digital Millennium Copyright Act (DMCA),Copyright & Trademark,17 U.S.C. §§ 117,"3364,3365,3366,1752","Imposes rules prohibiting the circumvention of technological protection measures.

 	Sets limitations on copyright infringement liability for online service providers (OSPs).

 	Expands an existing exemption for making copies of computer programs.

 	Provides a significant updating of the rules and procedures regarding archival preservation.

Additional Information:
Imposes rules prohibiting the circumvention of technological protection measures.

 	Sets limitations on copyright infringement liability for online service providers (OSPs).

 	Expands an existing exemption for making copies of computer programs.

 	Provides a significant updating of the rules and procedures regarding archival preservation.

Additional Information:
Requires institutions to certify, as part of their annual Program Participation Agreement, that they have: 1) developed plans to combat the unauthorized use of copyrighted material; and 2) will, to the extent practicable, offer alternatives to illegal file sharing. The regulations require periodic review of the plan to determine its effectiveness.

Additional Information:
Prohibits trademark infringement, trademark dilution, and false advertising.","No specific requirements provided

Additional Requirements:
Certification is part of the annual Program Participation Agreement.

Additional Requirements:
No specific requirements provided",Information Technology,federal,t,,,2025-03-06 14:30:01.482,,,,"",,,"","","","","","","","",,,"","",,,1,,2025-03-07 15:21:09.709673,,t,,,,"[{""type"": ""attestation"", ""status"": ""pending"", ""enabled"": true, ""required"": false}, {""type"": ""website_publish"", ""status"": ""pending"", ""enabled"": true, ""required"": false}, {""type"": ""community_communication"", ""status"": ""pending"", ""enabled"": true, ""required"": false}, {""type"": ""agency_submission"", ""status"": ""pending"", ""enabled"": true, ""required"": false}]","",,
4525,REG1822,Americans with Disabilities Act of 1990,Disabilities,42 U.S.C. §§ 12101-12213,1701,"Provides broad nondiscrimination protection for individuals with disabilities in employment, public services, and public accommodations, including colleges and universities.

 	The university must make reasonable accommodations for employees and students with disabilities.

 	Enforced by multiple federal agencies, including the Department of Justice, Department of Labor, and the EEOC.

Additional Information:
Provides broad nondiscrimination protection for individuals with disabilities in employment, public services, and public accommodations, including colleges and universities.

 	The university must make reasonable accommodations for employees and students with disabilities.

 	Enforced by multiple federal agencies, including the Department of Justice, Department of Labor, and the EEOC.",No specific requirements provided,Human Resources,federal,t,,,2025-03-06 14:30:02.125,,,,"",https://www.dol.gov,Department of Labor,"","","","","","","","",,,"","",,,1,,2025-03-07 15:21:09.709673,,t,,,,"[{""type"": ""attestation"", ""status"": ""pending"", ""enabled"": true, ""required"": false}, {""type"": ""website_publish"", ""status"": ""pending"", ""enabled"": true, ""required"": false}, {""type"": ""community_communication"", ""status"": ""pending"", ""enabled"": true, ""required"": false}, {""type"": ""agency_submission"", ""status"": ""pending"", ""enabled"": true, ""required"": false}]","",,
4527,REG3577,Patient Protection and Affordable Care Act (Section 1557),Disabilities,42 U.S.C. 18116,3578,"Subject entities must provide auxiliary aids for patients with disabilities and ensure health-related programs or activities provided through electronic/IT means are accessible to individuals with disabilities.

Additional Information:
Subject entities must provide auxiliary aids for patients with disabilities and ensure health-related programs or activities provided through electronic/IT means are accessible to individuals with disabilities.","Not Applicable

Additional Requirements:
Not Applicable",Human Resources,federal,t,,,2025-03-06 14:30:02.665,,,,Not Applicable,https://www.dol.gov,Department of Labor,"","","","","","",Not Applicable,"",,,"","",,,1,,2025-03-07 15:21:09.709673,,t,,,,"[{""type"": ""attestation"", ""status"": ""pending"", ""enabled"": true, ""required"": false}, {""type"": ""website_publish"", ""status"": ""pending"", ""enabled"": true, ""required"": false}, {""type"": ""community_communication"", ""status"": ""pending"", ""enabled"": true, ""required"": false}, {""type"": ""agency_submission"", ""status"": ""pending"", ""enabled"": true, ""required"": false}]","",,
4533,REG1903,Equal Employment of Veterans,Discrimination,38 U.S.C. §§ 4211-4215,1685,"For federal subcontracts of $100,000 or more the University shall include in each of its subcontracts a clause that the subcontractor will not discriminate against any employee or applicant for employment because he or she is a special disabled veteran, veteran of the Vietnam era, recently separated veteran, or other protected veteran in regard to any position for which the employee or applicant for employment is qualified.

 	The university must agree to take affirmative action to employ and advance qualified individuals without discrimination based on such status.

Additional Information:
For federal subcontracts of $100,000 or more the University shall include in each of its subcontracts a clause that the subcontractor will not discriminate against any employee or applicant for employment because he or she is a special disabled veteran, veteran of the Vietnam era, recently separated veteran, or other protected veteran in regard to any position for which the employee or applicant for employment is qualified.

 	The university must agree to take affirmative action to employ and advance qualified individuals without discrimination based on such status.",No specific requirements provided,Human Resources,federal,t,,,2025-03-06 14:30:04.281,,,,"",https://www.dol.gov,Department of Labor,"","","","","","","","",,,"","",,,1,,2025-03-07 15:21:09.709673,,t,,,,"[{""type"": ""attestation"", ""status"": ""pending"", ""enabled"": true, ""required"": false}, {""type"": ""website_publish"", ""status"": ""pending"", ""enabled"": true, ""required"": false}, {""type"": ""community_communication"", ""status"": ""pending"", ""enabled"": true, ""required"": false}, {""type"": ""agency_submission"", ""status"": ""pending"", ""enabled"": true, ""required"": false}]","",,
4537,REG2010,The Family and Medical Leave Act of 1993,Discrimination,29 U.S.C. §§ 2601-2654,1672,"Entitles eligible employees of covered employers to take unpaid, job-protected leave for specified family and medical reasons with continuation of group health insurance coverage under the same terms and conditions as if the employee had not taken leave.

 	The University must permit a ""spouse, son, daughter, parent, or next of kin"" to take up to 26 workweeks of leave to care for a member of the Armed Forces, including a member of the National Guard or Reserves, who is undergoing medical treatment, recuperation, or therapy, is otherwise in outpatient status, or is otherwise on the temporary disability retired list, for a serious injury or illness.

Additional Information:
Entitles eligible employees of covered employers to take unpaid, job-protected leave for specified family and medical reasons with continuation of group health insurance coverage under the same terms and conditions as if the employee had not taken leave.

 	The University must permit a ""spouse, son, daughter, parent, or next of kin"" to take up to 26 workweeks of leave to care for a member of the Armed Forces, including a member of the National Guard or Reserves, who is undergoing medical treatment, recuperation, or therapy, is otherwise in outpatient status, or is otherwise on the temporary disability retired list, for a serious injury or illness.",No specific requirements provided,Human Resources,federal,t,,,2025-03-06 14:30:05.116,,,,"",https://www.dol.gov,Department of Labor,"","","","","","","","",,,"","",,,1,,2025-03-07 15:21:09.709673,,t,,,,"[{""type"": ""attestation"", ""status"": ""pending"", ""enabled"": true, ""required"": false}, {""type"": ""website_publish"", ""status"": ""pending"", ""enabled"": true, ""required"": false}, {""type"": ""community_communication"", ""status"": ""pending"", ""enabled"": true, ""required"": false}, {""type"": ""agency_submission"", ""status"": ""pending"", ""enabled"": true, ""required"": false}]","",,
4539,REG1909,Title VII of the Civil Rights Act of 1964,Discrimination,42 USCU.S.C. §§ 2000e-2000e-17,1715,"Title VII prohibits discrimination in hiring, firing, training, promotion, discipline, or other workplace decisions on the basis of an employee or applicant's race, color, sex, national origin, or religion.

 	Sexual harassment is also prohibited under this law.

 	Allows for compensatory and punitive damages and jury trials when intentional employment discrimination can be shown with respect to one of the Title VII protected classes or with respect to protection offered by the Americans with Disabilities Act or the Rehabilitation Act.

 	Prohibits discrimination on the basis of pregnancy, childbirth, or related illness in employment opportunities, health or disability insurance programs, or sick leave plans.

Additional Information:
Title VII prohibits discrimination in hiring, firing, training, promotion, discipline, or other workplace decisions on the basis of an employee or applicant's race, color, sex, national origin, or religion.

 	Sexual harassment is also prohibited under this law.

 	Allows for compensatory and punitive damages and jury trials when intentional employment discrimination can be shown with respect to one of the Title VII protected classes or with respect to protection offered by the Americans with Disabilities Act or the Rehabilitation Act.

 	Prohibits discrimination on the basis of pregnancy, childbirth, or related illness in employment opportunities, health or disability insurance programs, or sick leave plans.",No specific requirements provided,Human Resources,federal,t,,,2025-03-06 14:30:05.511,,,,"",https://www.dol.gov,Department of Labor,"","","","","","","","",,,"","",,,1,,2025-03-07 15:21:09.709673,,t,,,,"[{""type"": ""attestation"", ""status"": ""pending"", ""enabled"": true, ""required"": false}, {""type"": ""website_publish"", ""status"": ""pending"", ""enabled"": true, ""required"": false}, {""type"": ""community_communication"", ""status"": ""pending"", ""enabled"": true, ""required"": false}, {""type"": ""agency_submission"", ""status"": ""pending"", ""enabled"": true, ""required"": false}]","",,
4543,REG1826,Age Discrimination Act of 1975,Diversity/Affirmative Action,42 U.S.C. §§ 6101-6107,1692,"Prohibits discrimination based on age in educational or academic programs or activities that receive federal financial assistance.

 	Prohibits retaliation for filing a complaint with OCR or for advocating for a right protected by the Act.

Additional Information:
Prohibits discrimination based on age in educational or academic programs or activities that receive federal financial assistance.

 	Prohibits retaliation for filing a complaint with OCR or for advocating for a right protected by the Act.",No specific requirements provided,Human Resources,federal,t,,,2025-03-06 14:30:06.647,,,,"",https://www.dol.gov,Department of Labor,"","","","","","","","",,,"","",,,1,,2025-03-07 15:21:09.709673,,t,,,,"[{""type"": ""attestation"", ""status"": ""pending"", ""enabled"": true, ""required"": false}, {""type"": ""website_publish"", ""status"": ""pending"", ""enabled"": true, ""required"": false}, {""type"": ""community_communication"", ""status"": ""pending"", ""enabled"": true, ""required"": false}, {""type"": ""agency_submission"", ""status"": ""pending"", ""enabled"": true, ""required"": false}]","",,
4545,REG1828,Americans with Disabilities Act of 1990,Diversity/Affirmative Action,42 U.S.C. §§ 12101-12213,1701,"Provides broad nondiscrimination protection in employment, public services, and public accommodations including colleges and universities for individuals with disabilities.

 	Enforced by multiple federal agencies, including the Department of Justice, Department of Labor, and the EEOC.

Additional Information:
Provides broad nondiscrimination protection in employment, public services, and public accommodations including colleges and universities for individuals with disabilities.

 	Enforced by multiple federal agencies, including the Department of Justice, Department of Labor, and the EEOC.",No specific requirements provided,Human Resources,federal,t,,,2025-03-06 14:30:07.254,,,,"",https://www.dol.gov,Department of Labor,"","","","","","","","",,,"","",,,1,,2025-03-07 15:21:09.709673,,t,,,,"[{""type"": ""attestation"", ""status"": ""pending"", ""enabled"": true, ""required"": false}, {""type"": ""website_publish"", ""status"": ""pending"", ""enabled"": true, ""required"": false}, {""type"": ""community_communication"", ""status"": ""pending"", ""enabled"": true, ""required"": false}, {""type"": ""agency_submission"", ""status"": ""pending"", ""enabled"": true, ""required"": false}]","",,
4546,REG1829,Equal Employment of Veterans,Diversity/Affirmative Action,38 U.S.C. §§ 4211-4215,1685,"For federal subcontracts of $100,000 or more the University shall include in each of its subcontracts a clause that the subcontractor will not discriminate against any employee or applicant for employment because he or she is a special disabled veteran, veteran of the Vietnam era, recently separated veteran, or other protected veteran in regard to any position for which the employee or applicant for employment is qualified.

 	The university must agree to take affirmative action to employ and advance qualified individuals without discrimination based on such status.

Additional Information:
For federal subcontracts of $100,000 or more the University shall include in each of its subcontracts a clause that the subcontractor will not discriminate against any employee or applicant for employment because he or she is a special disabled veteran, veteran of the Vietnam era, recently separated veteran, or other protected veteran in regard to any position for which the employee or applicant for employment is qualified.

 	The university must agree to take affirmative action to employ and advance qualified individuals without discrimination based on such status.",No specific requirements provided,Human Resources,federal,t,,,2025-03-06 14:30:07.544,,,,"",https://www.dol.gov,Department of Labor,"","","","","","","","",,,"","",,,1,,2025-03-07 15:21:09.709673,,t,,,,"[{""type"": ""attestation"", ""status"": ""pending"", ""enabled"": true, ""required"": false}, {""type"": ""website_publish"", ""status"": ""pending"", ""enabled"": true, ""required"": false}, {""type"": ""community_communication"", ""status"": ""pending"", ""enabled"": true, ""required"": false}, {""type"": ""agency_submission"", ""status"": ""pending"", ""enabled"": true, ""required"": false}]","",,
4556,REG1911,Cafeteria Plan Regulations,Employee Benefits,Cafeteria Plan Regulations,,"A cafeteria plan is a written plan that allows employees to exclude from gross income certain types of employer provided benefits, such as accident and health insurance, group term and life insurance, and benefits under a dependent care assistance program.
Qualified scholarships or tuition reduction, educational assistance or deferred compensation may not be excluded from income.
For purposes of determining the taxable year of inclusion, any benefit described in paragraph (1) or (2) from the statute shall be treated as received or accrued in the taxable year of the participant or key employee in which the plan year ends.

Additional Information:
A cafeteria plan is a written plan that allows employees to exclude from gross income certain types of employer provided benefits, such as accident and health insurance, group term and life insurance, and benefits under a dependent care assistance program.
Qualified scholarships or tuition reduction, educational assistance or deferred compensation may not be excluded from income.
For purposes of determining the taxable year of inclusion, any benefit described in paragraph (1) or (2) from the statute shall be treated as received or accrued in the taxable year of the participant or key employee in which the plan year ends.",No specific requirements provided,Human Resources,federal,t,,,2025-03-06 14:30:09.487,,,,"",https://www.dol.gov,Department of Labor,"","","","","","","","",,,"","",,,1,,2025-03-07 15:21:09.709673,,t,,,,"[{""type"": ""attestation"", ""status"": ""pending"", ""enabled"": true, ""required"": false}, {""type"": ""website_publish"", ""status"": ""pending"", ""enabled"": true, ""required"": false}, {""type"": ""community_communication"", ""status"": ""pending"", ""enabled"": true, ""required"": false}, {""type"": ""agency_submission"", ""status"": ""pending"", ""enabled"": true, ""required"": false}]","",,
4558,REG1913,Employee Retirement Income Security Act of 1974 (ERISA),Employee Benefits,29 U.S.C. Chapter 18,1660,"Sets minimum standards for participation, vesting, benefit accrual and funding pension plans.

 	Requires employers to regularly provide participants with information about the plan including information about plan features and funding.

 	Requires accountability of plan fiduciaries and gives participants the right to sue for benefits and breaches of fiduciary duty.

Additional Information:
Sets minimum standards for participation, vesting, benefit accrual and funding pension plans.

 	Requires employers to regularly provide participants with information about the plan including information about plan features and funding.

 	Requires accountability of plan fiduciaries and gives participants the right to sue for benefits and breaches of fiduciary duty.","The administrator of the University’s employee benefit plan must file

Additional Requirements:
The administrator of the University’s employee benefit plan must file",Human Resources,federal,t,,,2025-03-06 14:30:09.872,,,,The administrator of the University’s employee benefit plan must file,https://www.dol.gov,Department of Labor,"","","","","","",The administrator of the University’s employee benefit plan must file,"",,,"","",,,1,,2025-03-07 15:21:09.709673,,t,,,,"[{""type"": ""attestation"", ""status"": ""pending"", ""enabled"": true, ""required"": false}, {""type"": ""website_publish"", ""status"": ""pending"", ""enabled"": true, ""required"": false}, {""type"": ""community_communication"", ""status"": ""pending"", ""enabled"": true, ""required"": false}, {""type"": ""agency_submission"", ""status"": ""pending"", ""enabled"": true, ""required"": false}]","",,
4559,REG1914,"Medicare, Medicaid, and SCHIP Extension Act of 2007",Employee Benefits,Public Law No. 110-173,1764,"The University, as a provider of self-insured group health and worker's compensation plans, must determine whether a claimant is entitled to benefits under Medicare on any basis, and if so, must submit to the Secretary of the Department of Health and Human Services the claimant's identity and other information (e.g. SSNs, date of birth, sex, and address) specified by the Secretary for coordination of benefits and recovery claims purposes.

Additional Information:
The University, as a provider of self-insured group health and worker's compensation plans, must determine whether a claimant is entitled to benefits under Medicare on any basis, and if so, must submit to the Secretary of the Department of Health and Human Services the claimant's identity and other information (e.g. SSNs, date of birth, sex, and address) specified by the Secretary for coordination of benefits and recovery claims purposes.","The University must have an authorized representative who is legally responsible and signs a contract with the government, and also an account manager (must be a different person) who is collecting data and reporting on a quarterly basis. $1,000 per day civil penalty for each claimant for whom information should have been submitted, but was not.

Additional Requirements:
The University must have an authorized representative who is legally responsible and signs a contract with the government, and also an account manager (must be a different person) who is collecting data and reporting on a quarterly basis. $1,000 per day civil penalty for each claimant for whom information should have been submitted, but was not.",Human Resources,federal,t,,,2025-03-06 14:30:10.075,,,,"The University must have an authorized representative who is legally responsible and signs a contract with the government, and also an account manager (must be a different person) who is collecting data and reporting on a quarterly basis. $1,000 per day civil penalty for each claimant for whom information should have been submitted, but was not.",https://www.dol.gov,Department of Labor,"","","","","","","The University must have an authorized representative who is legally responsible and signs a contract with the government, and also an account manager (must be a different person) who is collecting data and reporting on a quarterly basis. $1,000 per day civil penalty for each claimant for whom information should have been submitted, but was not.","",,,"","",,,1,,2025-03-07 15:21:09.709673,,t,,,,"[{""type"": ""attestation"", ""status"": ""pending"", ""enabled"": true, ""required"": false}, {""type"": ""website_publish"", ""status"": ""pending"", ""enabled"": true, ""required"": false}, {""type"": ""community_communication"", ""status"": ""pending"", ""enabled"": true, ""required"": false}, {""type"": ""agency_submission"", ""status"": ""pending"", ""enabled"": true, ""required"": false}]","",,
4565,REG1838,Chemical Facility Anti-Terrorism Standards,Environmental Health and Safety,Executive Order 13563 and 12866,1738,"This rule establishes risk-based performance standards for the security of the nation's chemical facilities.

 	It requires covered chemical facilities to prepare Security Vulnerability Assessments, which identify facility security vulnerabilities, and to develop and implement Site Security Plans, which include measures that satisfy the identified risk-based performance standards.

Additional Information:
This rule establishes risk-based performance standards for the security of the nation's chemical facilities.

 	It requires covered chemical facilities to prepare Security Vulnerability Assessments, which identify facility security vulnerabilities, and to develop and implement Site Security Plans, which include measures that satisfy the identified risk-based performance standards.",No specific requirements provided,Campus Safety,federal,t,,,2025-03-06 14:30:11.237,,,,"",https://www.ed.gov,Department of Education,"","","","","","","","",,,"","",,,1,,2025-03-07 15:21:09.709673,,t,,,,"[{""type"": ""attestation"", ""status"": ""pending"", ""enabled"": true, ""required"": false}, {""type"": ""website_publish"", ""status"": ""pending"", ""enabled"": true, ""required"": false}, {""type"": ""community_communication"", ""status"": ""pending"", ""enabled"": true, ""required"": false}, {""type"": ""agency_submission"", ""status"": ""pending"", ""enabled"": true, ""required"": false}]","",,
4568,REG1841,"Comprehensive Environmental Response, Compensation, and Liability Act (CERCLA)",Environmental Health and Safety,42 U.S.C. §§ 9601-9675,1714,"Establishes prohibitions and requirements concerning closed and abandoned hazardous waste sites;

 	Provides for liability of persons responsible for releases of hazardous waste at these sites; and

 	Establishes a trust fund to provide for cleanup when no responsible party can be identified.

Additional Information:
Establishes prohibitions and requirements concerning closed and abandoned hazardous waste sites;

 	Provides for liability of persons responsible for releases of hazardous waste at these sites; and

 	Establishes a trust fund to provide for cleanup when no responsible party can be identified.",No specific requirements provided,Campus Safety,federal,t,,,2025-03-06 14:30:11.83,,,,"",https://www.ed.gov,Department of Education,"","","","","","","","",,,"","",,,1,,2025-03-07 15:21:09.709673,,t,,,,"[{""type"": ""attestation"", ""status"": ""pending"", ""enabled"": true, ""required"": false}, {""type"": ""website_publish"", ""status"": ""pending"", ""enabled"": true, ""required"": false}, {""type"": ""community_communication"", ""status"": ""pending"", ""enabled"": true, ""required"": false}, {""type"": ""agency_submission"", ""status"": ""pending"", ""enabled"": true, ""required"": false}]","",,
4566,REG1839,Clean Air Act,Environmental Health and Safety,42 U.S.C. §§ 7401-7671q,1713,"Regulates air emissions from stationary and mobile sources.

 	Requires annual fees to be paid based upon total tons of actual emissions of each regulated pollutant.

Additional Information:
Regulates air emissions from stationary and mobile sources.

 	Requires annual fees to be paid based upon total tons of actual emissions of each regulated pollutant.

Additional Information:
Helps communities plan for emergencies involving hazardous substances.

 	The Act establishes requirements for federal, state and local governments, Indian tribes, and industry regarding emergency planning and ""Community Right-to-Know"" reporting on hazardous and toxic chemicals.

 	The Community Right-to-Know provisions help increase the public's knowledge and access to information on chemicals at individual facilities, their uses, and releases into the environment.

 	States and communities, working with facilities, can use the information to improve chemical safety and protect public health and the environment.

 	Hazardous chemical training must be conducted annually.","The EPA will require semi-annual reporting of all facilities that release annual emissions of 25,000 megatons CO2 equivalent.

Additional Requirements:
The EPA will require semi-annual reporting of all facilities that release annual emissions of 25,000 megatons CO2 equivalent.

Additional Requirements:
42 U.S.C. § 11021 and § 11022; 40 C.F.R. § 370.21 and § 370.25: By March 1st of each year, the owner or operator of any facility which is required to have available a material safety data sheet for a hazardous chemical under OSHA shall prepare and submit an emergency and hazardous chemical inventory.

Facilities must report the storage, use, and release of certain hazardous chemicals bi-annually.",Campus Safety,federal,t,,,2025-03-06 14:30:12.022,,,,"The EPA will require semi-annual reporting of all facilities that release annual emissions of 25,000 megatons CO2 equivalent.",https://www.ed.gov,Department of Education,"","","","","","","The EPA will require semi-annual reporting of all facilities that release annual emissions of 25,000 megatons CO2 equivalent.","",,,"","",,,1,,2025-03-07 15:21:09.709673,,t,,,,"[{""type"": ""attestation"", ""status"": ""pending"", ""enabled"": true, ""required"": false}, {""type"": ""website_publish"", ""status"": ""pending"", ""enabled"": true, ""required"": false}, {""type"": ""community_communication"", ""status"": ""pending"", ""enabled"": true, ""required"": false}, {""type"": ""agency_submission"", ""status"": ""pending"", ""enabled"": true, ""required"": false}]","",,
4567,REG1840,Clean Water Act,Environmental Health and Safety,33 U.S.C. §§ 1251-1387,1678,"Establishes the basic structure for regulating discharges of pollutants into the waters of the United States and regulating quality standards for surface waters. Facilities are governed by local wastewater pretreatment standards issued by local wastewater treatment plants.

Additional Information:
Establishes the basic structure for regulating discharges of pollutants into the waters of the United States and regulating quality standards for surface waters. Facilities are governed by local wastewater pretreatment standards issued by local wastewater treatment plants.

Additional Information:
Addresses energy production and contains Underground Storage Tank provisions.

 	Underground Storage Tank Training must be conducted every seven years.

Additional Information:
Governs the handling, storage, and disposal of radioactive materials. See the General Statement of Policy and Procedures for NRC Enforcement Actions","Waste water permits and reporting quarterly.

Additional Requirements:
Waste water permits and reporting quarterly.

Additional Requirements:
Underground Storage Tank annual registration and postings required September 1 of each year.

Additional Requirements:
All licensees possessing Category 1 and 2 sources are responsible for reporting information to the National Source Tracking System.",Campus Safety,federal,t,,,2025-03-06 14:30:12.405,,,,Waste water permits and reporting quarterly.,https://www.ed.gov,Department of Education,"","","","","","",Waste water permits and reporting quarterly.,"",,,"","",,,1,,2025-03-07 15:21:09.709673,,t,,,,"[{""type"": ""attestation"", ""status"": ""pending"", ""enabled"": true, ""required"": false}, {""type"": ""website_publish"", ""status"": ""pending"", ""enabled"": true, ""required"": false}, {""type"": ""community_communication"", ""status"": ""pending"", ""enabled"": true, ""required"": false}, {""type"": ""agency_submission"", ""status"": ""pending"", ""enabled"": true, ""required"": false}]","",,
4569,REG2002,Emergency Planning and Community Right Act (EPCRA),Environmental Health and Safety,42 U.S.C. §§ 11001 - 11050,1699,"Helps communities plan for emergencies involving hazardous substances.

 	The Act establishes requirements for federal, state and local governments, Indian tribes, and industry regarding emergency planning and ""Community Right-to-Know"" reporting on hazardous and toxic chemicals.

 	The Community Right-to-Know provisions help increase the public's knowledge and access to information on chemicals at individual facilities, their uses, and releases into the environment.

 	States and communities, working with facilities, can use the information to improve chemical safety and protect public health and the environment.

 	Hazardous chemical training must be conducted annually.

Additional Information:
Provides for federal regulation of pesticide distribution, sale, and use.","42 U.S.C. § 11021 and § 11022; 40 C.F.R. § 370.21 and § 370.25: By March 1st of each year, the owner or operator of any facility which is required to have available a material safety data sheet for a hazardous chemical under OSHA shall prepare and submit an emergency and hazardous chemical inventory.

Facilities must report the storage, use, and release of certain hazardous chemicals bi-annually.

Additional Requirements:
No specific requirements provided",Campus Safety,federal,t,,,2025-03-06 14:30:12.672,,,,"42 U.S.C. § 11021 and § 11022; 40 C.F.R. § 370.21 and § 370.25: By March 1st of each year, the owner or operator of any facility which is required to have available a material safety data sheet for a hazardous chemical under OSHA shall prepare and submit an emergency and hazardous chemical inventory.

Facilities must report the storage, use, and release of certain hazardous chemicals bi-annually.",https://www.ed.gov,Department of Education,"","","","","","","42 U.S.C. § 11021 and § 11022; 40 C.F.R. § 370.21 and § 370.25: By March 1st of each year, the owner or operator of any facility which is required to have available a material safety data sheet for a hazardous chemical under OSHA shall prepare and submit an emergency and hazardous chemical inventory.

Facilities must report the storage, use, and release of certain hazardous chemicals bi-annually.","",,,"","",,,1,,2025-03-07 15:21:09.709673,,t,,,,"[{""type"": ""attestation"", ""status"": ""pending"", ""enabled"": true, ""required"": false}, {""type"": ""website_publish"", ""status"": ""pending"", ""enabled"": true, ""required"": false}, {""type"": ""community_communication"", ""status"": ""pending"", ""enabled"": true, ""required"": false}, {""type"": ""agency_submission"", ""status"": ""pending"", ""enabled"": true, ""required"": false}]","",,
4573,REG1844,Guarding and Use of Hand & Portable Powered Tools,Environmental Health and Safety,Housing & Urban Development Lead Based Paint Poisoning in Certain Residential Structures,1697,"The University is responsible for the safe condition and guarding of portable powered tools/equipment (ex: saws/drills/drivers/sanders/grinders/ pneumatic tools/explosive fasteners, etc.) including tools furnished by employees.

Additional Information:
The University must provide lessees with a federally-approved pamphlet on lead poisoning prevention.","Annually, the University must provide a disclosure notice to lessees of property built prior to 1978 that such structures may contain lead based paint and/or lead based paint hazards, regarding the health risks of such hazard, and disclosing any known lead paint or hazard.",Campus Safety,federal,t,,,2025-03-06 14:30:13.563,,,,"",https://www.ed.gov,Department of Education,"","","","","","","","",,,"","",,,1,,2025-03-07 15:21:09.709673,,t,,,,"[{""type"": ""attestation"", ""status"": ""pending"", ""enabled"": true, ""required"": false}, {""type"": ""website_publish"", ""status"": ""pending"", ""enabled"": true, ""required"": false}, {""type"": ""community_communication"", ""status"": ""pending"", ""enabled"": true, ""required"": false}, {""type"": ""agency_submission"", ""status"": ""pending"", ""enabled"": true, ""required"": false}]","",,
4574,REG1846,Hazardous Materials Transportation Act,Environmental Health and Safety,49 U.S.C. §§ 5101-5128,1724,"Primary objective is to provide adequate protection against the risks to life and property inherent in the transportation of hazardous material in commerce by improving the regulatory and enforcement authority of the Secretary of Transportation.

 	Training is required 90 days after employment or change in job function, followed by recurrent training once every three years.

Additional Information:
Implemented under the Environmental Protection Agency's (EPA) powers under the Clean Air Act, the rule requires that the university submit an annual report on the university's greenhouse gas emissions. Gases covered by the rule include carbon dioxide (CO2), methane (CH4), nitrous oxide (N2O), hydro fluorocarbons (HFC), per fluorocarbons (PFC), sulfur hexafluoride (SF6) and other fluorinated gases and hydro fluorinated ethers.","University personnel who transport or cause to be transported hazardous materials must file annually a registration statement by June 30.

Additional Requirements:
The University must submit an annual report on the University’s greenhouse gas emissions.",Campus Safety,federal,t,,,2025-03-06 14:30:13.768,,,,University personnel who transport or cause to be transported hazardous materials must file annually a registration statement by June 30.,https://www.ed.gov,Department of Education,"","","","","","",University personnel who transport or cause to be transported hazardous materials must file annually a registration statement by June 30.,"",,,"","",,,1,,2025-03-07 15:21:09.709673,,t,,,,"[{""type"": ""attestation"", ""status"": ""pending"", ""enabled"": true, ""required"": false}, {""type"": ""website_publish"", ""status"": ""pending"", ""enabled"": true, ""required"": false}, {""type"": ""community_communication"", ""status"": ""pending"", ""enabled"": true, ""required"": false}, {""type"": ""agency_submission"", ""status"": ""pending"", ""enabled"": true, ""required"": false}]","",,
4570,REG1842,Energy Policy Act,Environmental Health and Safety,42 U.S.C. §§ 13201-13574,1702,"Addresses energy production and contains Underground Storage Tank provisions.

 	Underground Storage Tank Training must be conducted every seven years.

Additional Information:
The University is responsible for the safe condition and guarding of portable powered tools/equipment (ex: saws/drills/drivers/sanders/grinders/ pneumatic tools/explosive fasteners, etc.) including tools furnished by employees.

Additional Information:
The University must ensure that no employee is exposed to an airborne concentration of asbestos in excess of 0.1 fiber per cubic centimeter of air as an eight hour time-weighted average. &nbsp;Applies to occupational exposure other than construction.
The University must perform initial monitoring where employees are or may reasonably be expected to be exposed at or above the exposure limit, and must promptly notify such employees of the results within 15 working days.
Required, repeated monitoring depends on the initial results. Additional safety and compliance procedures are required.","Underground Storage Tank annual registration and postings required September 1 of each year.

Additional Requirements:
No specific requirements provided

Additional Requirements:
No specific requirements provided",Campus Safety,federal,t,,,2025-03-06 14:30:14.818,,,,Underground Storage Tank annual registration and postings required September 1 of each year.,https://www.ed.gov,Department of Education,"","","","","","",Underground Storage Tank annual registration and postings required September 1 of each year.,"",,,"","",,,1,,2025-03-07 15:21:09.709673,,t,,,,"[{""type"": ""attestation"", ""status"": ""pending"", ""enabled"": true, ""required"": false}, {""type"": ""website_publish"", ""status"": ""pending"", ""enabled"": true, ""required"": false}, {""type"": ""community_communication"", ""status"": ""pending"", ""enabled"": true, ""required"": false}, {""type"": ""agency_submission"", ""status"": ""pending"", ""enabled"": true, ""required"": false}]","",,
4572,REG1843,"Federal Insecticide, Fungicide and Rodenticide Act",Environmental Health and Safety,7 U.S.C. §§ 136-136y,1730,"Provides for federal regulation of pesticide distribution, sale, and use.

Additional Information:
Regulation of underground storage tanks and land-based disposal of hazardous substances.

Additional Information:
The university must maintain a written exposure control plan and provide appropriate instruction on precautions to all workers who might become exposed to blood or other potentially infectious materials.

Additional Information:
The University must have a written emergency action plan kept in the workplace and available for employee review upon request.

Additional Information:
The OSHA noise exposure standards define two action levels at which worker protection must be provided and used, based on the 8 hour time weighted average of noise levels that the worker is exposed to throughout the day.

Additional Information:
Provides strict guidelines for laboratory safety. Key components of the laboratory standard include having a chemical hygiene plan and providing employees with training and information. The laboratory standard applies to labs that:

 	use hazardous chemicals

 	serve as workplaces where relatively small amounts of hazardous chemicals are used on a nonproduction basis

 	hazardous chemicals are manipulated on a laboratory scale

 	use multiple chemical procedures or chemicals

 	have procedures not part of a production process

 	use protective practices and equipment to minimize the potential for employee exposure to hazardous chemicals


These hazardous chemicals include those regulated under 29 CFR 1910 subpart Z, and those defined under the Hazard Communication Standard, 29 CFR 1910.1200

Additional Information:
Regulation requires container inspection and integrity, testing, recordkeeping, annual training for employees who handle oil, and annual discharge prevention briefings.","Requires reporting of installation of tanks, suspected releases, and confirmed releases to authorities.

Additional Requirements:
No specific requirements provided

Additional Requirements:
Not Applicable

Additional Requirements:
Not Applicable

Additional Requirements:
Not Applicable

Additional Requirements:
Spill Prevention, Control, and Countermeasure Rule reporting due every five years.",Campus Safety,federal,t,,,2025-03-06 14:30:16.708,,,,"",https://www.ed.gov,Department of Education,"","","","","","","","",,,"","",,,1,,2025-03-07 15:21:09.709673,,t,,,,"[{""type"": ""attestation"", ""status"": ""pending"", ""enabled"": true, ""required"": false}, {""type"": ""website_publish"", ""status"": ""pending"", ""enabled"": true, ""required"": false}, {""type"": ""community_communication"", ""status"": ""pending"", ""enabled"": true, ""required"": false}, {""type"": ""agency_submission"", ""status"": ""pending"", ""enabled"": true, ""required"": false}]","",,
4575,REG1845,Hazardous and Solid Waste Amendments of 1984,Environmental Health and Safety,42 U.S.C. §§ 6921-6939g,1712,"Regulation of underground storage tanks and land-based disposal of hazardous substances.

Additional Information:
Institutions are liable for any pollution-related incident that occurs during the transportation of hazardous material.

Additional Information:
Regulations apply to owners of more than four residential housing units built before 1978.


Before ratification of a contract for housing sale or lease, sellers and landlords must:

 	<li style=""list-style-type: none"">

 	Give an EPA-approved information pamphlet on identifying and controlling lead-based paint hazards (""Protect Your Family From Lead In Your Home"" pamphlet).

 	Disclose any known information concerning lead-based paint or lead-based paint hazards. The seller or landlord must also disclose information such as the location of the lead-based paint and/or lead-based paint hazards, and the condition of the painted surfaces.

 	Provide any records and reports on lead-based paint and/or lead-based paint hazards which are available to the seller or landlord (for multi-unit buildings, this requirement includes records and reports concerning common areas and other units, when such information was obtained as a result of a building-wide evaluation).

 	Include an attachment to the contractor lease (or insert language in the lease itself) which includes a Lead Warning Statement and confirms that the seller or landlord has complied with all notification requirements. This attachment is to be provided in the same language used in the rest of the contract. Sellers or landlords, and agents, as well as homebuyers or tenants, must sign and date the attachment.

 	Sellers must provide homebuyers a 10-day period to conduct a paint inspection or risk assessment for lead-based paint or lead-based paint hazards. Parties may mutually agree, in writing, to lengthen or shorten the time period for inspection. Homebuyers may waive this inspection opportunity.

 	Sellers and lessors must retain a copy of the disclosures for no less than three years from the date of sale or the date the leasing period begins.

Additional Information:
Gives the EPA authority to control hazardous waste generation, transportation, treatment, storage and disposal.

 	If the university is a hazardous waste generator it must:

 	Certify there is a program in place to reduce quantity and toxicity of waste to the degree economically practicable;

 	Establish record-keeping practices for waste generated; 3. Use appropriate containers and labeling practices for storage, transport or disposal, and use a manifest system.

 	If the university is a small quantity generator, it must provide to the EPA every year setting out quantities and nature of waste generated, how disposed, efforts to reduce volume and toxicity, and changes in volume and toxicity achieved.

 	Underground Storage Tank training must be conducted every 7 years.

Additional Information:
Covers the standards for used oil storage, recordkeeping, labeling, off-site shipments, recycling, etc.

Additional Information:
All colleges and universities that possess select agents, which are certain biological agents and toxins, need to register with the Secretary of the U.S. Department of Health and Human Services.

 	Requires prompt notification of the release of a select agent outside of the biocontainment area, or of theft or loss of a select agent.

 	The university must also deny access to the agents/toxins by restricted persons.

Additional Information:
Regulates the use and disposal of certain chemicals, including PCBs used in electrical transformers. Must comply with regulations concerning use, service, storage, and disposal of transformers containing PCBs.

 	The Act requires the identification, inventory, marking and quarterly inspection of PCB transformers.","Requires reporting of installation of tanks, suspected releases, and confirmed releases to authorities.

Additional Requirements:
No specific requirements provided

Additional Requirements:
No specific requirements provided

Additional Requirements:
Underground Storage Tank annual registration and postings required by September 1 of each year.

Additional Requirements:
No specific requirements provided

Additional Requirements:
Universities must keep comprehensive inventories of select agents and must submit the names and other identifying information for individuals who the university determines have a legitimate need to handle or use the toxins.

Additional Requirements:
15 U.S.C. § 2607; 40 C.F.R. § 761.180: A written annual document log of the disposition of PCBs and PCB items must be prepared for each facility by July 1st, covering the previous calendar year (January through December). The written annual report, which summarizes the records and annual document log shall be submitted to the EPA Regional Administrator by July 15th of each year.",Campus Safety,federal,t,,,2025-03-06 14:30:17.759,,,,"Requires reporting of installation of tanks, suspected releases, and confirmed releases to authorities.",https://www.ed.gov,Department of Education,"","","","","","","Requires reporting of installation of tanks, suspected releases, and confirmed releases to authorities.","",,,"","",,,1,,2025-03-07 15:21:09.709673,,t,,,,"[{""type"": ""attestation"", ""status"": ""pending"", ""enabled"": true, ""required"": false}, {""type"": ""website_publish"", ""status"": ""pending"", ""enabled"": true, ""required"": false}, {""type"": ""community_communication"", ""status"": ""pending"", ""enabled"": true, ""required"": false}, {""type"": ""agency_submission"", ""status"": ""pending"", ""enabled"": true, ""required"": false}]","",,
4600,REG1863,Ethics in Government Act (Amended by Ethics Reform Act and Honest Leadership and Open Government Act of 2007),Ethics,5 U.S.C. § 7353,1727,"Members of Congress and officers and employees of the executive, legislative, and judicial branches are barred from soliciting or accepting anything of value from anyone: (1) seeking official action from, doing business with, or conducting activities regulated by the individual's employing entity or (2) whose interests may be substantially affected by the performance or nonperformance of the individual's official duties.

 	A private university that does not employ a lobbyist is subject to restrictions.

Additional Information:
Members of Congress and officers and employees of the executive, legislative, and judicial branches are barred from soliciting or accepting anything of value from anyone: (1) seeking official action from, doing business with, or conducting activities regulated by the individual's employing entity or (2) whose interests may be substantially affected by the performance or nonperformance of the individual's official duties.

 	A private university that does not employ a lobbyist is subject to restrictions.",No specific requirements provided,Human Resources,federal,t,,,2025-03-06 14:30:18.507,,,,"",https://www.dol.gov,Department of Labor,"","","","","","","","",,,"","",,,1,,2025-03-07 15:21:09.709673,,t,,,,"[{""type"": ""attestation"", ""status"": ""pending"", ""enabled"": true, ""required"": false}, {""type"": ""website_publish"", ""status"": ""pending"", ""enabled"": true, ""required"": false}, {""type"": ""community_communication"", ""status"": ""pending"", ""enabled"": true, ""required"": false}, {""type"": ""agency_submission"", ""status"": ""pending"", ""enabled"": true, ""required"": false}]","",,
4606,REG1973,Export Administration Act of 1979,Export Controls,Export Controls Act of 2018,3955,"Primary statutory basis for the Export Administration Regulations, which regulate the export of certain § dual use § item, i.e. items that are capable of both civilian and military use.

Additional Information:
Foreign Assets Control Regulations of the U.S. Department of Treasury require persons subject to U.S. jurisdiction to have a license to engage in certain transactions related to travel to, from and within regulated countries.

Additional Information:
Authorizes the President to declare the existence of an ""unusual and extraordinary threat to the national security, foreign policy, or economy of the United States"" that originates ""in whole or substantial part outside the United States."" It further authorizes the President, after such a declaration, to block transactions and freeze assets to deal with the threat.

 	In the event of an actual attack on the United States, the President can also confiscate property connected with a country, group, or person that aided in the attack.","Not Applicable

Additional Requirements:
No specific requirements provided",Research,federal,t,,,2025-03-06 14:30:20.017,,,,"",,,"","","","","","","","",,,"","",,,1,,2025-03-07 15:21:09.709673,,t,,,,"[{""type"": ""attestation"", ""status"": ""pending"", ""enabled"": true, ""required"": false}, {""type"": ""website_publish"", ""status"": ""pending"", ""enabled"": true, ""required"": false}, {""type"": ""community_communication"", ""status"": ""pending"", ""enabled"": true, ""required"": false}, {""type"": ""agency_submission"", ""status"": ""pending"", ""enabled"": true, ""required"": false}]","",,
4613,REG1870,Higher Education Act: Audits,Financial Aid,Higher Education Act: Audits,,"The university must at least annually have an independent auditor (independent certified public accountant or a government auditor) conduct a compliance audit of its administration of that program and an audit of the institution's general purpose financial statements. An audit conducted in accordance with the Office of Management and Budget's Uniform Guidance satisfies this requirement.
The audit must cover all Title IV, HEA program transactions.
Fine of up to $27,500 per violation and/or program suspension for failure to comply.

Additional Information:
The university must at least annually have an independent auditor (independent certified public accountant or a government auditor) conduct a compliance audit of its administration of that program and an audit of the institution's general purpose financial statements. An audit conducted in accordance with the Office of Management and Budget's Uniform Guidance satisfies this requirement.
The audit must cover all Title IV, HEA program transactions.
Fine of up to $27,500 per violation and/or program suspension for failure to comply.","The compliance audit and audited financial statements must be submitted to the Secretary no later than six months after the last day of the institution’s fiscal year.

Additional Requirements:
The compliance audit and audited financial statements must be submitted to the Secretary no later than six months after the last day of the institution’s fiscal year.",Academic Programs,federal,t,,,2025-03-06 14:30:21.056,,,,The compliance audit and audited financial statements must be submitted to the Secretary no later than six months after the last day of the institution’s fiscal year.,https://www.ed.gov,Department of Education,"","","","","","",The compliance audit and audited financial statements must be submitted to the Secretary no later than six months after the last day of the institution’s fiscal year.,"",,,"","",,,1,,2025-03-07 15:21:09.709673,,t,,,,"[{""type"": ""attestation"", ""status"": ""pending"", ""enabled"": true, ""required"": false}, {""type"": ""website_publish"", ""status"": ""pending"", ""enabled"": true, ""required"": false}, {""type"": ""community_communication"", ""status"": ""pending"", ""enabled"": true, ""required"": false}, {""type"": ""agency_submission"", ""status"": ""pending"", ""enabled"": true, ""required"": false}]","",,
4612,REG1873,Higher Education Act: Aid Application Verification,Financial Aid,Public Law No. 110-315,1766,"The university must maintain and use written policies and procedures for verifying information contained in student aid applications.

 	Policies and procedures must include: 1) The time period for applicants to provide documentation and consequences for failure to do so; 2) the school's verification requirements and method for notifying applicants of the results of the verification process; 3) how to correct erroneous application information; 4) how to make referrals to the Department of Education's Office of Inspector General for suspected criminal conduct by students in applying for aid.

Additional Information:
The university must maintain and use written policies and procedures for verifying information contained in student aid applications.

 	Policies and procedures must include: 1) The time period for applicants to provide documentation and consequences for failure to do so; 2) the school's verification requirements and method for notifying applicants of the results of the verification process; 3) how to correct erroneous application information; 4) how to make referrals to the Department of Education's Office of Inspector General for suspected criminal conduct by students in applying for aid.

Additional Information:
Section 488 requires exit counseling to borrowers by institutions to include information on repayment plans, debt management, and forbearance programs, among other specific information.

 	Requires institutions to provide comprehensive information on the terms and conditions of loans and borrowers' responsibilities prior to loan disbursement to a first-time borrower. Information shall be provided in simple and understandable terms and may be provided: during an entrance counseling session conducted in person; on a separate written form provided to the borrower that the borrower signs and returns to the institution of higher education; or, online, with the borrower acknowledging receipt of the information. Institutions of higher education are encouraged to provide entrance counseling through interactive programs that test borrowers' understanding of the terms and conditions of their loans.","No specific requirements provided

Additional Requirements:
No deadline is set, but September 1 is suggested.",Academic Programs,federal,t,,,2025-03-06 14:30:22.357,,,,"",https://www.ed.gov,Department of Education,"","","","","","","","",,,"","",,,1,,2025-03-07 15:21:09.709673,,t,,,,"[{""type"": ""attestation"", ""status"": ""pending"", ""enabled"": true, ""required"": false}, {""type"": ""website_publish"", ""status"": ""pending"", ""enabled"": true, ""required"": false}, {""type"": ""community_communication"", ""status"": ""pending"", ""enabled"": true, ""required"": false}, {""type"": ""agency_submission"", ""status"": ""pending"", ""enabled"": true, ""required"": false}]","",,
4615,REG1980,Higher Education Act: Cash Management,Financial Aid,Public Law No. 110-315,1766,"Establishes rules and procedures institutions must follow in requesting, maintaining, disbursing, and otherwise managing most Title IV funds.

Additional Information:
Establishes rules and procedures institutions must follow in requesting, maintaining, disbursing, and otherwise managing most Title IV funds.

Additional Information:
Annually the institution must distribute to all enrolled students a notice of availability of the following: 1) financial assistance available; 2) institutional information (e.g., cost of attendance including tuition, room, board, books and transportation; refund policy; description of academic programs and facilities; withdrawal requirements, facilities for the disabled; names of accrediting or licensing entities); 3) retention, completion, graduation, and transfer-out rates; 4) employment and graduate school enrollment information for graduates of the institution's degree programs; 5) annual security report; 6) report on athletic program participation rates and financial support data; 7) FERPA notice regarding how to obtain student information.

 	The foregoing must also be made available to prospective students upon request.

 	Notice may be given online.","No specific requirements provided

Additional Requirements:
No deadline for disclosures to enrolled students is set, but September 1 is suggested.",Academic Programs,federal,t,,,2025-03-06 14:30:23.157,,,,"",https://www.ed.gov,Department of Education,"","","","","","","","",,,"","",,,1,,2025-03-07 15:21:09.709673,,t,,,,"[{""type"": ""attestation"", ""status"": ""pending"", ""enabled"": true, ""required"": false}, {""type"": ""website_publish"", ""status"": ""pending"", ""enabled"": true, ""required"": false}, {""type"": ""community_communication"", ""status"": ""pending"", ""enabled"": true, ""required"": false}, {""type"": ""agency_submission"", ""status"": ""pending"", ""enabled"": true, ""required"": false}]","",,
4637,REG2047,Controlling the Assault of Non-Solicited Pornography And Marketing Act of 2003 (CAN-SPAM Act),Fundraising & Development,15 U.S.C. §§ 7701-7713,1594,"Prohibits the inclusion of deceptive or misleading information and subject headings, requires identifying information such as a return address in email messages, and prohibits sending emails to a recipient after an explicit response that the recipient does not want to continue receiving messages.

 	In addition to bulk email, the law covers all commercial messages, which it defines as ""any electronic mail message the primary purpose of which is the commercial advertisement or promotion of a commercial product or service""

 	Each separate email in violation of the CAN-SPAM Act is subject to penalties of up to $16,000.

Additional Information:
Prohibits the inclusion of deceptive or misleading information and subject headings, requires identifying information such as a return address in email messages, and prohibits sending emails to a recipient after an explicit response that the recipient does not want to continue receiving messages.

 	In addition to bulk email, the law covers all commercial messages, which it defines as ""any electronic mail message the primary purpose of which is the commercial advertisement or promotion of a commercial product or service""

 	Each separate email in violation of the CAN-SPAM Act is subject to penalties of up to $16,000.",No specific requirements provided,Finance,federal,t,,,2025-03-06 14:30:25.962,,,,"",,,"","","","","","","","",,,"","",,,1,,2025-03-07 15:21:09.709673,,t,,,,"[{""type"": ""attestation"", ""status"": ""pending"", ""enabled"": true, ""required"": false}, {""type"": ""website_publish"", ""status"": ""pending"", ""enabled"": true, ""required"": false}, {""type"": ""community_communication"", ""status"": ""pending"", ""enabled"": true, ""required"": false}, {""type"": ""agency_submission"", ""status"": ""pending"", ""enabled"": true, ""required"": false}]","",,
4645,REG1891,Untitled Regulation,Grants Management,Department of Health and Human Services Grants Policy Statement,1735,"Intended to make available in a single document the general terms and conditions of HHS discretionary grant and cooperative agreement awards.

 	This policy statement applies only to HHS discretionary grant programs and only to awards to organizational entities made by Operating Divisions other than the National Institutes of Health (NIH). It does not apply to awards under mandatory grant programs (e.g., entitlement programs) or to awards made directly to individuals (e.g., scholarships).

Additional Information:
Intended to make available in a single document the general terms and conditions of HHS discretionary grant and cooperative agreement awards.

 	This policy statement applies only to HHS discretionary grant programs and only to awards to organizational entities made by Operating Divisions other than the National Institutes of Health (NIH). It does not apply to awards under mandatory grant programs (e.g., entitlement programs) or to awards made directly to individuals (e.g., scholarships).",No specific requirements provided,Research,federal,t,,,2025-03-06 14:30:27.527,,,,"",,,"","","","","","","","",,,"","",,,1,,2025-03-07 15:21:09.709673,,t,,,,"[{""type"": ""attestation"", ""status"": ""pending"", ""enabled"": true, ""required"": false}, {""type"": ""website_publish"", ""status"": ""pending"", ""enabled"": true, ""required"": false}, {""type"": ""community_communication"", ""status"": ""pending"", ""enabled"": true, ""required"": false}, {""type"": ""agency_submission"", ""status"": ""pending"", ""enabled"": true, ""required"": false}]","",,
4646,REG1890,Byrd Amendment,Grants Management,31 U.S.C. § 1352,1675,"Prohibits grantees from lobbying with federal funds.

 	Requires disclosure of lobbying activities when receiving federal contracts, grants, loans or cooperative agreements.

Additional Information:
Prohibits grantees from lobbying with federal funds.

 	Requires disclosure of lobbying activities when receiving federal contracts, grants, loans or cooperative agreements.","Requires certification and disclosure with each submission for consideration of a federal contract, grant or cooperative agreement exceeding $100,000 or an award of a federal loan or commitment providing for the U.S. to insure or guarantee a loan exceeding $150,000.

Federal contractors, grantees and those receiving federal loans and cooperative agreements must also report lobbying expenditures from non-federal sources which they used to obtain such federal program monies or contracts.

Additional Requirements:
Requires certification and disclosure with each submission for consideration of a federal contract, grant or cooperative agreement exceeding $100,000 or an award of a federal loan or commitment providing for the U.S. to insure or guarantee a loan exceeding $150,000.

Federal contractors, grantees and those receiving federal loans and cooperative agreements must also report lobbying expenditures from non-federal sources which they used to obtain such federal program monies or contracts.",Research,federal,t,,,2025-03-06 14:30:27.725,,,,"Requires certification and disclosure with each submission for consideration of a federal contract, grant or cooperative agreement exceeding $100,000 or an award of a federal loan or commitment providing for the U.S. to insure or guarantee a loan exceeding $150,000.

Federal contractors, grantees and those receiving federal loans and cooperative agreements must also report lobbying expenditures from non-federal sources which they used to obtain such federal program monies or contracts.",,,"","","","","","","Requires certification and disclosure with each submission for consideration of a federal contract, grant or cooperative agreement exceeding $100,000 or an award of a federal loan or commitment providing for the U.S. to insure or guarantee a loan exceeding $150,000.

Federal contractors, grantees and those receiving federal loans and cooperative agreements must also report lobbying expenditures from non-federal sources which they used to obtain such federal program monies or contracts.","",,,"","",,,1,,2025-03-07 15:21:09.709673,,t,,,,"[{""type"": ""attestation"", ""status"": ""pending"", ""enabled"": true, ""required"": false}, {""type"": ""website_publish"", ""status"": ""pending"", ""enabled"": true, ""required"": false}, {""type"": ""community_communication"", ""status"": ""pending"", ""enabled"": true, ""required"": false}, {""type"": ""agency_submission"", ""status"": ""pending"", ""enabled"": true, ""required"": false}]","",,
4648,REG1892,False Claims Act,Grants Management,31 U.S.C. §§ 3729-3733,1677,"The FCA imposes liability on any person who knowingly submits a false claim (defined as a demand for money or property made directly to the Federal Government or to a contractor, grantee, or other recipient of federal funds ) or causes another to submit a false claim or knowingly makes a false record or statement to get a false claim paid by the government.

 	The FCA allows private persons to file suit for violations of the FCA on behalf of the government. A suit filed by an individual on behalf of the government is known as a “qui tam” action, and the person bringing the action is referred to as a “relator.”

Additional Information:
The FCA imposes liability on any person who knowingly submits a false claim (defined as a demand for money or property made directly to the Federal Government or to a contractor, grantee, or other recipient of federal funds ) or causes another to submit a false claim or knowingly makes a false record or statement to get a false claim paid by the government.

 	The FCA allows private persons to file suit for violations of the FCA on behalf of the government. A suit filed by an individual on behalf of the government is known as a “qui tam” action, and the person bringing the action is referred to as a “relator.”",No specific requirements provided,Research,federal,t,,,2025-03-06 14:30:28.11,,,,"",,,"","","","","","","","",,,"","",,,1,,2025-03-07 15:21:09.709673,,t,,,,"[{""type"": ""attestation"", ""status"": ""pending"", ""enabled"": true, ""required"": false}, {""type"": ""website_publish"", ""status"": ""pending"", ""enabled"": true, ""required"": false}, {""type"": ""community_communication"", ""status"": ""pending"", ""enabled"": true, ""required"": false}, {""type"": ""agency_submission"", ""status"": ""pending"", ""enabled"": true, ""required"": false}]","",,
4650,REG2009,Federal Funding Accountability and Transparency Act of 2006 (FFATA),Grants Management,Public Law No. 109-282,"1760,3960","The Act requires full disclosure to public of all entities/orgs receiving federal funds via single searchable website accessible to public at no cost (www.USASpending.gov).

 	For each award the University must include: 1) Name of receiving entity; 2) amount; 3) transaction type, funding agency and program source; 4) location of recipient entity and primary location of performance; 5) reporting on executive compensation for first-tier sub award recipients; and 6) unique recipient entity identifier.

 	Reporting requirements apply to vendors as well as sub-grantees.

Additional Information:
The Act requires full disclosure to public of all entities/orgs receiving federal funds via single searchable website accessible to public at no cost (www.USASpending.gov).

 	For each award the University must include: 1) Name of receiving entity; 2) amount; 3) transaction type, funding agency and program source; 4) location of recipient entity and primary location of performance; 5) reporting on executive compensation for first-tier sub award recipients; and 6) unique recipient entity identifier.

 	Reporting requirements apply to vendors as well as sub-grantees.","Reporting must occur in the month following the date of full execution of the sub-award (as determined by the University).

Additional Requirements:
Reporting must occur in the month following the date of full execution of the sub-award (as determined by the University).",Research,federal,t,,,2025-03-06 14:30:28.491,,,,Reporting must occur in the month following the date of full execution of the sub-award (as determined by the University).,,,"","","","","","",Reporting must occur in the month following the date of full execution of the sub-award (as determined by the University).,"",,,"","",,,1,,2025-03-07 15:21:09.709673,,t,,,,"[{""type"": ""attestation"", ""status"": ""pending"", ""enabled"": true, ""required"": false}, {""type"": ""website_publish"", ""status"": ""pending"", ""enabled"": true, ""required"": false}, {""type"": ""community_communication"", ""status"": ""pending"", ""enabled"": true, ""required"": false}, {""type"": ""agency_submission"", ""status"": ""pending"", ""enabled"": true, ""required"": false}]","",,
4677,REG2023,Cooperative Research and Technology Enhancement Act (CREATE Act),Intellectual Property and Technology Transfer,Public Law No. 108-453,1759,"Amends the Patent Act to provide that sharing of confidential information under a joint research agreement that was in effect on or before the date the claimed invention was made will not be the basis of an obviousness determination under patent law.

 	Promotes patentability of inventions created between universities and the private sector by treating inventions as having a sole owner.

Additional Information:
Amends the Patent Act to provide that sharing of confidential information under a joint research agreement that was in effect on or before the date the claimed invention was made will not be the basis of an obviousness determination under patent law.

 	Promotes patentability of inventions created between universities and the private sector by treating inventions as having a sole owner.",No specific requirements provided,Research,federal,t,,,2025-03-06 14:30:34.285,,,,"",,,"","","","","","","","",,,"","",,,1,,2025-03-07 15:21:09.709673,,t,,,,"[{""type"": ""attestation"", ""status"": ""pending"", ""enabled"": true, ""required"": false}, {""type"": ""website_publish"", ""status"": ""pending"", ""enabled"": true, ""required"": false}, {""type"": ""community_communication"", ""status"": ""pending"", ""enabled"": true, ""required"": false}, {""type"": ""agency_submission"", ""status"": ""pending"", ""enabled"": true, ""required"": false}]","",,
4655,REG1899,Americans with Disabilities Act of 1990,Housing,42 U.S.C. §§ 12101-12213,1701,"Requires reasonable accommodations to allow a qualified person with a disability to participate fully in the programs and activities of the university.

 	Requires that universities ensure that no individual with a disability is discriminated against on the basis of a disability in the full and equal enjoyment of the universities services and facilities, including university housing.

 	Enforced by multiple federal agencies, including the Department of Justice, Department of Labor, and the EEOC.

Additional Information:
Requires reasonable accommodations to allow a qualified person with a disability to participate fully in the programs and activities of the university.

 	Requires that universities ensure that no individual with a disability is discriminated against on the basis of a disability in the full and equal enjoyment of the universities services and facilities, including university housing.

 	Enforced by multiple federal agencies, including the Department of Justice, Department of Labor, and the EEOC.",No specific requirements provided,Other,federal,t,,,2025-03-06 14:30:29.468,,,,"",,,"","","","","","","","",,,"","",,,1,,2025-03-07 15:21:09.709673,,t,,,,"[{""type"": ""attestation"", ""status"": ""pending"", ""enabled"": true, ""required"": false}, {""type"": ""website_publish"", ""status"": ""pending"", ""enabled"": true, ""required"": false}, {""type"": ""community_communication"", ""status"": ""pending"", ""enabled"": true, ""required"": false}, {""type"": ""agency_submission"", ""status"": ""pending"", ""enabled"": true, ""required"": false}]","",,
4660,REG2014,Student Exchange and Visitor Information System (SEVIS),Immigration,Student Exchange and Visitor Information System (SEVIS),,"The Student and Exchange Visitor Program (SEVP) acts as the bridge for various government organizations that have an interest in information on foreign students.

 	SEVIS was created to improve data collection and reporting, enhance customer service, facilitate compliance with regulations and help Immigration and Customs Enforcement (ICE) better monitor schools and exchange programs, as well as F, M and J non-immigrants.

 	Via SEVIS, the University must keep information and records relating to each F-1 or M-1 student to whom it has issued a Form I-20A or I-20M.

Additional Information:
The Student and Exchange Visitor Program (SEVP) acts as the bridge for various government organizations that have an interest in information on foreign students.

 	SEVIS was created to improve data collection and reporting, enhance customer service, facilitate compliance with regulations and help Immigration and Customs Enforcement (ICE) better monitor schools and exchange programs, as well as F, M and J non-immigrants.

 	Via SEVIS, the University must keep information and records relating to each F-1 or M-1 student to whom it has issued a Form I-20A or I-20M.","All J-1 sponsors must submit an annual report generated from SEVIS and a narrative report. Sponsors must submit an annual report to the Department of State. The report must be filed on an academic, calendar, or fiscal year basis, as stipulated on the program’s designation or re-designation letter. The due dates are:


For Academic Year end designees (June 30th): report due to the Department of State July 31st.
For Calendar Year end designees (December 31st): report due to the Department of State January 31st.
For Fiscal Year end designees (September 30th): report due to Department of State October 31st.

Additional Requirements:
All J-1 sponsors must submit an annual report generated from SEVIS and a narrative report. Sponsors must submit an annual report to the Department of State. The report must be filed on an academic, calendar, or fiscal year basis, as stipulated on the program’s designation or re-designation letter. The due dates are:


For Academic Year end designees (June 30th): report due to the Department of State July 31st.
For Calendar Year end designees (December 31st): report due to the Department of State January 31st.
For Fiscal Year end designees (September 30th): report due to Department of State October 31st.",Human Resources,federal,t,,,2025-03-06 14:30:30.382,,,,"All J-1 sponsors must submit an annual report generated from SEVIS and a narrative report. Sponsors must submit an annual report to the Department of State. The report must be filed on an academic, calendar, or fiscal year basis, as stipulated on the program’s designation or re-designation letter. The due dates are:


For Academic Year end designees (June 30th): report due to the Department of State July 31st.
For Calendar Year end designees (December 31st): report due to the Department of State January 31st.
For Fiscal Year end designees (September 30th): report due to Department of State October 31st.",https://www.dol.gov,Department of Labor,"","","","","","","All J-1 sponsors must submit an annual report generated from SEVIS and a narrative report. Sponsors must submit an annual report to the Department of State. The report must be filed on an academic, calendar, or fiscal year basis, as stipulated on the program’s designation or re-designation letter. The due dates are:


For Academic Year end designees (June 30th): report due to the Department of State July 31st.
For Calendar Year end designees (December 31st): report due to the Department of State January 31st.
For Fiscal Year end designees (September 30th): report due to Department of State October 31st.","",,,"","",,,1,,2025-03-07 15:21:09.709673,,t,,,,"[{""type"": ""attestation"", ""status"": ""pending"", ""enabled"": true, ""required"": false}, {""type"": ""website_publish"", ""status"": ""pending"", ""enabled"": true, ""required"": false}, {""type"": ""community_communication"", ""status"": ""pending"", ""enabled"": true, ""required"": false}, {""type"": ""agency_submission"", ""status"": ""pending"", ""enabled"": true, ""required"": false}]","",,
4663,REG2015,Controlling the Assault of Non-Solicited Pornography And Marketing Act of 2003 (CAN-SPAM Act),Information Technology,15 U.S.C. §§ 7701-7713,1594,"Prohibits the inclusion of deceptive or misleading information and subject headings, requires identifying information such as a return address in email messages, and prohibits sending emails to a recipient after an explicit response that the recipient does not want to continue receiving messages.

 	In addition to bulk email, the law covers all commercial messages, which it defines as ""any electronic mail message the primary purpose of which is the commercial advertisement or promotion of a commercial product or service.""

 	Each separate email in violation of the CAN-SPAM Act is subject to penalties of up to $16,000.

Additional Information:
Prohibits the inclusion of deceptive or misleading information and subject headings, requires identifying information such as a return address in email messages, and prohibits sending emails to a recipient after an explicit response that the recipient does not want to continue receiving messages.

 	In addition to bulk email, the law covers all commercial messages, which it defines as ""any electronic mail message the primary purpose of which is the commercial advertisement or promotion of a commercial product or service.""

 	Each separate email in violation of the CAN-SPAM Act is subject to penalties of up to $16,000.",No specific requirements provided,Information Technology,federal,t,,,2025-03-06 14:30:30.953,,,,"",,,"","","","","","","","",,,"","",,,1,,2025-03-07 15:21:09.709673,,t,,,,"[{""type"": ""attestation"", ""status"": ""pending"", ""enabled"": true, ""required"": false}, {""type"": ""website_publish"", ""status"": ""pending"", ""enabled"": true, ""required"": false}, {""type"": ""community_communication"", ""status"": ""pending"", ""enabled"": true, ""required"": false}, {""type"": ""agency_submission"", ""status"": ""pending"", ""enabled"": true, ""required"": false}]","",,
4667,REG2018,"FCC – Fixed Microwave Services, Licensing",Information Technology,47 U.S.C. § 151,1718,"The University must file an application to provide fixed microwave services electronically via ULS for each Digital Electronic Message Service (DEMS) Nodal Station. Licensee may not be a foreign government or representative of a foreign government.

 	The application must contain all technical information, including but not limited to transmitting and receiving station names, coordinates, equipment, antennae information, etc.

 	Must demonstrate substantial service at the time of license renewal, and must provide a description of current service.

Additional Information:
The University must file an application to provide fixed microwave services electronically via ULS for each Digital Electronic Message Service (DEMS) Nodal Station. Licensee may not be a foreign government or representative of a foreign government.

 	The application must contain all technical information, including but not limited to transmitting and receiving station names, coordinates, equipment, antennae information, etc.

 	Must demonstrate substantial service at the time of license renewal, and must provide a description of current service.",No specific requirements provided,Information Technology,federal,t,,,2025-03-06 14:30:31.756,,,,"",,,"","","","","","","","",,,"","",,,1,,2025-03-07 15:21:09.709673,,t,,,,"[{""type"": ""attestation"", ""status"": ""pending"", ""enabled"": true, ""required"": false}, {""type"": ""website_publish"", ""status"": ""pending"", ""enabled"": true, ""required"": false}, {""type"": ""community_communication"", ""status"": ""pending"", ""enabled"": true, ""required"": false}, {""type"": ""agency_submission"", ""status"": ""pending"", ""enabled"": true, ""required"": false}]","",,
4662,REG2016,Communications Assistance for Law Enforcement Act (CALEA),Information Technology,47 U.S.C. §§ 1001-1010,1721,"CALEA requires a ""telecommunications carrier,"" as defined by the Act, to ensure that equipment, facilities, or services that allow a customer or subscriber to ""originate, terminate, or direct communications,"" enable law enforcement officials to conduct electronic surveillance pursuant to court order or other lawful authorization.

Additional Information:
CALEA requires a ""telecommunications carrier,"" as defined by the Act, to ensure that equipment, facilities, or services that allow a customer or subscriber to ""originate, terminate, or direct communications,"" enable law enforcement officials to conduct electronic surveillance pursuant to court order or other lawful authorization.

Additional Information:
Applicable to non-profits, the Act provides that it is unlawful for the University to use a fax machine to send an unsolicited advertisement to another fax machine unless there is: 1) An established business relationship; 2) the sender obtained the fax number through voluntary communication with the recipient; and 3) the first page of the fax conspicuously states the recipient can request no further unsolicited communications.

 	Penalties include a right of private action for actual damages or $500 per fax, whichever greater, and can be increased if willful or knowing.","No specific requirements provided

Additional Requirements:
No specific requirements provided",Information Technology,federal,t,,,2025-03-06 14:30:32.93,,,,"",,,"","","","","","","","",,,"","",,,1,,2025-03-07 15:21:09.709673,,t,,,,"[{""type"": ""attestation"", ""status"": ""pending"", ""enabled"": true, ""required"": false}, {""type"": ""website_publish"", ""status"": ""pending"", ""enabled"": true, ""required"": false}, {""type"": ""community_communication"", ""status"": ""pending"", ""enabled"": true, ""required"": false}, {""type"": ""agency_submission"", ""status"": ""pending"", ""enabled"": true, ""required"": false}]","",,
4675,REG1942,American Jobs Creation Act of 2004,Intellectual Property and Technology Transfer,26 U.S.C. § 170,1646,"For contributions of patents and certain other intellectual property made to a 501(c)(3) after June 3, 2004 the taxpayer's initial contribution deduction is limited to the lesser of the donor's basis in the contributed property or the fair market value of the property.

Additional Information:
For contributions of patents and certain other intellectual property made to a 501(c)(3) after June 3, 2004 the taxpayer's initial contribution deduction is limited to the lesser of the donor's basis in the contributed property or the fair market value of the property.","The institution is expected to file

Additional Requirements:
The institution is expected to file",Research,federal,t,,,2025-03-06 14:30:33.581,,,,The institution is expected to file,,,"","","","","","",The institution is expected to file,"",,,"","",,,1,,2025-03-07 15:21:09.709673,,t,,,,"[{""type"": ""attestation"", ""status"": ""pending"", ""enabled"": true, ""required"": false}, {""type"": ""website_publish"", ""status"": ""pending"", ""enabled"": true, ""required"": false}, {""type"": ""community_communication"", ""status"": ""pending"", ""enabled"": true, ""required"": false}, {""type"": ""agency_submission"", ""status"": ""pending"", ""enabled"": true, ""required"": false}]","",,
4679,REG2024,U.S. Patent Act,Intellectual Property and Technology Transfer,35 U.S.C. §§ 1-390,1680,"The consolidated patent laws specify the subject matter for which a patent may be obtained and the conditions for patentability.  They also include requirements related to representation before the U.S. Patent and Trademark Office, applications for registration, examination procedures, amendment of applications, publication and post publication procedures, appeals, petitions, post registration practice, correspondence in trademark cases, classification of goods and services, and procedures under the Madrid Protocol.

 	The laws establish the Office to administer the law relating to the granting of patents and contain various other provisions relating to patents.

Additional Information:
The consolidated patent laws specify the subject matter for which a patent may be obtained and the conditions for patentability.  They also include requirements related to representation before the U.S. Patent and Trademark Office, applications for registration, examination procedures, amendment of applications, publication and post publication procedures, appeals, petitions, post registration practice, correspondence in trademark cases, classification of goods and services, and procedures under the Madrid Protocol.

 	The laws establish the Office to administer the law relating to the granting of patents and contain various other provisions relating to patents.",No specific requirements provided,Research,federal,t,,,2025-03-06 14:30:34.747,,,,"",,,"","","","","","","","",,,"","",,,1,,2025-03-07 15:21:09.709673,,t,,,,"[{""type"": ""attestation"", ""status"": ""pending"", ""enabled"": true, ""required"": false}, {""type"": ""website_publish"", ""status"": ""pending"", ""enabled"": true, ""required"": false}, {""type"": ""community_communication"", ""status"": ""pending"", ""enabled"": true, ""required"": false}, {""type"": ""agency_submission"", ""status"": ""pending"", ""enabled"": true, ""required"": false}]","",,
4681,REG2025,Foreign Agents Registration Act of 1938,International Activities and Programs,22 U.S.C. §§§ 611-621,1642,"Requires persons acting as agents of foreign principals in a political or quasi-political capacity to make periodic public disclosure of their relationship with the foreign principal, as well as activities, receipts and disbursements in support of those activities.

 	The FARA Registration Unit of the Counterespionage Section (CES) in the National Security Division (NSD) is responsible for the administration and enforcement of the Act.

Additional Information:
Requires persons acting as agents of foreign principals in a political or quasi-political capacity to make periodic public disclosure of their relationship with the foreign principal, as well as activities, receipts and disbursements in support of those activities.

 	The FARA Registration Unit of the Counterespionage Section (CES) in the National Security Division (NSD) is responsible for the administration and enforcement of the Act.","Registration under the Act is accomplished by the filing of an initial statement together with the required exhibits and the filing of a supplemental statement at intervals of 6 months for the duration of the principal-agent relationship requiring registration.

An agent must file with the Department of Justice any informational materials distributed on the behalf of the foreign principal to two or more persons in the United States within 48 hours of distribution.

Additional Requirements:
Registration under the Act is accomplished by the filing of an initial statement together with the required exhibits and the filing of a supplemental statement at intervals of 6 months for the duration of the principal-agent relationship requiring registration.

An agent must file with the Department of Justice any informational materials distributed on the behalf of the foreign principal to two or more persons in the United States within 48 hours of distribution.",Other,federal,t,,,2025-03-06 14:30:35.42,,,,"Registration under the Act is accomplished by the filing of an initial statement together with the required exhibits and the filing of a supplemental statement at intervals of 6 months for the duration of the principal-agent relationship requiring registration.

An agent must file with the Department of Justice any informational materials distributed on the behalf of the foreign principal to two or more persons in the United States within 48 hours of distribution.",,,"","","","","","","Registration under the Act is accomplished by the filing of an initial statement together with the required exhibits and the filing of a supplemental statement at intervals of 6 months for the duration of the principal-agent relationship requiring registration.

An agent must file with the Department of Justice any informational materials distributed on the behalf of the foreign principal to two or more persons in the United States within 48 hours of distribution.","",,,"","",,,1,,2025-03-07 15:21:09.709673,,t,,,,"[{""type"": ""attestation"", ""status"": ""pending"", ""enabled"": true, ""required"": false}, {""type"": ""website_publish"", ""status"": ""pending"", ""enabled"": true, ""required"": false}, {""type"": ""community_communication"", ""status"": ""pending"", ""enabled"": true, ""required"": false}, {""type"": ""agency_submission"", ""status"": ""pending"", ""enabled"": true, ""required"": false}]","",,
4683,REG1945,Honest Leadership and Open Government Act of 2007,Lobbying and Political Activities,Honest Leadership and Open Government Act of 2007,,"Made a number of changes to the Lobbying Disclosure Act, including a ban on most gifts from an independent college or university that employs or engages a lobbyist.

Additional Information:
Made a number of changes to the Lobbying Disclosure Act, including a ban on most gifts from an independent college or university that employs or engages a lobbyist.","Requires active lobbying registrants and individual lobbyists to file a semi-annual report of certain contributions along with certification that the filer understands the gift and travel rules of both the House and the Senate by the following deadlines:
July 30 Mid-Year (January 1 – June 30)
January 30 Year End (July 1 – December 31)

Additional Requirements:
Requires active lobbying registrants and individual lobbyists to file a semi-annual report of certain contributions along with certification that the filer understands the gift and travel rules of both the House and the Senate by the following deadlines:
July 30 Mid-Year (January 1 – June 30)
January 30 Year End (July 1 – December 31)",Other,federal,t,,,2025-03-06 14:30:35.854,,,,"Requires active lobbying registrants and individual lobbyists to file a semi-annual report of certain contributions along with certification that the filer understands the gift and travel rules of both the House and the Senate by the following deadlines:
July 30 Mid-Year (January 1 – June 30)
January 30 Year End (July 1 – December 31)",,,"","","","","","","Requires active lobbying registrants and individual lobbyists to file a semi-annual report of certain contributions along with certification that the filer understands the gift and travel rules of both the House and the Senate by the following deadlines:
July 30 Mid-Year (January 1 – June 30)
January 30 Year End (July 1 – December 31)","",,,"","",,,1,,2025-03-07 15:21:09.709673,,t,,,,"[{""type"": ""attestation"", ""status"": ""pending"", ""enabled"": true, ""required"": false}, {""type"": ""website_publish"", ""status"": ""pending"", ""enabled"": true, ""required"": false}, {""type"": ""community_communication"", ""status"": ""pending"", ""enabled"": true, ""required"": false}, {""type"": ""agency_submission"", ""status"": ""pending"", ""enabled"": true, ""required"": false}]","",,
4685,REG1947,Lobbying Disclosure Act,Lobbying and Political Activities,2 U.S.C. §§ 1601-1614,"1604,1748","Requires institutions to register if they employ (as a salaried employee) individuals who make at least two lobbying contacts each six months and devote 20% of their time to lobbying activities and incur expenses for lobbying of $20,000 or more in a six-month period.

 	Permits tax exempt charitable organizations required to report lobbying expenses by the IRC to report, under this law, only good faith estimates of such expenses in order to meet reporting requirements.

Additional Information:
Requires institutions to register if they employ (as a salaried employee) individuals who make at least two lobbying contacts each six months and devote 20% of their time to lobbying activities and incur expenses for lobbying of $20,000 or more in a six-month period.

 	Permits tax exempt charitable organizations required to report lobbying expenses by the IRC to report, under this law, only good faith estimates of such expenses in order to meet reporting requirements.","Requires all active registrants to file quarterly activity reports with the Clerk of the U.S. House of Representatives and the Secretary of the U.S. Senate.
Quarterly Activity Report Deadlines:
April 20 First Quarter (January 1 – March 31)
July 20 Second Quarter (April 1 – June 30)
October 20 Third Quarter (July 1 – September 30)
January 20 Fourth Quarter (October 1 – December 31)

Additional Requirements:
Requires all active registrants to file quarterly activity reports with the Clerk of the U.S. House of Representatives and the Secretary of the U.S. Senate.
Quarterly Activity Report Deadlines:
April 20 First Quarter (January 1 – March 31)
July 20 Second Quarter (April 1 – June 30)
October 20 Third Quarter (July 1 – September 30)
January 20 Fourth Quarter (October 1 – December 31)",Other,federal,t,,,2025-03-06 14:30:36.35,,,,"Requires all active registrants to file quarterly activity reports with the Clerk of the U.S. House of Representatives and the Secretary of the U.S. Senate.
Quarterly Activity Report Deadlines:
April 20 First Quarter (January 1 – March 31)
July 20 Second Quarter (April 1 – June 30)
October 20 Third Quarter (July 1 – September 30)
January 20 Fourth Quarter (October 1 – December 31)",,,"","","","","","","Requires all active registrants to file quarterly activity reports with the Clerk of the U.S. House of Representatives and the Secretary of the U.S. Senate.
Quarterly Activity Report Deadlines:
April 20 First Quarter (January 1 – March 31)
July 20 Second Quarter (April 1 – June 30)
October 20 Third Quarter (July 1 – September 30)
January 20 Fourth Quarter (October 1 – December 31)","",,,"","",,,1,,2025-03-07 15:21:09.709673,,t,,,,"[{""type"": ""attestation"", ""status"": ""pending"", ""enabled"": true, ""required"": false}, {""type"": ""website_publish"", ""status"": ""pending"", ""enabled"": true, ""required"": false}, {""type"": ""community_communication"", ""status"": ""pending"", ""enabled"": true, ""required"": false}, {""type"": ""agency_submission"", ""status"": ""pending"", ""enabled"": true, ""required"": false}]","",,
4687,REG2026,Americans with Disabilities Act of 1990,Privacy & Information Security,42 U.S.C. §§ 12101-12213,1701,"The ADA contains strict confidentiality requirements for medical information related to employee's disabilities.

 	Enforced by multiple federal agencies, including the Department of Justice, Department of Labor, and the EEOC.

Additional Information:
The ADA contains strict confidentiality requirements for medical information related to employee's disabilities.

 	Enforced by multiple federal agencies, including the Department of Justice, Department of Labor, and the EEOC.

Additional Information:
The University must provide students the right to inspect their education records and obtain written consent to release the records to anyone other than school officials, authorized government personnel, in connection with financial aid, in an emergency, or for other specifically-allowed purposes.","No specific requirements provided

Additional Requirements:
20 U.S.C. § 1232g(e); 34 C.F.R. § 99.7 and 20 U.S.C. § 1092(a):
Each educational agency or institution shall annually notify students currently in attendance, of their rights under FERPA. Notification of these rights concurrent with fall registration is suggested, as the student needs to be told what information the student has identified as directory information and notified of his/her opportunity to place a hold on release of directory information.",Information Technology,federal,t,,,2025-03-06 14:30:38.021,,,,"",,,"","","","","","","","",,,"","",,,1,,2025-03-07 15:21:09.709673,,t,,,,"[{""type"": ""attestation"", ""status"": ""pending"", ""enabled"": true, ""required"": false}, {""type"": ""website_publish"", ""status"": ""pending"", ""enabled"": true, ""required"": false}, {""type"": ""community_communication"", ""status"": ""pending"", ""enabled"": true, ""required"": false}, {""type"": ""agency_submission"", ""status"": ""pending"", ""enabled"": true, ""required"": false}]","",,
4688,REG1949,Children’s Online Privacy Protection Act of 1998 (COPPA),Privacy & Information Security,15 U.S.C. §  6501,1580,"Regulates the collection, use and protection of information from children (up to age 13) via websites or on-line services.

 	Any for-profit websites that are directed to and collect personal info from children must, among other requirements: 1) Provide notice on the website of what info is collected, how it's used, and the operator's disclosure practices; 2) respond to parental requests for info; 3) maintain procedures to protect confidentiality, security and integrity of personal information collected.

Additional Information:
Regulates the collection, use and protection of information from children (up to age 13) via websites or on-line services.

 	Any for-profit websites that are directed to and collect personal info from children must, among other requirements: 1) Provide notice on the website of what info is collected, how it's used, and the operator's disclosure practices; 2) respond to parental requests for info; 3) maintain procedures to protect confidentiality, security and integrity of personal information collected.

Additional Information:
The act, applicable to federal agencies, also covers the University as a federal contractor where it is holding federal data pursuant to federally-funded research.

 	The Act requires that the University: 1) implement security programs and policies; 2) assess risk; and 3) periodically test controls.

Additional Information:
Provides a process by which every person may request access to a public college or university's records or information.","No specific requirements provided

Additional Requirements:
No specific requirements provided

Additional Requirements:
No specific requirements provided",Information Technology,federal,t,,,2025-03-06 14:30:38.528,,,,"",,,"","","","","","","","",,,"","",,,1,,2025-03-07 15:21:09.709673,,t,,,,"[{""type"": ""attestation"", ""status"": ""pending"", ""enabled"": true, ""required"": false}, {""type"": ""website_publish"", ""status"": ""pending"", ""enabled"": true, ""required"": false}, {""type"": ""community_communication"", ""status"": ""pending"", ""enabled"": true, ""required"": false}, {""type"": ""agency_submission"", ""status"": ""pending"", ""enabled"": true, ""required"": false}]","",,
4689,REG1950,Electronic Communications Privacy Act,Privacy & Information Security,18 U.S.C. §§ 2510-2523 (Wiretap),"1601,1602","The ECPA, as amended, protects wire, oral, and electronic communications while those communications are being made, are in transit, and when they are stored on computers.

 	The Act applies to email, telephone conversations, and data stored electronically.

Additional Information:
The ECPA, as amended, protects wire, oral, and electronic communications while those communications are being made, are in transit, and when they are stored on computers.

 	The Act applies to email, telephone conversations, and data stored electronically.

Additional Information:
Governs the collection, disclosure, and protection of consumers' personal information and personally identifiable information.

 	Requires institutions that offer consumers financial products or services like loans, financial or investment advice, or insurance to explain their information-sharing practices to their customers and to safeguard sensitive data.

Additional Information:
Establishes national standards to protect individuals' medical records and other personal health information.

 	Requires appropriate safeguards to protect the privacy of personal health information, and sets limits and conditions on the uses and disclosures that may be made of such information without patient authorization.

 	Gives patients rights to examine and obtain a copy of their health records, and to request corrections.","No specific requirements provided

Additional Requirements:
Requires financial institutions to provide consumers with privacy notices at the beginning of the loan and annually.

Additional Requirements:
Health plans must provide a Notice of Privacy Policy to enrollees once every three years and when there is a change to the policy.",Information Technology,federal,t,,,2025-03-06 14:30:39.122,,,,"",,,"","","","","","","","",,,"","",,,1,,2025-03-07 15:21:09.709673,,t,,,,"[{""type"": ""attestation"", ""status"": ""pending"", ""enabled"": true, ""required"": false}, {""type"": ""website_publish"", ""status"": ""pending"", ""enabled"": true, ""required"": false}, {""type"": ""community_communication"", ""status"": ""pending"", ""enabled"": true, ""required"": false}, {""type"": ""agency_submission"", ""status"": ""pending"", ""enabled"": true, ""required"": false}]","",,
4698,REG3388,Higher Education Act Financial Value Transparency & Gainful Employment,Program Integrity Rules,"20 U.S.C. §§ 1001, 1002",1628,"To be Title IV eligible, an educational program must either lead to a degree awarded by a public or nonprofit institution or prepare students for gainful employment (GE) in a recognized occupation.  Thus, GE programs are non-degree programs at public and nonprofit institutions, and essentially all programs at proprietary institutions.

Additional Information:
To be Title IV eligible, an educational program must either lead to a degree awarded by a public or nonprofit institution or prepare students for gainful employment (GE) in a recognized occupation.  Thus, GE programs are non-degree programs at public and nonprofit institutions, and essentially all programs at proprietary institutions.","Effective July 1, 2024, U.S. Department of Education regulations went into effect with the stated goal of addressing concerns related to student loan debt in virtually all academic programs that offer Title IV Federal Student Aid to students—both GE and “non-GE” programs—the latter being degree programs at public or nonprofit institutions. Under these regulations, “[b]eginning on July 1, 2026,” the Department will publish on a website “debt-to-earnings” and “earnings premium” metrics for these programs. To facilitate the Department’s metrics calculations, the regulations require institutions to report to the Department on multiple data points for most Title IV programs, with the first report due January 15, 2025. The Department will not calculate metrics for small programs (fewer than 30 students completing in a four-year cohort) and programs that do not participate in Title IV. Institutions must link to the Department’s website in various program materials.

For programs that fail the Department’s metrics, the regulations require institutions to provide certain disclosures to students as of July 1, 2026. These programs are:


Graduate non-GE programs at public and nonprofit institutions (i.e., not undergraduate degree programs at public and nonprofit institutions), which must secure pre-enrollment acknowledgements that students have reviewed the Department’s website; and
GE programs, which must secure the same acknowledgements and also provide students with pre-enrollment warnings about the program’s potential loss of Title IV eligibility.

If a gainful employment program fails the same metric (debt-to-earnings or earnings premium) for two out of any three consecutive award years where the metrics are calculated, the program (and “substantially similar” programs) becomes ineligible for Title IV for three years.

Additional Requirements:
Effective July 1, 2024, U.S. Department of Education regulations went into effect with the stated goal of addressing concerns related to student loan debt in virtually all academic programs that offer Title IV Federal Student Aid to students—both GE and “non-GE” programs—the latter being degree programs at public or nonprofit institutions. Under these regulations, “[b]eginning on July 1, 2026,” the Department will publish on a website “debt-to-earnings” and “earnings premium” metrics for these programs. To facilitate the Department’s metrics calculations, the regulations require institutions to report to the Department on multiple data points for most Title IV programs, with the first report due January 15, 2025. The Department will not calculate metrics for small programs (fewer than 30 students completing in a four-year cohort) and programs that do not participate in Title IV. Institutions must link to the Department’s website in various program materials.

For programs that fail the Department’s metrics, the regulations require institutions to provide certain disclosures to students as of July 1, 2026. These programs are:


Graduate non-GE programs at public and nonprofit institutions (i.e., not undergraduate degree programs at public and nonprofit institutions), which must secure pre-enrollment acknowledgements that students have reviewed the Department’s website; and
GE programs, which must secure the same acknowledgements and also provide students with pre-enrollment warnings about the program’s potential loss of Title IV eligibility.

If a gainful employment program fails the same metric (debt-to-earnings or earnings premium) for two out of any three consecutive award years where the metrics are calculated, the program (and “substantially similar” programs) becomes ineligible for Title IV for three years.",Academic Programs,federal,t,,,2025-03-06 14:30:39.547,,,,"Effective July 1, 2024, U.S. Department of Education regulations went into effect with the stated goal of addressing concerns related to student loan debt in virtually all academic programs that offer Title IV Federal Student Aid to students—both GE and “non-GE” programs—the latter being degree programs at public or nonprofit institutions. Under these regulations, “[b]eginning on July 1, 2026,” the Department will publish on a website “debt-to-earnings” and “earnings premium” metrics for these programs. To facilitate the Department’s metrics calculations, the regulations require institutions to report to the Department on multiple data points for most Title IV programs, with the first report due January 15, 2025. The Department will not calculate metrics for small programs (fewer than 30 students completing in a four-year cohort) and programs that do not participate in Title IV. Institutions must link to the Department’s website in various program materials.

For programs that fail the Department’s metrics, the regulations require institutions to provide certain disclosures to students as of July 1, 2026. These programs are:


Graduate non-GE programs at public and nonprofit institutions (i.e., not undergraduate degree programs at public and nonprofit institutions), which must secure pre-enrollment acknowledgements that students have reviewed the Department’s website; and
GE programs, which must secure the same acknowledgements and also provide students with pre-enrollment warnings about the program’s potential loss of Title IV eligibility.

If a gainful employment program fails the same metric (debt-to-earnings or earnings premium) for two out of any three consecutive award years where the metrics are calculated, the program (and “substantially similar” programs) becomes ineligible for Title IV for three years.",https://www.ed.gov,Department of Education,"","","","","","","Effective July 1, 2024, U.S. Department of Education regulations went into effect with the stated goal of addressing concerns related to student loan debt in virtually all academic programs that offer Title IV Federal Student Aid to students—both GE and “non-GE” programs—the latter being degree programs at public or nonprofit institutions. Under these regulations, “[b]eginning on July 1, 2026,” the Department will publish on a website “debt-to-earnings” and “earnings premium” metrics for these programs. To facilitate the Department’s metrics calculations, the regulations require institutions to report to the Department on multiple data points for most Title IV programs, with the first report due January 15, 2025. The Department will not calculate metrics for small programs (fewer than 30 students completing in a four-year cohort) and programs that do not participate in Title IV. Institutions must link to the Department’s website in various program materials.

For programs that fail the Department’s metrics, the regulations require institutions to provide certain disclosures to students as of July 1, 2026. These programs are:


Graduate non-GE programs at public and nonprofit institutions (i.e., not undergraduate degree programs at public and nonprofit institutions), which must secure pre-enrollment acknowledgements that students have reviewed the Department’s website; and
GE programs, which must secure the same acknowledgements and also provide students with pre-enrollment warnings about the program’s potential loss of Title IV eligibility.

If a gainful employment program fails the same metric (debt-to-earnings or earnings premium) for two out of any three consecutive award years where the metrics are calculated, the program (and “substantially similar” programs) becomes ineligible for Title IV for three years.","",,,"","",,,1,,2025-03-07 15:21:09.709673,,t,,,,"[{""type"": ""attestation"", ""status"": ""pending"", ""enabled"": true, ""required"": false}, {""type"": ""website_publish"", ""status"": ""pending"", ""enabled"": true, ""required"": false}, {""type"": ""community_communication"", ""status"": ""pending"", ""enabled"": true, ""required"": false}, {""type"": ""agency_submission"", ""status"": ""pending"", ""enabled"": true, ""required"": false}]","",,
4711,REG1954,Animal Welfare Act,Research,7 U.S.C. §§ 2131-2159,1731,"Governs the treatment of animals used for research: dogs, cats, monkeys, guinea pigs, hamsters, and other warm-blooded animals.

Additional Information:
Governs the treatment of animals used for research: dogs, cats, monkeys, guinea pigs, hamsters, and other warm-blooded animals.","9 C.F.R. § 2.36: Each reporting facility shall submit an annual report to the AC Regional Director for the State where the facility is located on or before December 1 of each calendar year. AC Regional Director means a veterinarian or his designee, employed by the U.S. Department of Agriculture Animal and Plant Health Inspection Service (APHIS), who is assigned by the Administrator to supervise and perform the official work of APHIS in a given state or states.

Additional Requirements:
9 C.F.R. § 2.36: Each reporting facility shall submit an annual report to the AC Regional Director for the State where the facility is located on or before December 1 of each calendar year. AC Regional Director means a veterinarian or his designee, employed by the U.S. Department of Agriculture Animal and Plant Health Inspection Service (APHIS), who is assigned by the Administrator to supervise and perform the official work of APHIS in a given state or states.",Research,federal,t,,,2025-03-06 14:30:42.93,,,,"9 C.F.R. § 2.36: Each reporting facility shall submit an annual report to the AC Regional Director for the State where the facility is located on or before December 1 of each calendar year. AC Regional Director means a veterinarian or his designee, employed by the U.S. Department of Agriculture Animal and Plant Health Inspection Service (APHIS), who is assigned by the Administrator to supervise and perform the official work of APHIS in a given state or states.",,,"","","","","","","9 C.F.R. § 2.36: Each reporting facility shall submit an annual report to the AC Regional Director for the State where the facility is located on or before December 1 of each calendar year. AC Regional Director means a veterinarian or his designee, employed by the U.S. Department of Agriculture Animal and Plant Health Inspection Service (APHIS), who is assigned by the Administrator to supervise and perform the official work of APHIS in a given state or states.","",,,"","",,,1,,2025-03-07 15:21:09.709673,,t,,,,"[{""type"": ""attestation"", ""status"": ""pending"", ""enabled"": true, ""required"": false}, {""type"": ""website_publish"", ""status"": ""pending"", ""enabled"": true, ""required"": false}, {""type"": ""community_communication"", ""status"": ""pending"", ""enabled"": true, ""required"": false}, {""type"": ""agency_submission"", ""status"": ""pending"", ""enabled"": true, ""required"": false}]","",,
4712,REG1956,Clinical Trials § Financial Disclosures by Investigator,Research,Clinical Trials § Financial Disclosures by Investigator,,"Clinical investigators are required to disclose financial arrangements with sponsor(s) of the studies (such as payment and royalties) and interests in the product under study or sponsor entity (i.e. proprietary interest such as a patent or other equity interest).

Additional Information:
Clinical investigators are required to disclose financial arrangements with sponsor(s) of the studies (such as payment and royalties) and interests in the product under study or sponsor entity (i.e. proprietary interest such as a patent or other equity interest).

Additional Information:
Institutions must provide a written assurance application that they will comply with the Common Rule requirements. These requirements include written procedures for reporting to the institutional review board (IRB), institutional officials, and the department or agency head of unanticipated problems involving risks to subjects or serious or continuing non-compliance, and any suspension or termination of research.

 	Human subjects research must undergo review and be approved by the designated IRB.

 	With certain exceptions, investigators must obtain informed consent from any subject used for human subjects research. (Certain requirements regarding information that must be given to prospective subjects as part of the informed consent process take effect January 19, 2018.)

 	Effective January 19, 2020, U.S.-based institutions engaged in cooperative research must use a single IRB for that portion of the research that takes place within the U.S., with certain exceptions.","No specific requirements provided

Additional Requirements:
No specific requirements provided",Research,federal,t,,,2025-03-06 14:30:44.275,,,,"",,,"","","","","","","","",,,"","",,,1,,2025-03-07 15:21:09.709673,,t,,,,"[{""type"": ""attestation"", ""status"": ""pending"", ""enabled"": true, ""required"": false}, {""type"": ""website_publish"", ""status"": ""pending"", ""enabled"": true, ""required"": false}, {""type"": ""community_communication"", ""status"": ""pending"", ""enabled"": true, ""required"": false}, {""type"": ""agency_submission"", ""status"": ""pending"", ""enabled"": true, ""required"": false}]","",,
4721,REG1924,Deferred Compensation,Retirement,26 U.S.C. § 457,1650,"Any amount of compensation deferred under an eligible deferred compensation plan, and any income attributable to the amounts so deferred, shall be includible in gross income only for the taxable year in which such compensation or other income is paid.

Additional Information:
Any amount of compensation deferred under an eligible deferred compensation plan, and any income attributable to the amounts so deferred, shall be includible in gross income only for the taxable year in which such compensation or other income is paid.

Additional Information:
If an annuity contract is purchased by an employer for an employee under a plan which meets the requirements of section 404(a)(2) (whether or not the employer deducts the amounts paid for the contract under such section), the amount actually distributed to any distributee under the contract shall be taxable to the distributee (in the year in which so distributed) under section 72 (relating to annuities).","Reporting due by the Administrator by the last day of 7th month after end of plan year. An automatic extension of up to 2 months may be obtained by filing Form 5558 with the IRS before the return/report’s regular due date.

Additional Requirements:
Reporting due by the Administrator by the last day of 7th month after end of plan year. An automatic extension of up to 2 months may be obtained by filing Form 5558 with the IRS before the return/report’s regular due date.

Additional Requirements:
Reporting by the last day of 7th month after end of plan year. An automatic extension of up to 2 months may be obtained by filing",Human Resources,federal,t,,,2025-03-07 15:52:15.179,1970-01-01 00:00:00,,[],Reporting due by the Administrator by the last day of 7th month after end of plan year. An automatic extension of up to 2 months may be obtained by filing Form 5558 with the IRS before the return/report’s regular due date.,https://www.dol.gov,Department of Labor,"","","","","","",Reporting due by the Administrator by the last day of 7th month after end of plan year. An automatic extension of up to 2 months may be obtained by filing Form 5558 with the IRS before the return/report’s regular due date.,"",,,"","",,,1,,2025-03-07 15:21:09.709673,,t,,,,"[{""type"": ""attestation"", ""status"": ""pending"", ""enabled"": true, ""required"": false}, {""type"": ""website_publish"", ""status"": ""pending"", ""enabled"": true, ""required"": false}, {""type"": ""community_communication"", ""status"": ""pending"", ""enabled"": true, ""required"": false}, {""type"": ""agency_submission"", ""status"": ""pending"", ""enabled"": true, ""required"": false}]","",,
4642,REG1887,Philanthropy Protection Act of 1995,Fundraising & Development,Public Law No. 104-62,1747,"Requires the university to provide a disclosure statement to all annuitants in a Gift Annuity Fund and also to provide the same to all prospective donors at the time of solicitation, using a letter or pamphlet format.

 	Prohibits the payment of commissions or remuneration to anyone based on the value of a charitable gift annuity given to a public charity.

Additional Information:
Requires the university to provide a disclosure statement to all annuitants in a Gift Annuity Fund and also to provide the same to all prospective donors at the time of solicitation, using a letter or pamphlet format.

 	Prohibits the payment of commissions or remuneration to anyone based on the value of a charitable gift annuity given to a public charity.

Additional Information:
Prohibits the inclusion of deceptive or misleading information and subject headings, requires identifying information such as a return address in email messages, and prohibits sending emails to a recipient after an explicit response that the recipient does not want to continue receiving messages.

 	In addition to bulk email, the law covers all commercial messages, which it defines as ""any electronic mail message the primary purpose of which is the commercial advertisement or promotion of a commercial product or service""

 	Each separate email in violation of the CAN-SPAM Act is subject to penalties of up to $16,000.

Additional Information:
Prohibits the inclusion of deceptive or misleading information and subject headings, requires identifying information such as a return address in email messages, and prohibits sending emails to a recipient after an explicit response that the recipient does not want to continue receiving messages.

 	In addition to bulk email, the law covers all commercial messages, which it defines as ""any electronic mail message the primary purpose of which is the commercial advertisement or promotion of a commercial product or service""

 	Each separate email in violation of the CAN-SPAM Act is subject to penalties of up to $16,000.","No specific requirements provided

Additional Requirements:
No specific requirements provided",Finance,federal,t,,,2025-03-07 15:52:22.522,1970-01-01 00:00:00,,[],"",,,"","","","","","","","",,,"","",,,1,,2025-03-07 15:21:09.709673,,t,,,,"[{""type"": ""attestation"", ""status"": ""pending"", ""enabled"": true, ""required"": false}, {""type"": ""website_publish"", ""status"": ""pending"", ""enabled"": true, ""required"": false}, {""type"": ""community_communication"", ""status"": ""pending"", ""enabled"": true, ""required"": false}, {""type"": ""agency_submission"", ""status"": ""pending"", ""enabled"": true, ""required"": false}]","",,
4763,REG-1741272386164,Title IX of the Education Amendments of 1972,Prohibition of sex discrimination in educational programs,20 U.S.C. §§ 1681–1688,1701,"Title IX is a federal law that protects people from discrimination based on sex in education programs or activities that receive Federal financial assistance. It states that no person in the United States shall, on the basis of sex, be excluded from participation in, be denied the benefits of, or be subjected to discrimination under any education program or activity receiving Federal financial assistance.

Additional Information:
Prohibits covered entities from discriminating on the basis of disability against a qualified individual in regard to recruitment, hiring, wages, promotion, and other employment-related matters.

 	Enforced by multiple federal agencies, including the Department of Justice, Department of Labor, and the EEOC.

Additional Information:
Prohibits covered entities from discriminating on the basis of disability against a qualified individual in regard to recruitment, hiring, wages, promotion, and other employment-related matters.

 	Enforced by multiple federal agencies, including the Department of Justice, Department of Labor, and the EEOC.","Educational institutions must ensure equal opportunities regardless of sex, must have established procedures for handling complaints of sex discrimination, and must have a Title IX coordinator to oversee compliance.

Additional Requirements:
No specific requirements provided",Human Resources,federal,t,,,2025-03-07 15:52:14.873,2025-03-06 14:46:26.164,2026-03-06 14:46:26.164,[],"",https://www.ed.gov,U.S. Department of Education,"",Office for Civil Rights,"","","","",,"",,,"","",,,1,,2025-03-07 15:21:09.709673,,t,,,,"[{""type"": ""attestation"", ""status"": ""pending"", ""enabled"": true, ""required"": false}, {""type"": ""website_publish"", ""status"": ""pending"", ""enabled"": true, ""required"": false}, {""type"": ""community_communication"", ""status"": ""pending"", ""enabled"": true, ""required"": false}, {""type"": ""agency_submission"", ""status"": ""pending"", ""enabled"": true, ""required"": false}]","",,
4654,REG1896,Higher Education Opportunity Act,Health Care and Insurance,Public Law No. 110-315,1766,"Section 488: Requires institutions to disclose policies on all vaccinations.

Additional Information:
Section 488: Requires institutions to disclose policies on all vaccinations.

Additional Information:
The university may maintain a preferred vendor list so long as it is not used to deny or impede a borrower's choice of lenders, offers three or more lenders not affiliated with one another, and doesn't include lenders who have offered financial or other benefits to be included on the list.

 	The university must disclose to borrowers the method and criteria used to select preferred lenders, and offer comparative information to borrowers about each lender's benefits.

 	The university must include in its preferred lender materials a prominent statement that borrowers are not required to use any lender on the list, and may not delay award certification because a preferred lender is not used.

 	The preferred lender list and associated information must be updated annually.",No specific requirements provided,Human Resources,federal,t,,,2025-03-07 15:52:21.615,1970-01-01 00:00:00,,[],"",https://www.dol.gov,Department of Labor,"","","","","","","","",,,"","",,,1,,2025-03-07 15:21:09.709673,,t,,,,"[{""type"": ""attestation"", ""status"": ""pending"", ""enabled"": true, ""required"": false}, {""type"": ""website_publish"", ""status"": ""pending"", ""enabled"": true, ""required"": false}, {""type"": ""community_communication"", ""status"": ""pending"", ""enabled"": true, ""required"": false}, {""type"": ""agency_submission"", ""status"": ""pending"", ""enabled"": true, ""required"": false}]","",,
4661,REG1935,Immigration and Nationality Act (INA),"Immigration,Recruitment Hiring & Termination",8 U.S.C. §§ 1101-1537,1733,"The INA, as amended, sets forth the laws governing the admission and employment of foreign nationals in the United States, including provisions that address employment eligibility and employment verification.

Additional Information:
The INA, as amended, sets forth the laws governing the admission and employment of foreign nationals in the United States, including provisions that address employment eligibility and employment verification.

Additional Information:
The Student and Exchange Visitor Program (SEVP) acts as the bridge for various government organizations that have an interest in information on foreign students.

 	SEVIS was created to improve data collection and reporting, enhance customer service, facilitate compliance with regulations and help Immigration and Customs Enforcement (ICE) better monitor schools and exchange programs, as well as F, M and J non-immigrants.

 	Via SEVIS, the University must keep information and records relating to each F-1 or M-1 student to whom it has issued a Form I-20A or I-20M.

Additional Information:
The Student and Exchange Visitor Program (SEVP) acts as the bridge for various government organizations that have an interest in information on foreign students.

 	SEVIS was created to improve data collection and reporting, enhance customer service, facilitate compliance with regulations and help Immigration and Customs Enforcement (ICE) better monitor schools and exchange programs, as well as F, M and J non-immigrants.

 	Via SEVIS, the University must keep information and records relating to each F-1 or M-1 student to whom it has issued a Form I-20A or I-20M.","No specific requirements provided

Additional Requirements:
All J-1 sponsors must submit an annual report generated from SEVIS and a narrative report. Sponsors must submit an annual report to the Department of State. The report must be filed on an academic, calendar, or fiscal year basis, as stipulated on the program’s designation or re-designation letter. The due dates are:


For Academic Year end designees (June 30th): report due to the Department of State July 31st.
For Calendar Year end designees (December 31st): report due to the Department of State January 31st.
For Fiscal Year end designees (September 30th): report due to Department of State October 31st.

Additional Requirements:
All J-1 sponsors must submit an annual report generated from SEVIS and a narrative report. Sponsors must submit an annual report to the Department of State. The report must be filed on an academic, calendar, or fiscal year basis, as stipulated on the program’s designation or re-designation letter. The due dates are:


For Academic Year end designees (June 30th): report due to the Department of State July 31st.
For Calendar Year end designees (December 31st): report due to the Department of State January 31st.
For Fiscal Year end designees (September 30th): report due to Department of State October 31st.",Human Resources,federal,t,,,2025-03-07 15:52:19.584,1970-01-01 00:00:00,,[],"",https://www.dol.gov,Department of Labor,"","","","","","","","",,,"","",,,1,,2025-03-07 15:21:09.709673,,t,,,,"[{""type"": ""attestation"", ""status"": ""pending"", ""enabled"": true, ""required"": false}, {""type"": ""website_publish"", ""status"": ""pending"", ""enabled"": true, ""required"": false}, {""type"": ""community_communication"", ""status"": ""pending"", ""enabled"": true, ""required"": false}, {""type"": ""agency_submission"", ""status"": ""pending"", ""enabled"": true, ""required"": false}]","",,
4484,REG1788,Higher Education Act: Recognition of Accrediting Agency or Association,Accreditation,Higher Education Act: Recognition of Accrediting Agency or Association,,"The association enforces standards that respect the stated mission of the institution of higher education, including religious missions, and that ensure that the courses or programs of instruction, training, or study offered by the institution of higher education, including distance education or correspondence courses or programs, are of sufficient quality to achieve, for the duration of the accreditation period, the stated objective for which the courses or the programs are offered. 20 U.S.C. § 1099b(a)(4)(A).

Additional Information:
The association enforces standards that respect the stated mission of the institution of higher education, including religious missions, and that ensure that the courses or programs of instruction, training, or study offered by the institution of higher education, including distance education or correspondence courses or programs, are of sufficient quality to achieve, for the duration of the accreditation period, the stated objective for which the courses or the programs are offered. 20 U.S.C. § 1099b(a)(4)(A).

Additional Information:
Each school must make available to prospective and enrolled students:

 	Names of associations, agencies, or governmental bodies that accredit, approve, or license the school and its programs; and

 	Procedures for obtaining or reviewing documents describing accreditation, approval, or licensing.





20 U.S.C. § 1092(a)(1)(J); 34 CFR 668.43

Additional Information:
Each school must make available to prospective and enrolled students:

 	Names of associations, agencies, or governmental bodies that accredit, approve, or license the school and its programs; and

 	Procedures for obtaining or reviewing documents describing accreditation, approval, or licensing.





20 U.S.C. § 1092(a)(1)(J); 34 CFR 668.43","No specific requirements provided

Additional Requirements:
No specific requirements provided",Academic Programs,federal,t,,,2025-03-07 15:52:27.055,1970-01-01 00:00:00,,[],"",https://www.ed.gov,Department of Education,"","","","","","","","",,,"","",,,1,,2025-03-07 15:21:09.709673,,t,,,,"[{""type"": ""attestation"", ""status"": ""pending"", ""enabled"": true, ""required"": false}, {""type"": ""website_publish"", ""status"": ""pending"", ""enabled"": true, ""required"": false}, {""type"": ""community_communication"", ""status"": ""pending"", ""enabled"": true, ""required"": false}, {""type"": ""agency_submission"", ""status"": ""pending"", ""enabled"": true, ""required"": false}]","",,
4682,REG1972,Foreign Corrupt Practices Act (FCPA),International Activities and Programs,"15 U.S.C. §§ 78dd-1, et seq.",1595,"Makes it unlawful for certain classes of persons and entities to make payments to foreign government officials to assist in obtaining or retaining business.

 	The anti-bribery provisions of the FCPA prohibit the willful use of the mails or any means of instrumentality of interstate commerce corruptly in furtherance of any offer, payment, promise to pay, or authorization of the payment of money or anything of value to any person, while knowing that all or a portion of such money or thing of value will be offered, given or promised, directly or indirectly, to a foreign official to influence the foreign official in his or her official capacity, induce the foreign official to do or omit to do an act in violation of his or her lawful duty, or to secure any improper advantage in order to assist in obtaining or retaining business for or with, or directing business to, any person.

Additional Information:
Makes it unlawful for certain classes of persons and entities to make payments to foreign government officials to assist in obtaining or retaining business.

 	The anti-bribery provisions of the FCPA prohibit the willful use of the mails or any means of instrumentality of interstate commerce corruptly in furtherance of any offer, payment, promise to pay, or authorization of the payment of money or anything of value to any person, while knowing that all or a portion of such money or thing of value will be offered, given or promised, directly or indirectly, to a foreign official to influence the foreign official in his or her official capacity, induce the foreign official to do or omit to do an act in violation of his or her lawful duty, or to secure any improper advantage in order to assist in obtaining or retaining business for or with, or directing business to, any person.

Additional Information:
Requires persons acting as agents of foreign principals in a political or quasi-political capacity to make periodic public disclosure of their relationship with the foreign principal, as well as activities, receipts and disbursements in support of those activities.

 	The FARA Registration Unit of the Counterespionage Section (CES) in the National Security Division (NSD) is responsible for the administration and enforcement of the Act.

Additional Information:
Requires persons acting as agents of foreign principals in a political or quasi-political capacity to make periodic public disclosure of their relationship with the foreign principal, as well as activities, receipts and disbursements in support of those activities.

 	The FARA Registration Unit of the Counterespionage Section (CES) in the National Security Division (NSD) is responsible for the administration and enforcement of the Act.","No specific requirements provided

Additional Requirements:
Registration under the Act is accomplished by the filing of an initial statement together with the required exhibits and the filing of a supplemental statement at intervals of 6 months for the duration of the principal-agent relationship requiring registration.

An agent must file with the Department of Justice any informational materials distributed on the behalf of the foreign principal to two or more persons in the United States within 48 hours of distribution.

Additional Requirements:
Registration under the Act is accomplished by the filing of an initial statement together with the required exhibits and the filing of a supplemental statement at intervals of 6 months for the duration of the principal-agent relationship requiring registration.

An agent must file with the Department of Justice any informational materials distributed on the behalf of the foreign principal to two or more persons in the United States within 48 hours of distribution.",Other,federal,t,,,2025-03-07 15:52:18.216,1970-01-01 00:00:00,,[],"",,,"","","","","","","","",,,"","",,,1,,2025-03-07 15:21:09.709673,,t,,,,"[{""type"": ""attestation"", ""status"": ""pending"", ""enabled"": true, ""required"": false}, {""type"": ""website_publish"", ""status"": ""pending"", ""enabled"": true, ""required"": false}, {""type"": ""community_communication"", ""status"": ""pending"", ""enabled"": true, ""required"": false}, {""type"": ""agency_submission"", ""status"": ""pending"", ""enabled"": true, ""required"": false}]","",,
4541,REG4205,Pregnant Workers Fairness Act (PWFA),"Discrimination,Human Resources",42 U.S.C. Chapter 21G,4207,"<li style=""list-style-type: none;"">

 	Makes it an unlawful employment practice for a covered entity to (1) deny reasonable accommodations to known limitations related to pregnancy, childbirth, or related medical conditions, unless the entity can demonstrate an undue hardship; (2) require a qualified employee to accept an accommodation without engaging in an interactive process; (3) deny employment opportunities based on the need to make reasonable accommodations; (4) require a qualified employee to take leave if another reasonable accommodation can be provided; and (5) take an adverse action in the terms, conditions, or privileges of employment against a qualified employee because of a request for or use of an accommodation.

Additional Information:
Requires self-funded employee health plans (including those offered by colleges and universities) to comply with specified provisions of HIPAA, including requirements to protect enrollee information and to train employees administering the plan.

Additional Information:
National Science Foundation new term and condition requires recipients of NSF awards to notify NSF of any findings/determinations of sexual harassment, other forms of harassment, of sexual assault regarding an NSF-funded PI or co-PI.

Additional Information:
National Science Foundation new term and condition requires recipients of NSF awards to notify NSF of any findings/determinations of sexual harassment, other forms of harassment, of sexual assault regarding an NSF-funded PI or co-PI.","Not Applicable

Additional Requirements:
Includes notice requirements pertaining to the plan’s Notice of Privacy Practices

Additional Requirements:
Report must be made by Authorized Organizational Official within 10 days of the date of finding/determination. Must notify also if PI or co-PI is placed on administrative leave or if the institution is taking administrative action against the PI or co-PI.

Additional Requirements:
Report must be made by Authorized Organizational Official within 10 days of the date of finding/determination. Must notify also if PI or co-PI is placed on administrative leave or if the institution is taking administrative action against the PI or co-PI.",Human Resources,federal,t,,,2025-03-07 15:52:19.737,1970-01-01 00:00:00,,[],Not Applicable,https://www.dol.gov,Department of Labor,"","","","","","",Not Applicable,"",,,"","",,,1,,2025-03-07 15:21:09.709673,,t,,,,"[{""type"": ""attestation"", ""status"": ""pending"", ""enabled"": true, ""required"": false}, {""type"": ""website_publish"", ""status"": ""pending"", ""enabled"": true, ""required"": false}, {""type"": ""community_communication"", ""status"": ""pending"", ""enabled"": true, ""required"": false}, {""type"": ""agency_submission"", ""status"": ""pending"", ""enabled"": true, ""required"": false}]","",,
4644,REG1889,Internal Revenue Service: Governance Information Required on Form 990,Governance,Internal Revenue Service: Governance Information Required on Form 990,"1603,1659","The IRS asks 501(c)(3) organizations about their management and governance practices on the Form 990.

Additional Information:
The IRS asks 501(c)(3) organizations about their management and governance practices on the Form 990.

Additional Information:
The guidelines at §8B2.1 set forth the requirements for an effective compliance and ethics program for organizations. Organizations are vicariously liable under federal criminal law for acts committed by their agents. The definition of ""organization"" at 18 U.S.C. §18 includes non-profits such as a university.

Additional Information:
The guidelines at §8B2.1 set forth the requirements for an effective compliance and ethics program for organizations. Organizations are vicariously liable under federal criminal law for acts committed by their agents. The definition of ""organization"" at 18 U.S.C. §18 includes non-profits such as a university.","No specific requirements provided

Additional Requirements:
No specific requirements provided",Other,federal,t,,,2025-03-07 15:52:22.22,1970-01-01 00:00:00,,[],"",,,"","","","","","","","",,,"","",,,1,,2025-03-07 15:21:09.709673,,t,,,,"[{""type"": ""attestation"", ""status"": ""pending"", ""enabled"": true, ""required"": false}, {""type"": ""website_publish"", ""status"": ""pending"", ""enabled"": true, ""required"": false}, {""type"": ""community_communication"", ""status"": ""pending"", ""enabled"": true, ""required"": false}, {""type"": ""agency_submission"", ""status"": ""pending"", ""enabled"": true, ""required"": false}]","",,
4602,REG3637,Outside Earned Income and Activities,Ethics,5 U.S.C. app. 4 §§ 501-505,3638,"Sets forth the limitations on outside income and activities of certain noncareer employees, referred to as “covered noncareer employees.”

Additional Information:
May limit the activities of individuals after they leave Federal Government service (or after they leave certain high-level positions).

Additional Information:
Prohibits employees from being paid by someone other than the United States for doing their official Government duties.

Additional Information:
May limit the activities of individuals after they leave Federal Government service (or after they leave certain high-level positions).","No specific requirements provided

Additional Requirements:
No specific requirements provided",Human Resources,federal,t,,,2025-03-07 15:52:24.471,1970-01-01 00:00:00,,[],"",https://www.dol.gov,Department of Labor,"","","","","","","","",,,"","",,,1,,2025-03-07 15:21:09.709673,,t,,,,"[{""type"": ""attestation"", ""status"": ""pending"", ""enabled"": true, ""required"": false}, {""type"": ""website_publish"", ""status"": ""pending"", ""enabled"": true, ""required"": false}, {""type"": ""community_communication"", ""status"": ""pending"", ""enabled"": true, ""required"": false}, {""type"": ""agency_submission"", ""status"": ""pending"", ""enabled"": true, ""required"": false}]","",,
4492,REG3223,Section 504 of The Rehabilitation Act of 1973,Athletics,29 U.S.C. § 701,1665,"Prohibits discrimination on the basis of disability at any federally-funded institution. This covers admissions, recruitment, educational and/or academic programs and services, housing and non-academic programs and services such as counseling, placement, physical education and athletics, student clubs and organizations. This list is not exhaustive.

Additional Information:
Prohibits discrimination on the basis of disability at any federally-funded institution. This covers admissions, recruitment, educational and/or academic programs and services, housing and non-academic programs and services such as counseling, placement, physical education and athletics, student clubs and organizations. This list is not exhaustive.

Additional Information:
Prohibits discrimination on the basis of disability at any federally-funded institution. This covers admissions, recruitment, educational and/or academic programs and services, housing and non-academic programs and services such as counseling, placement, physical education and athletics, student clubs and organizations. This list is not exhaustive.

Additional Information:
Prohibits discrimination on the basis of disability at any federally-funded institution. This covers admissions, recruitment, educational and/or academic programs and services, housing and non-academic programs and services such as counseling, placement, physical education and athletics, student clubs and organizations. This list is not exhaustive.","No specific requirements provided

Additional Requirements:
No specific requirements provided",Academic Programs,federal,t,,,2025-03-07 15:52:26.681,1970-01-01 00:00:00,,[],"",https://www.ed.gov,Department of Education,"","","","","","","","",,,"","",,,1,,2025-03-07 15:21:09.709673,,t,,,,"[{""type"": ""attestation"", ""status"": ""pending"", ""enabled"": true, ""required"": false}, {""type"": ""website_publish"", ""status"": ""pending"", ""enabled"": true, ""required"": false}, {""type"": ""community_communication"", ""status"": ""pending"", ""enabled"": true, ""required"": false}, {""type"": ""agency_submission"", ""status"": ""pending"", ""enabled"": true, ""required"": false}]","",,
4474,REG1975,Qualified Tuition and Student Loan Interest Reporting,Accounting,26 U.S.C. § 6050S,1653,"Institutions must report to the IRS

(1) qualified tuition and related expenses and
(2) student loan interest to the IRS.

 	Institutions must also provide payors with a statement that includes the tax information furnished to the IRS.

Additional Information:
Prohibits “every contract, combination…, or conspiracy, in restraining of trade or commerce among the several States, or with foreign nations.”

 	This law has been applied to colleges and universities in a number of instances regarding purchases.

 	The Department of Justice interpreted this law to mean that financial aid awards must be established independently and not in concert with other institutions.

 	May also apply to establishing prices for items in a bookstore based on collaboration with a wholesaler or another retailer.

 	Section 568 - known as the antitrust exemption - allows colleges and universities to collaborate on a common formula for determining a student's financial need.

Additional Information:
The Uniform Guidance streamlines and consolidates the federal government’s guidance on administrative rules, cost principles, and audit requirements for federal awards (including sponsored research awards and others awarded to institutions) across the entire federal government. Also requires disclosures of potential conflicts of interest or criminal violations.

 	Department of Education exceptions to the Uniform Guidance are available here.

Additional Information:
Regulates unrelated business income, which is income from a trade or business, regularly carried on, that is not substantially related to the charitable, educational, or other purpose that is the basis of the organization's exemption.

Additional Information:
Regulates unrelated business income, which is income from a trade or business, regularly carried on, that is not substantially related to the charitable, educational, or other purpose that is the basis of the organization's exemption.","Institutions must complete Form 1098-T (qualified tuition payments) and Form 1098-E (student loan interest payments), both of which must be filed with the IRS on or before February 28th, or March 31st if filed electronically.

The required statement to all persons who made qualified tuition or student loan interest payments must be sent to the payor on or before January 31st of the year following the calendar year in which payments were received or amounts were billed for qualified tuition and related expenses, or in which the student loan interest payments were received. The statement may simply be a copy of Form 1098-T or Form 1098-E, respectively.

Institutions must certify that they have met the regulatory requirements for soliciting student taxpayer identification numbers (TINs) at least once during the year.

Additional Requirements:
No specific requirements provided

Additional Requirements:
Higher education institutions that receive aggregate federal awards totaling $50 million or more per fiscal year must disclose their cost accounting practices by filing a Disclosure Statement (DS-2), and amendments to the DS-2 must be filed six months in advance of a disclosed practice being changed.

Additional Requirements:
Unrelated business income must be reported to the IRS on Form 990-T. Various deadlines apply.

Additional Requirements:
Unrelated business income must be reported to the IRS on Form 990-T. Various deadlines apply.",Finance,federal,t,,,2025-03-07 15:52:28.128,1970-01-01 00:00:00,,[],"Institutions must complete Form 1098-T (qualified tuition payments) and Form 1098-E (student loan interest payments), both of which must be filed with the IRS on or before February 28th, or March 31st if filed electronically.

The required statement to all persons who made qualified tuition or student loan interest payments must be sent to the payor on or before January 31st of the year following the calendar year in which payments were received or amounts were billed for qualified tuition and related expenses, or in which the student loan interest payments were received. The statement may simply be a copy of Form 1098-T or Form 1098-E, respectively.

Institutions must certify that they have met the regulatory requirements for soliciting student taxpayer identification numbers (TINs) at least once during the year.",,,"","","","","","","Institutions must complete Form 1098-T (qualified tuition payments) and Form 1098-E (student loan interest payments), both of which must be filed with the IRS on or before February 28th, or March 31st if filed electronically.

The required statement to all persons who made qualified tuition or student loan interest payments must be sent to the payor on or before January 31st of the year following the calendar year in which payments were received or amounts were billed for qualified tuition and related expenses, or in which the student loan interest payments were received. The statement may simply be a copy of Form 1098-T or Form 1098-E, respectively.

Institutions must certify that they have met the regulatory requirements for soliciting student taxpayer identification numbers (TINs) at least once during the year.","",,,"","",,,1,,2025-03-07 15:21:09.709673,,t,,,,"[{""type"": ""attestation"", ""status"": ""pending"", ""enabled"": true, ""required"": false}, {""type"": ""website_publish"", ""status"": ""pending"", ""enabled"": true, ""required"": false}, {""type"": ""community_communication"", ""status"": ""pending"", ""enabled"": true, ""required"": false}, {""type"": ""agency_submission"", ""status"": ""pending"", ""enabled"": true, ""required"": false}]","",,
4842,PA-paHigherEd-1741801795542,Pennsylvania Department of Education (PDE),Higher Education,"",,"The Pennsylvania Department of Education (PDE) oversees 500 public school districts, more than 170 public charter schools, public cyber charter schools, Career and Technology Centers/Vocational Technical schools, public Intermediate Units, the education of youth in State Juvenile Correctional Institutions, Head Starts and publicly funded preschools, and community colleges.
PDE also oversees policies related to public, academic, and school libraries, and the State Library of Pennsylvania.
Clearan","The Pennsylvania Department of Education (PDE) oversees 500 public school districts, more than 170 public charter schools, public cyber charter schools, Career and Technology Centers/Vocational Technical schools, public Intermediate Units, the education of youth in State Juvenile Correctional Institutions, Head Starts and publicly funded preschools, and community colleges.
PDE also oversees policies related to public, academic, and school libraries, and the State Library of Pennsylvania.
Clearances & Background Checks
Continuing Education and Professional Development
Child Labor Laws
Special Education
Certification Testing Requirements
Accessibility
Transcripts & Diplomas
2024-25 Education Budget
State Board of Higher Education to Embark on Statewide Stakeholder Engagement Tour to Help Develop Strategic Plan
Shapiro Administration Highlights Commonsense Investments to Fight Food Insecurity at Millersville University
Shapiro Administration Invites Nominations for National RISE Award to Honor Exceptional School Employees Across Pennsylvania
Shapiro Administration Announces $300,000 to Educate Students Recovering at Home from Serious Medical Conditions
Contact Us Form
Contact by Phone
PDE Executive Staff
PDE Press Office
State Library of Pennsylvania
Collecting, preserving, and providing access to materials for, by, and about Pennsylvania.
Professional Standards and Practices Commission
The Professional Standards and Practices Commission sets preparation, certification, practice, and conduct standards for teachers.
State Board of Education
The State Board of Education reviews, develops, and adopts regulations that govern basic and higher education in the Commonwealth.
State Board of Higher Education
Provide direction, coordination, and support to ensure that institutions of higher education fully meet the workforce and economic development needs of this Commonwealth.
",Campus Safety,state,t,,,2025-03-12 19:09:06.02,2025-03-12 19:08:11.737,,,,https://www.education.pa.gov/Postsecondary-Adult/Pages/default.aspx,paHigherEd,,paHigherEd,https://www.education.pa.gov/agencies/education.html,,,,,,,,,,,"[{""url"": ""https://www.education.pa.gov/agencies/education.html"", ""type"": ""web-scrape"", ""lastChecked"": ""2025-03-12T19:08:11.737Z""}]",5,4842,2025-03-12 17:49:55.576564,,t,,PA,paHigherEd,"[{""type"": ""attestation"", ""status"": ""pending"", ""enabled"": true, ""required"": false}, {""type"": ""website_publish"", ""status"": ""pending"", ""enabled"": true, ""required"": false}, {""type"": ""community_communication"", ""status"": ""pending"", ""enabled"": true, ""required"": false}, {""type"": ""agency_submission"", ""status"": ""pending"", ""enabled"": true, ""required"": false}]","",,
4840,PA-paCHE-1741801720622,Pennsylvania Department of Education (PDE),Higher Education,"",,"The Pennsylvania Department of Education (PDE) oversees 500 public school districts, more than 170 public charter schools, public cyber charter schools, Career and Technology Centers/Vocational Technical schools, public Intermediate Units, the education of youth in State Juvenile Correctional Institutions, Head Starts and publicly funded preschools, and community colleges.
PDE also oversees policies related to public, academic, and school libraries, and the State Library of Pennsylvania.
Clearan","The Pennsylvania Department of Education (PDE) oversees 500 public school districts, more than 170 public charter schools, public cyber charter schools, Career and Technology Centers/Vocational Technical schools, public Intermediate Units, the education of youth in State Juvenile Correctional Institutions, Head Starts and publicly funded preschools, and community colleges.
PDE also oversees policies related to public, academic, and school libraries, and the State Library of Pennsylvania.
Clearances & Background Checks
Continuing Education and Professional Development
Child Labor Laws
Special Education
Certification Testing Requirements
Accessibility
Transcripts & Diplomas
2024-25 Education Budget
State Board of Higher Education to Embark on Statewide Stakeholder Engagement Tour to Help Develop Strategic Plan
Shapiro Administration Highlights Commonsense Investments to Fight Food Insecurity at Millersville University
Shapiro Administration Invites Nominations for National RISE Award to Honor Exceptional School Employees Across Pennsylvania
Shapiro Administration Announces $300,000 to Educate Students Recovering at Home from Serious Medical Conditions
Contact Us Form
Contact by Phone
PDE Executive Staff
PDE Press Office
State Library of Pennsylvania
Collecting, preserving, and providing access to materials for, by, and about Pennsylvania.
Professional Standards and Practices Commission
The Professional Standards and Practices Commission sets preparation, certification, practice, and conduct standards for teachers.
State Board of Education
The State Board of Education reviews, develops, and adopts regulations that govern basic and higher education in the Commonwealth.
State Board of Higher Education
Provide direction, coordination, and support to ensure that institutions of higher education fully meet the workforce and economic development needs of this Commonwealth.
",Campus Safety,state,t,,,2025-03-12 19:09:15.595,2025-03-12 19:08:35.19,,,,https://www.education.pa.gov/Postsecondary-Adult/College%20and%20Career%20Education/Pages/default.aspx,paCHE,,paCHE,https://www.education.pa.gov/agencies/education.html,,,,,,,,,,,"[{""url"": ""https://www.education.pa.gov/agencies/education.html"", ""type"": ""web-scrape"", ""lastChecked"": ""2025-03-12T19:08:35.190Z""}]",23,4840,2025-03-12 17:48:42.231851,,t,,PA,paCHE,"[{""type"": ""attestation"", ""status"": ""pending"", ""enabled"": true, ""required"": false}, {""type"": ""website_publish"", ""status"": ""pending"", ""enabled"": true, ""required"": false}, {""type"": ""community_communication"", ""status"": ""pending"", ""enabled"": true, ""required"": false}, {""type"": ""agency_submission"", ""status"": ""pending"", ""enabled"": true, ""required"": false}]","",,
4844,PA-paHigherEd-1741802622301,Certification Testing Requirements,Higher Education,"",,"Pennsylvania Department of Education (PDE)
Overview
The Pennsylvania Department of Education (PDE) oversees 500 public school districts, more than 170 public charter schools, public cyber charter schools, Career and Technology Centers/Vocational Technical schools, public Intermediate Units, the education of youth in State Juvenile Correctional Institutions, Head Starts and publicly funded preschools, and community colleges.
PDE also oversees policies related to public, academic, and school libra","Pennsylvania Department of Education (PDE)
Overview
The Pennsylvania Department of Education (PDE) oversees 500 public school districts, more than 170 public charter schools, public cyber charter schools, Career and Technology Centers/Vocational Technical schools, public Intermediate Units, the education of youth in State Juvenile Correctional Institutions, Head Starts and publicly funded preschools, and community colleges.
PDE also oversees policies related to public, academic, and school libraries, and the State Library of Pennsylvania.
Certification
Login to TIMS
•
Clearances & Background Checks
•
Continuing Education and Professional Development
•
Child Labor Laws
•
Special Education
•
Certification Testing Requirements
•
Accessibility
•
Transcripts & Diplomas
•
2024-25 Education Budget
Teach in PA
EmpowerU
Food & Nutrition
Career and Technical Education
New Releases
•
State Board of Higher Education to Embark on Statewide Stakeholder Engagement Tour to Help Develop Strategic Plan
•
Shapiro Administration Highlights Commonsense Investments to Fight Food Insecurity at Millersville University
•
Shapiro Administration Invites Nominations for National RISE Award to Honor Exceptional School Employees Across Pennsylvania
•
Shapiro Administration Announces $300,000 to Educate Students Recovering at Home from Serious Medical Conditions
Contact Information & Affiliates
•
Contact Us Form
•
Contact by Phone
•
PDE Executive Staff
•
PDE Press Office
•
State Library of Pennsylvania
Collecting, preserving, and providing access to materials for, by, and about Pennsylvania.
•
Professional Standards and Practices Commission
The Professional Standards and Practices Commission sets preparation, certification, practice, and conduct standards for teachers.
•
State Board of Education
The State Board of Education reviews, develops, and adopts regulations that govern basic and higher education in the Commonwealth.
•
State Board of Higher Education
Provide direction, coordination, and support to ensure that institutions of higher education fully meet the workforce and economic development needs of this Commonwealth.",Academic Programs,state,t,,,2025-03-12 18:41:17.121,2025-03-12 18:40:49.246,,,,https://www.education.pa.gov/Postsecondary-Adult/Pages/default.aspx,paHigherEd,,paHigherEd,https://www.education.pa.gov/social-media-policy-and-disclaimer.html,,,,,,,,,,,"[{""url"": ""https://www.education.pa.gov/social-media-policy-and-disclaimer.html"", ""type"": ""web-scrape"", ""lastChecked"": ""2025-03-12T18:40:49.246Z""}]",19,4844,2025-03-12 18:03:42.335663,,t,,PA,paHigherEd,"[{""type"": ""attestation"", ""status"": ""pending"", ""enabled"": true, ""required"": false}, {""type"": ""website_publish"", ""status"": ""pending"", ""enabled"": true, ""required"": false}, {""type"": ""community_communication"", ""status"": ""pending"", ""enabled"": true, ""required"": false}, {""type"": ""agency_submission"", ""status"": ""pending"", ""enabled"": true, ""required"": false}]","",,
4847,PA-paHigherEd-1741806551995,Programs/Majors,Higher Education,"",,"Name of School
States (use map for more than 1 state)
Programs/Majors
Your Selections
Programs/Majors
| Reset List
Level of Award
Institution Type
Tuition & Fees
Undergraduate Student Enrollment
Housing? Yes
Campus Setting
% of Applicants Admitted
Test Scores – 25th Percentile
Varsity Athletic Teams
Extended Learning Opportunities
Religious Affiliation
Specialized Mission
Preparing for your Education
Financial Aid
Postsecondary Education Outcome Measures: ED, DOD, and VA
Careers
Refine your sear","Name of School
States (use map for more than 1 state)
Programs/Majors
Your Selections
Programs/Majors
| Reset List
Level of Award
Institution Type
Tuition & Fees
Undergraduate Student Enrollment
Housing? Yes
Campus Setting
% of Applicants Admitted
Test Scores – 25th Percentile
Varsity Athletic Teams
Extended Learning Opportunities
Religious Affiliation
Specialized Mission
Preparing for your Education
Financial Aid
Postsecondary Education Outcome Measures: ED, DOD, and VA
Careers
Refine your search with More Search Options to select additional search criteria.
Build a list of schools using My Favorites for side-by-side comparisons.
Pinpoint school locations with an interactive map.
Export search results into a spreadsheet.
Save your session including search options and favorites.
Add College Navigator to your browser search bar.
",Financial Aid,state,t,,,2025-03-12 19:09:11.995,2025-03-12 19:08:26.129,,,,https://www.education.pa.gov/Postsecondary-Adult/Pages/default.aspx,paHigherEd,,paHigherEd,https://nces.ed.gov/collegenavigator/,,,,,,,,,,,"[{""url"": ""https://nces.ed.gov/collegenavigator/"", ""type"": ""web-scrape"", ""lastChecked"": ""2025-03-12T19:08:26.129Z""}]",1,,2025-03-12 19:09:11.878766,,t,,PA,paHigherEd,"[{""type"": ""attestation"", ""status"": ""pending"", ""enabled"": true, ""required"": false}, {""type"": ""website_publish"", ""status"": ""pending"", ""enabled"": true, ""required"": false}, {""type"": ""community_communication"", ""status"": ""pending"", ""enabled"": true, ""required"": false}, {""type"": ""agency_submission"", ""status"": ""pending"", ""enabled"": true, ""required"": false}]","",,
4848,PA-paHigherEd-1741806555067,State Board of Higher Education,Higher Education,"",,"The purpose of the Pennsylvania State Board of Higher Education is to provide direction, coordination, and support to ensure that institutions of higher education fully meet the workforce and economic development needs of this Commonwealth and ensure that all residents of this Commonwealth have access to affordable, world-class postsecondary education.
Board Members
Board Staff
Agendas & Minutes
Press & News
This PA Open Data map depicts Pennsylvania’s higher education institution locations acro","The purpose of the Pennsylvania State Board of Higher Education is to provide direction, coordination, and support to ensure that institutions of higher education fully meet the workforce and economic development needs of this Commonwealth and ensure that all residents of this Commonwealth have access to affordable, world-class postsecondary education.
Board Members
Board Staff
Agendas & Minutes
Press & News
This PA Open Data map depicts Pennsylvania’s higher education institution locations across sectors and campus type.
",Human Resources,state,t,,,2025-03-12 19:09:15.066,2025-03-12 19:08:33.355,,,,https://www.education.pa.gov/Postsecondary-Adult/Pages/default.aspx,paHigherEd,,paHigherEd,https://www.pa.gov/agencies/sbhe.html,,,,,,,,,,,"[{""url"": ""https://www.pa.gov/agencies/sbhe.html"", ""type"": ""web-scrape"", ""lastChecked"": ""2025-03-12T19:08:33.355Z""}]",1,,2025-03-12 19:09:14.950613,,t,,PA,paHigherEd,"[{""type"": ""attestation"", ""status"": ""pending"", ""enabled"": true, ""required"": false}, {""type"": ""website_publish"", ""status"": ""pending"", ""enabled"": true, ""required"": false}, {""type"": ""community_communication"", ""status"": ""pending"", ""enabled"": true, ""required"": false}, {""type"": ""agency_submission"", ""status"": ""pending"", ""enabled"": true, ""required"": false}]","",,
4849,PA-paEducation-1741813075070,default,Higher Education,"",,"Policies, Acts and Laws
​​​Basic Education Circulars (BECs)
A Basic Education Circular (BEC) provides the Department of Education's guidance on the implementation of law, regulation and policy.
Name​Last Revised
ReferenceSourcePurposeMilitary Recruiter Access to Secondary Students and Student Information​3/1/2023
20 USC 790US CodeThe Pennsylvania Department of Education interprets Public Law 107–110, No Child Left Behind Act of 2001, Section 9528 (Armed Forces Recruiter Access To Students and St","Policies, Acts and Laws
​​​Basic Education Circulars (BECs)
A Basic Education Circular (BEC) provides the Department of Education's guidance on the implementation of law, regulation and policy.
Name​Last Revised
ReferenceSourcePurposeMilitary Recruiter Access to Secondary Students and Student Information​3/1/2023
20 USC 790US CodeThe Pennsylvania Department of Education interprets Public Law 107–110, No Child Left Behind Act of 2001, Section 9528 (Armed Forces Recruiter Access To Students and Student Recruiting Information), 20 USC §7908, and Pennsylvania law Act 10, 1991, 51 P.S. §§20221-20225 in the following manner:
​Act 1 of 2022 - Assisting Students Experiencing Education Instability
​8/1/2022
​24 P.S. § 13-1331.1
Purdon's Statutes​​Act 1 of 2022 (Act 1) promotes timely high school graduation and facilitates equal access to academics and extracurricular activities and the removal of systemic barriers for students who experience education instability as defined by the legislation.
​Act 168 of 2014 - Procedures and Forms​12/19/2014
​24 P.S. 1-111​Purdon's Statutes​This circular describes the process for completing the employment history review process related to Act 168, explains the use of forms for employment screening, and details the process for accessing ""pending criminal charge"" information as required by Act 168.
Admission to Kindergarten and Beginners12/1/2022
24 P.S. 5-503Purdon's StatutesLocal school board has the right and responsibility for establishing the age at which a child can begin the kindergarten program
Suspension (Furlough) of Professional Employees; Alteration and/or Curtailment of Programs
​6/1/2023
24 P.S. 11-1124Purdon's StatutesSection 1124 of the School Code provides that: Any board of school directors may suspend the necessary number of professional employees, for any of the causes herein enumerated
Alternative Education for Disruptive Youth (Being Revised)​11/18/2021
24 P.S. 1901-1906 CPurdon's StatutesProvides guidance regarding placement of students in Alternative Education for Disruptive Youth (AEDY) Programs. It also provides guidance on AEDY program requirements to ensure that students in these programs are provided appropriate academic and behavioral support services
Assistive Technology​6/1/2014
20 USC §1401(1-2)US CodeRevised guidance regarding assistive technology to comply with the Individuals with Disabilities Education Act (IDEA) as amended in 2004 and Chapters 14 and 711.
Background Checks​12/12/2019
24 P.S. 1-111Purdon's StatutesProvides guidance to school administrators concerning the duties resulting from Act 24, signed into law on June 30, 2011, requiring background checks for employees of public and private schools, IUs, and AVTSs, including independent contractors and their employees
Charter Schools​9/28/2023
24 P.S. §§ 17-1701-A - 17-1732-A Purdon's StatutesTo serve as a guide for charter schools, school districts, parents, and students. The Charter School law, known as Act 22 of 1997, is part of the Pennsylvania School Code, cited as 24 P.S. Article XVII-A
Commissioned School Officers
​10/1/2019
24 P.S. 10-1078 and 9-963Purdon's StatutesIdentifies when a commission will be issued and what is necessary to be submitted to the Department for approval
Compulsory School Attendance, Unlawful Absences, and School Attendance Improvement Conferences1/2024​
24 P.S. §§ 13-1326 – 1354Purdon's StatutesDepartment of Education and the schools of the Commonwealth are obligated to comply with state and federal requirements for student attendance and truancy
Copyright Laws​6/30/2003
17 U.S.C. Section 107US CodeThe Copyright Revision Act of 1976 (P.L. 94-553) became effective on January 1, 1978 . This legislation takes cognizance of technological advancements in communication and education and sets standards for ""fair use"" of printed, audiovisual, graphic and musical materials by teachers.
​Cost Constraints
​7/1/2018
​22 Pa. Code § 21.51PA Code​​Provide information concerning Commonwealth approval of PlanCon reimbursable projects.
Cyber Charter Schools
​9/28/2023
24 P.S. §§ 17-1741-A – 17-1749-APurdon's StatutesGuidance for cyber charter schools, school districts, parents, and students.
Cyber Charter School Use of Physical Facilities7/11/2013​24 P.S. §§ 17-1741-A – 17-1751-APurdon's StatutesGuidance to cyber charter applicants and operators relating to the requirements for delivery of curriculum and instruction to students through the internet and other electronic means and the proper use of a cyber charter school's physical facilities.
​Cyclical Monitoring Schedule for Gifted Education​4/1/2010
​22 Pa. Code Chapter 16​PA Code​The purpose of this Circular is to outline the cyclical monitoring process for gifted education and to publish a monitoring schedule.
Days Schools Not to be Kept Open​7/1/2009
24 P.S. Section 15-1502Purdon's StatutesThis BEC identifies for the board of school directors when developing their school calendar which days may be used as instructional days and specific days of the week and holidays which may not be used for instruction under any circumstances
Department–Funded Slots for Approved Private Schools and Chartered Schools​4/1/2013
24 P.S. §§ 13-1302; 13-1372Purdon's StatutesProvides guidance on how a school district can place a student in an approved private school pursuant to an Individualized Education Program (IEP) and receive partial funding for the placement from the Pennsylvania Department of Education, when such funding is available, pursuant to sections 1302 and 1372 of the Public School Code.
Determination of Residence of Children Living in Pennsylvania Institutions​Expired on 6/30/2004
24 PS 13-1308Purdon's StatutesCircular describes the procedures for determining the place of residence of school-aged persons who live in institutions in Pennsylvania , but whose parents or legal guardians reside outside Pennsylvania
Disciplinary Exclusions of Students Who Are Eligible for Special Education​6/12/2021
22 Pa. Code Section 14.143PA CodeFederal regulations for the Individuals with Disabilities Education Act (IDEA). This BEC provides formal written guidance regarding disciplinary exclusions (suspension).
Drug and Alcohol Education, Counseling and Support Services​7/1/2022
24 P.S. 15-1547Purdon's StatutesSection 1547 of the PA School Code, enacted as Act 211 of 1990, requires school districts to implement a comprehensive tobacco, alcohol and other drugs program including instruction in the classroom
​​Dual Credit Agreements between School Entities and Institutions of Higher Education
​1/29/2024
​24 P.S. § 15-1525
​Purdon's Statutes
​Guidance and context for school entities implementing dual credit agreements with institutions of higher education under section 1525
Early Intervention and Private Schools​8/31/2009
11 P.S. 875-304Purdon's StatutesThis announcement provides guidance on funding policies for the evaluation and provision of Early Intervention services for children eligible to attend kindergarten
Early Intervention Transition: Infants and Toddlers to Preschool​4/11/2012
11 P.S. 875-304Purdon's StatutesThe purpose of this announcement is to provide guidance on transition procedures for: Toddlers transitioning from the Infant/Toddler Early Intervention (EI) program to the Preschool EI program or other community settings at age three Infants/Toddlers who are transitioning to other community services prior to age three
Early Intervention Transition: Preschool Programs to School-Aged Program​10/19/2009
11 PS 875-101 to 875-502Purdon's StatutesThe purpose of this announcement is to clarify the procedures concerning the transition of children from Preschool Early Intervention programs to the kindergarten or first grade programs of their school districts of residence or local charter school
Educating English Learners (ELs)​7/1/2017
22 Pa. Code 4.26PA CodeThe development and implementation of an instructional program designed to promote language growth and proficiency as well as academic achievement for English learners is the responsibility of every local education agency in the Commonwealth.
Education for Homeless Youth​12/10/2016
42 U.S.C. 11431 et seq.US CodeThe McKinney-Vento Homeless Assistance Act is an aid for homeless persons. It defines the term ""homeless children and youths"" as individuals who lack a fixed, regular, and adequate nighttime residence. The Every Student Succeeds Act (ESSA) will remove those “awaiting foster care placement” as a category effective December 10, 2016.
Education Services for Students Incarcerated​7/1/1999
24 P.S. Section 13-1306.2Purdon's StatutesAuthorizing the adjudication of school age individuals as adults, has increased the student population in local correction institutions
Educational Programs for Students in ""Non-Educational"" Placements​1/1/2018
22 Pa. Code Section 14.102 (a)(2)(xiii)PA CodeThe joint policy of the Department of Human Services and the Department of Education regarding educational services for students who receive non-educational placements
Educator Misconduct Complaint Procedures and Complaint Form​9/5/2014
24 P.S. 2070.9Purdon's StatutesSection 2070.9 authorizes any interested party to file a disciplinary complaint against a professional educator or charter school staff member with the Department of Education
Educator Misconduct – School Entity Mandatory Report Procedures and Form​9/5/2014
24 P.S. 2070.9aPurdon's Statutes24 P.S. § 2070.9a mandates school entity reporting of educator misconduct with specific timelines. The chief school administrator (school district supt, asst supt, IU exec), chief administrator of a CTC , charter school, or their designees must report the following to PDE : the dismissal for cause of a certified employee or charter school staff member; conduct that has resulted in a criminal indictment or conviction of a certified employee or charter school staff member; information which constitutes reasonable cause to believe the certified employee or charter school staff member has caused physical injury to a student or child through negligence or malice or has committed sexual abuse or exploitation involving a student or child.
Emergency School Closings
​1/18/2022
24 P.S. 25-2523Purdon's StatutesGuidance and direction regarding public school emergency closing procedures
Employee Rating Form - this BEC is under revision
​
24 P.S. Section 11-1123Purdon's StatutesSection 1123 of the Public School Code of 1949 requires the Department of Education to prepare a rating system for use evaluate professional employees of school districts through a system that gives due consideration to personality, preparation, technique, and pupil reaction.
Enrollment of Students​11/22/2023
24 P.S. 13-1301 – 13-1306Purdon's StatutesThis BEC provides guidance regarding public school enrollment procedures for resident and non-resident children.
Enrollment Q&A​N/A
24 P.S. 13-1301 – 13-1306Purdon's StatutesThe following Questions and Answers are provided to assist parents, school districts and charter schools in the student enrollment process. This information is based on applicable school law and regulation and reflects procedures outlined in the recently revised Basic Education Circular ( BEC ) on Student Enrollment
Extended School Year Eligibility​11/22/2023
22 Pa. Code 14.132PA CodeIssues related to Extended School Year (ESY) services for children with disabilities
Extent and Duration of Early Intervention Programs for Preschoolers with Disabilities, Including Services during Breaks in Program​9/8/2009
11 P.S. 875-304Purdon's StatutesGuidance to clarify Departmental policy concerning the extent and duration of the program provided to eligible young children in early intervention programs, including the provision of services to eligible young children during scheduled breaks in their education program
Farm and Domestic Service Permits​5/30/2009
24 P.S. 13-1329 - 13-1330Purdon's StatutesThis BEC will discuss two sections of the Public School Code of 1949, as amended. These sections address exceptions to the compulsory attendance provisions of the school code.
Fire Drills, School Security Drills, and School Bus Evacuations​8/7/2018
24 P.S. 15-1517Purdon's StatutesThe purpose of this BEC is to set forth a process for public school reporting of fire drills and school bus evacuation drills to the Department of Education.
Foreign Students' Eligibility for Enrollment​8/23/2010
22 Pa. Code 11.11(d)PA CodeStudents who apply for admission to Pennsylvania public schools and possess a visa of any type should comply with the terms and conditions of that visa. Enrollment in elementary and secondary courses of study may impact a student's legal non-immigration status
​Gifted Individual Education Plan Meeting​4/1/2010
​22 Pa. Code Chapter 16​PA Code​The purpose of this Circular is to clarify the function of the Gifted Individualized Education Plan (GIEP) team.
Graduation of Seniors​7/1/2009
24 P.S. Section 15-1501Purdon's StatutesSection 1501 of the School Code, as amended, requires the Secretary to determine whether a school district made a ""bona fide"" effort to provide 180 days for seniors following severe weather conditions that caused school closings.
Graduation Requirements for Students with Disabilities (Being Revised)
​
24 P.S. §1-102 - §13-1301 - §16-1614Purdon's StatutesThis BEC provides local education agencies (LEAs) with a summary of information regarding graduation requirements for students with disabilities.
Half-Day Sessions​7/1/2009
24 P.S. 15-1504Purdon's StatutesThis BEC discusses the law and procedures for approval of half-day instructional sessions for school-age students.
Health Record and Questionnaire Sports Pre-participation and Recertification Forms​8/1/2010
24 P.S. 5-511Purdon's StatutesSection 5-511 of the School Code provides that the local school board ""shall prescribe, adopt, and enforce such reasonable rules and regulations as it may deem proper, regarding (1) the management, supervision, control, or prohibition of exercises, athletics, or games of any kind….""
Home Education Program​7/25/2022
24 P.S. 13-1327.1Purdon's StatutesThis BEC provides a listing of the requirements for the supervisor to establish a home education program, a list of acceptable tests to fulfill the law's requirements, and sample affidavit form for use by the supervisor.
​Honorary Diplomas for Veterans
​7/21/2023
​24 P.S. § 16-1611
​Purdon's Statutes
​This BEC provides guidance on the granting of a high school diploma to World War II, Korean War, and Vietnam War veterans who did not graduate due to entry into military service.
Implementation of Chapter 15​7/1/2009
22 Pa. Code Chapter 15PA CodeRegulations of the State Board of Education addresses the responsibility of school districts to comply with the requirements of Section 504 of the Rehabilitation Act of 1973 and its implementing regulations at 34 CFR Part 104
Instruction Conducted in the Home​6/1/2018
34 CFR 300.39 and 115Federal CodeReporting requirements for students with disabilities assigned to instruction conducted in the home by the IEP team and students with disabilities who may be assigned to homebound instruction
Instructional Time
​3/19/2009
24 P.S. §1-133
24 P.S. §15-1504Purdon's StatutesThis BEC outlines requirements for instructional time.​
Intensive Interagency Coordination​1/27/2017
20 U.S.C. 1412(a)(12)US CodeThe system of intensive interagency coordination is not intended to replace the local interagency process.
Lapsed Certificates​6/5/2018
Section 24 P.S. 12-1201Purdon's StatutesBEC explains the proper course of action when the public entity discovers that a professional employee may have an invalid certificate, and will address audits concerning such certificates.
Least Restrictive Environment (LRE) and Educational Placement for Students with Individualized Education Programs (IEPs)​2/13/2017
22 Pa. Code 14.102 (a) (2) (xxiv)PA CodePrimarily directed at school-age students with disabilities. Although components of this BEC apply as well to preschool-age children, PDE is developing specific guidance for preschool-age children.
Missing Child Registration​7/1/2009
35 P.S. 450.401-A – 450.404-APurdon's StatutesIt applies to any last known school which the missing child attended. Missing children include individuals under 18 years of age who are reported to a law enforcement agency as abducted, lost, missing or runaways.
Nonresident Students in Institutions​7/1/1999
24 P.S. Section 13-1306Purdon's StatutesStudents who are residing in a ""children's institution"" whose parents are not residents of the school district in which the institution is located are identified as ""1306"" students.
Official Public School File - Update Pending
​7/1/2020
24 P.S. 10-1006Purdon's StatutesResponsibility for maintenance of the Pennsylvania Department of Education (PDE) official public school computer file lies primarily with the Division of Data Services. This file serves all offices within PDE to provide information necessary for administration of educational programs requiring school level data. It contains the following information: name, address, and telephone of the school; name of principal or head teacher; and school category (e.g. elementary).
Placement Options for Special Education​10/1/2017
22 Pa Code 14.102PA CodeReview a variety of special education service and placement options available to school districts and charter schools through arrangement with other public agencies or private organizations
Pregnant and Parenting Students​3/27/2009
24 P.S. Section 13-1327Purdon's StatutesThis Basic Education Circular is to address questions regarding the education of Pennsylvania students in public and private schools who are pregnant or parenting. Consequently, the following sections discuss such issues as attendance, homebound instruction and special education.
Private Residential Rehabilitative Institutions​9/1/1999
24 P.S. Section 9-914.1Purdon's StatutesThe general authority of LEAs to contract with PRRIs is governed by Section 914.1 of the Public School Code of 1949, 24 P.S. Section 9-914.1. Section 914.1 authorizes LEAs to contract with PRRIs which fall within the LEAs geographical boundary
​Process for Gifted Documentation of Dual Exceptionalities and Caseload Assignments
​3/11/2020
​22 Pa. Code § 16.6 (a), (c), 22 Pa. Code § 16.7, 22 Pa. Code § 16.22 (j), (d), 22 Pa. Code § 16.32 (d) (1-6), 22 Pa. Code § 14.123 (b), 22 Pa. Code § 14.124 (b)PA Code​​This circular provides guidance for (1) completing documentation for students identified with dual exceptionalities, and (2) caseload assignment for gifted and special education.
Protection of Pupil Rights​7/1/2000
20 USC 1232 hUS CodeThe purpose of this BEC is to inform you of changes to the Protection of Pupil Rights Act as amended by Public Law 183-227, Title X, Section 1017, March 31, 1994, which revised 20 U.S.C. §1232h
​Public School Employer Third-Party Contracting for Non-Instructional Services​8/29/2018
​24 P.S.§ 5-528PA Code​​This Basic Education Circular (BEC) provides brief guidance concerning the application of section 528 of the Public School Code, 24 P.S.§ 5-528, to a covered public school employer's contracting for non-instructional services with third-parties. This section was added to the School Code by Act 39 of 2018.
​Public School Entity Employer and Employee Collective Bargaining Organizations​6/27/2018
​Janus v. AFSCME, Council 31, No. 16-1466 (U.S. June 27, 2018)U.S. Supreme Court​​The purpose of this BEC is to provide brief guidance concerning the U.S. Supreme Court’s decision in Janus v. AFSCME, Council 31, No. 16-1466 (U.S. June 27, 2018).
Reimbursements for School Construction Bond Issues​7/1/2018
24 P.S. 25-2574Purdon's StatutesThe purpose of this BEC is to provide information concerning Commonwealth reimbursement on bond issues relating to school construction projects.
Sale or Lease of Unused and Unnecessary Lands and Buildings​7/1/2018
24 P.S. 7-707Purdon's StatutesThis BEC concerns the sale or lease of school facilities that are receiving Commonwealth reimbursement for debt service or authority rental payments. When a building is sold by a school district, reimbursement by the Commonwealth ceases. The school district must notify the Department of Education (PDE) of any sale of school facilities
School Construction Reimbursement Criteria​7/1/2018
24 P.S. 7-733Purdon's StatutesThe purpose of this BEC is to clarify existing policies governing re­quests for school construction reimbursement
School Immunization Requirements​9/8/2017
24 P.S. 13-1303aPurdon's StatutesThe Pennsylvania Department of Health promulgates immunization regulations (28 Pa. Code §§23.81-87) which require parents of those students enrolled in grades K-12 to have their children immunized against various communicable diseases
Services From The Office of Chief Counsel Pennsylvania Department of Education​7/1/2007
71 P.S. Section 732-301Purdon's StatutesIn certain circumstances, school districts and intermediate units may request an opinion from the Office of Chief Counsel
Services to Nonpublic School Students​11/1/2009
22 Pa Code Chapter 15PA CodeIssues concerning the provision of Chapter 15 services to ""protected handicapped students"" enrolled in private, nonpublic schools
Special Education Compliance​11/30/2009
22 Pa Code 14.102(a)(4)PA CodeResponsibility for developing and maintaining a system that ensures that each student with a disability receives a free appropriate public education and that each family has access to a system of procedural safeguards.
​Special Education FAPE and One-to-One Support Obligations for Students with Disabilities​8/1/2015
​34 CFR 300.101 and 104.33​Federal Code​This BEC clarifies that the Local Educational Agency (LEA) is ultimately responsible for the provision of special education and related services for every student with a disability under the Individuals with Disabilities Education Act (IDEA) and Section 504 of the Rehabilitation Act of 1973. It describes the responsibilities of the LEA to provide special education and related services including one-to-one support for students with disabilities.
Special Education Services to Nonpublic School Students​Expired on 6/30/2005
34 CFR 300.403Federal CodeClarification concerning the provision of special education services to students enrolled in private, nonpublic schools
Student Records Being Retained by a Private School​7/1/2002
22 Pa Code 12.31PA CodePrivate school temporarily retains the student's records pending resolution of an infraction of the private school's policies or a contractual dispute with a parent or guardian
Subsidy Payments on Closed , Repurposed, and Reconfigured School Buildings​7/1/2018
22 Pa Code 349.28PA CodeUpon receipt of justification, authorize the continuation of school construction reimbursement payments if the closed school building is used
Surrogate Parents​7/1/2019
20 U.S.C. §141US CodeThe purpose of this Basic Educational Circular is to provide guidance regarding the duty of the Local Education Agency (LEA) to appoint a surrogate parent. A surrogate parent is defined as a person who acts in the place of the parent to make educational decisions on behalf of a child with a disability in all matters relating to the identification, evaluation, educational placement, and provision of a free appropriate public education (FAPE).
​Suspension (Furlough) of Professional Employees; Alteration and/or Curtailment of Programs
​6/1/2023
​24 P.S. §11-1124
​Purdon's Statutes
​Section 1124 of the School Code provides that: Any board of school directors may suspend the necessary number of professional employees, for any of the causes herein enumerated
Transfer of Entities​7/1/2001
24 PS 11-1113Purdon's StatutesQuestions about 1113 and 1418 and the Department's response to those questions.
Transfer of Records​7/1/2002
24 P.S. 19-1926Purdon's StatutesEducational programs in state-operated institutions for delinquent youth operate under the authority of the Pennsylvania Department of Education and are considered to be public schools
Transportation to Approved Private Schools​7/1/2000
24 P.S. 13-1374Purdon's StatutesSection 1374 of the Public School Code of 1949 governs transportation of exceptional students, including the transportation of eligible children to approved private schools
​Use of Restraints for Students with Disabilities​6/1/2016
​22 Pa. Code §§ 14.133; 711.46; 10.25
​PA Code​This BEC provides guidance regarding the definition and use of restraints in special education regulations, the IEP, and reporting requirements related to the use of restraints.
Violations of Background Checks​8/6/2009
24 P.S. 1-111Purdon's StatutesThe purpose of this circular is to inform you of procedures that will be followed by the Department of Education's School Services Unit when investigating alleged violations of 24 P.S. §1-111.
Voter Registration As Part Of Implementation of Chapter 15​7/1/2009
25 Pa. C.S.A. 1101 et seq.Purdon's StatutesThis BEC is designed to supplement BEC 22 Pa. Code Chapter 15 (relating to implementation of Chapter 15), which addresses the responsibility of school districts to comply with the requirements of Section 504 of the Rehabilitation Act of 1973 and its implementing regulations at 34 CFR Part 104 (relating to non-discrimination on the basis of handicap in programs and activities receiving federal financial assistance).
Voter Registration As Part Of Transition To Adult Life​7/1/2009
25 Pa. C.S.A. 1101 et seq.Purdon's StatutesThis BEC is designed to provide additional direction for Local Educational Agencies (LEAs) regarding their duty to address voter registration opportunities as part of an eligible student's transition to adult life",Academic Programs,state,t,,,2025-03-12 21:17:06.003,2025-03-12 21:16:20.485,,,,https://www.education.pa.gov/Policy-Funding/BECS/PACode/Pages/default.aspx,paEducation,,paEducation,https://www.education.pa.gov/Policy-Funding/BECS/PACode/Pages/default.aspx,,,,,,,,,,,"[{""url"": ""https://www.education.pa.gov/Policy-Funding/BECS/PACode/Pages/default.aspx"", ""type"": ""web-scrape"", ""lastChecked"": ""2025-03-12T21:16:20.485Z""}]",3,4849,2025-03-12 20:57:54.878955,,t,,PA,paEducation,"[{""type"": ""attestation"", ""status"": ""pending"", ""enabled"": true, ""required"": false}, {""type"": ""website_publish"", ""status"": ""pending"", ""enabled"": true, ""required"": false}, {""type"": ""community_communication"", ""status"": ""pending"", ""enabled"": true, ""required"": false}, {""type"": ""agency_submission"", ""status"": ""pending"", ""enabled"": true, ""required"": false}]","",,
